"../../../Engine/Plugins/2D/Paper2D/Content/PlaceholderTextures/DummySpriteTexture.ubulk" 0
"../../../Engine/Plugins/2D/Paper2D/Content/PlaceholderTextures/DummySpriteTexture.uasset" 1
"../../../Engine/Plugins/2D/Paper2D/Content/PlaceholderTextures/DummySpriteTexture.uexp" 2
"../../../Engine/Plugins/2D/Paper2D/Content/DummySprite.uasset" 3
"../../../Engine/Plugins/2D/Paper2D/Content/DummySprite.uexp" 4
"../../../Engine/Plugins/2D/Paper2D/Content/DefaultPaperTerrainMaterial.uasset" 5
"../../../Engine/Plugins/2D/Paper2D/Content/DefaultPaperTerrainMaterial.uexp" 6
"../../../Engine/Content/EngineSounds/Master.uasset" 7
"../../../Engine/Content/EngineSounds/Master.uexp" 8
"../../../Engine/Content/EngineMaterials/DefaultPhysicalMaterial.uasset" 9
"../../../Engine/Content/EngineMaterials/DefaultPhysicalMaterial.uexp" 10
"../../../Engine/Content/EngineMaterials/DefaultDestructiblePhysicalMaterial.uasset" 11
"../../../Engine/Content/EngineMaterials/DefaultDestructiblePhysicalMaterial.uexp" 12
"../../../Engine/Content/EngineFonts/Faces/DroidSansFallback.uexp" 13
"../../../Engine/Content/EngineFonts/Faces/DroidSansFallback.uasset" 14
"../../../Engine/Content/EngineFonts/Faces/DroidSansFallback.ufont" 15
"../../../Engine/Content/EngineFonts/Faces/RobotoRegular.uexp" 16
"../../../Engine/Content/EngineFonts/Faces/RobotoRegular.uasset" 17
"../../../Engine/Content/EngineFonts/Faces/RobotoRegular.ufont" 18
"../../../Engine/Content/EngineFonts/Faces/RobotoBold.uexp" 19
"../../../Engine/Content/EngineFonts/Faces/RobotoBold.uasset" 20
"../../../Engine/Content/EngineFonts/Faces/RobotoBold.ufont" 21
"../../../Engine/Content/EngineFonts/Faces/RobotoBoldItalic.uexp" 22
"../../../Engine/Content/EngineFonts/Faces/RobotoBoldItalic.uasset" 23
"../../../Engine/Content/EngineFonts/Faces/RobotoBoldItalic.ufont" 24
"../../../Engine/Content/EngineFonts/Faces/RobotoItalic.uexp" 25
"../../../Engine/Content/EngineFonts/Faces/RobotoItalic.uasset" 26
"../../../Engine/Content/EngineFonts/Faces/RobotoItalic.ufont" 27
"../../../Engine/Content/EngineFonts/Faces/RobotoLight.uexp" 28
"../../../Engine/Content/EngineFonts/Faces/RobotoLight.uasset" 29
"../../../Engine/Content/EngineFonts/Faces/RobotoLight.ufont" 30
"../../../Engine/Content/EngineFonts/Roboto.uasset" 31
"../../../Engine/Content/EngineFonts/Roboto.uexp" 32
"../../../Engine/Content/EngineFonts/Faces/DroidSansMono.uexp" 33
"../../../Engine/Content/EngineFonts/Faces/DroidSansMono.uasset" 34
"../../../Engine/Content/EngineFonts/Faces/DroidSansMono.ufont" 35
"../../../Engine/Content/EngineFonts/DroidSansMono.uasset" 36
"../../../Engine/Content/EngineFonts/DroidSansMono.uexp" 37
"../../../Engine/Plugins/Interchange/Runtime/Content/Pipelines/DefaultTexturePipeline.uasset" 38
"../../../Engine/Plugins/Interchange/Runtime/Content/Pipelines/DefaultTexturePipeline.uexp" 39
"../../../Engine/Plugins/Interchange/Runtime/Content/Pipelines/DefaultSceneLevelPipeline.uasset" 40
"../../../Engine/Plugins/Interchange/Runtime/Content/Pipelines/DefaultSceneLevelPipeline.uexp" 41
"../../../Engine/Plugins/Interchange/Runtime/Content/Pipelines/DefaultSceneAssetsPipeline.uasset" 42
"../../../Engine/Plugins/Interchange/Runtime/Content/Pipelines/DefaultSceneAssetsPipeline.uexp" 43
"../../../Engine/Plugins/Interchange/Runtime/Content/Pipelines/DefaultMaterialXPipeline.uasset" 44
"../../../Engine/Plugins/Interchange/Runtime/Content/Pipelines/DefaultMaterialXPipeline.uexp" 45
"../../../Engine/Plugins/Interchange/Runtime/Content/Pipelines/DefaultMaterialPipeline.uasset" 46
"../../../Engine/Plugins/Interchange/Runtime/Content/Pipelines/DefaultMaterialPipeline.uexp" 47
"../../../Engine/Plugins/Interchange/Runtime/Content/Pipelines/DefaultGLTFSceneAssetsPipeline.uasset" 48
"../../../Engine/Plugins/Interchange/Runtime/Content/Pipelines/DefaultGLTFSceneAssetsPipeline.uexp" 49
"../../../Engine/Plugins/Interchange/Runtime/Content/Pipelines/DefaultGLTFPipeline.uasset" 50
"../../../Engine/Plugins/Interchange/Runtime/Content/Pipelines/DefaultGLTFPipeline.uexp" 51
"../../../Engine/Plugins/Interchange/Runtime/Content/Pipelines/DefaultGLTFAssetsPipeline.uasset" 52
"../../../Engine/Plugins/Interchange/Runtime/Content/Pipelines/DefaultGLTFAssetsPipeline.uexp" 53
"../../../Engine/Plugins/Interchange/Runtime/Content/Pipelines/DefaultAssetsPipeline.uasset" 54
"../../../Engine/Plugins/Interchange/Runtime/Content/Pipelines/DefaultAssetsPipeline.uexp" 55
"../../../Engine/Plugins/Animation/ControlRig/Content/Controls/DefaultGizmoLibrary.uasset" 56
"../../../Engine/Plugins/Animation/ControlRig/Content/Controls/DefaultGizmoLibrary.uexp" 57
"../../../Engine/Content/EngineResources/GradientTexture0.uasset" 58
"../../../Engine/Content/EngineResources/GradientTexture0.uexp" 59
"../../../Engine/Content/EditorResources/S_Actor.ubulk" 60
"../../../Engine/Content/EditorResources/S_Actor.uasset" 61
"../../../Engine/Content/EditorResources/S_Actor.uexp" 62
"../../../Engine/Content/EngineResources/DefaultTexture.ubulk" 63
"../../../Engine/Content/EngineResources/DefaultTexture.uasset" 64
"../../../Engine/Content/EngineResources/DefaultTexture.uexp" 65
"../../../Engine/Plugins/Runtime/AR/AppleAR/AppleARKit/Content/M_SceneDepthOcclusion.uasset" 66
"../../../Engine/Plugins/Runtime/AR/AppleAR/AppleARKit/Content/M_SceneDepthOcclusion.uexp" 67
"../../../Engine/Plugins/NNE/NNEDenoiser/Content/NNEDTOM_Output_Default.uasset" 68
"../../../Engine/Plugins/NNE/NNEDenoiser/Content/NNEDTOM_Output_Default.uexp" 69
"../../../Engine/Plugins/NNE/NNEDenoiser/Content/NNEDTOM_Output_Alpha.uasset" 70
"../../../Engine/Plugins/NNE/NNEDenoiser/Content/NNEDTOM_Output_Alpha.uexp" 71
"../../../Engine/Plugins/NNE/NNEDenoiser/Content/NNEDTIM_ColorAlbedoNormal_Default.uasset" 72
"../../../Engine/Plugins/NNE/NNEDenoiser/Content/NNEDTIM_ColorAlbedoNormal_Default.uexp" 73
"../../../Engine/Plugins/NNE/NNEDenoiser/Content/NNEDTIM_ColorAlbedoNormal_Alpha.uasset" 74
"../../../Engine/Plugins/NNE/NNEDenoiser/Content/NNEDTIM_ColorAlbedoNormal_Alpha.uexp" 75
"../../../Engine/Plugins/NNE/NNEDenoiser/Content/NNEDOM_Output_Default.uasset" 76
"../../../Engine/Plugins/NNE/NNEDenoiser/Content/NNEDOM_Output_Default.uexp" 77
"../../../Engine/Plugins/NNE/NNEDenoiser/Content/NNEDOM_Output_Alpha.uasset" 78
"../../../Engine/Plugins/NNE/NNEDenoiser/Content/NNEDOM_Output_Alpha.uexp" 79
"../../../Engine/Plugins/NNE/NNEDenoiser/Content/NNEDIM_HighQuality_Default.uasset" 80
"../../../Engine/Plugins/NNE/NNEDenoiser/Content/NNEDIM_HighQuality_Default.uexp" 81
"../../../Engine/Plugins/NNE/NNEDenoiser/Content/NNEDIM_HighQuality_Alpha.uasset" 82
"../../../Engine/Plugins/NNE/NNEDenoiser/Content/NNEDIM_HighQuality_Alpha.uexp" 83
"../../../Engine/Plugins/NNE/NNEDenoiser/Content/NNEDIM_ColorAlbedoNormal_Default.uasset" 84
"../../../Engine/Plugins/NNE/NNEDenoiser/Content/NNEDIM_ColorAlbedoNormal_Default.uexp" 85
"../../../Engine/Plugins/NNE/NNEDenoiser/Content/NNEDIM_ColorAlbedoNormal_Alpha.uasset" 86
"../../../Engine/Plugins/NNE/NNEDenoiser/Content/NNEDIM_ColorAlbedoNormal_Alpha.uexp" 87
"../../../Engine/Content/Functions/Engine_MaterialFunctions02/WorldPositionOffset/CameraOffset.uasset" 88
"../../../Engine/Content/Functions/Engine_MaterialFunctions02/WorldPositionOffset/CameraOffset.uexp" 89
"../../../Engine/Plugins/Animation/ControlRig/Content/M_Manip.uasset" 90
"../../../Engine/Plugins/Animation/ControlRig/Content/M_Manip.uexp" 91
"../../../Engine/Content/EditorLandscapeResources/WhiteSquareTexture.uasset" 92
"../../../Engine/Content/EditorLandscapeResources/WhiteSquareTexture.uexp" 93
"../../../Engine/Content/EditorLandscapeResources/LayerVisMaterial.uasset" 94
"../../../Engine/Content/EditorLandscapeResources/LayerVisMaterial.uexp" 95
"../../../Engine/Content/Functions/Engine_MaterialFunctions02/Utility/BreakOutFloat2Components.uasset" 96
"../../../Engine/Content/Functions/Engine_MaterialFunctions02/Utility/BreakOutFloat2Components.uexp" 97
"../../../Engine/Content/Functions/Engine_MaterialFunctions01/Texturing/ScaleUVsByCenter.uasset" 98
"../../../Engine/Content/Functions/Engine_MaterialFunctions01/Texturing/ScaleUVsByCenter.uexp" 99
"../../../Engine/Content/Functions/Engine_MaterialFunctions02/WorldPositionOffset/LocalPosition.uasset" 100
"../../../Engine/Content/Functions/Engine_MaterialFunctions02/WorldPositionOffset/LocalPosition.uexp" 101
"../../../Engine/Content/EngineMaterials/DefaultDiffuse.ubulk" 102
"../../../Engine/Content/EngineMaterials/DefaultDiffuse.uasset" 103
"../../../Engine/Content/EngineMaterials/DefaultDiffuse.uexp" 104
"../../../Engine/Content/Functions/Engine_MaterialFunctions01/Texturing/TextureCropping.uasset" 105
"../../../Engine/Content/Functions/Engine_MaterialFunctions01/Texturing/TextureCropping.uexp" 106
"../../../Engine/Content/Functions/Engine_MaterialFunctions02/ExampleContent/DebugNumberStrip.uasset" 107
"../../../Engine/Content/Functions/Engine_MaterialFunctions02/ExampleContent/DebugNumberStrip.uexp" 108
"../../../Engine/Content/Functions/Engine_MaterialFunctions01/Debug/DebugIntValues.uasset" 109
"../../../Engine/Content/Functions/Engine_MaterialFunctions01/Debug/DebugIntValues.uexp" 110
"../../../Engine/Content/EditorLandscapeResources/LandscapeLayerUsageMaterial.uasset" 111
"../../../Engine/Content/EditorLandscapeResources/LandscapeLayerUsageMaterial.uexp" 112
"../../../Engine/Content/EditorLandscapeResources/DefaultAlphaTexture.uasset" 113
"../../../Engine/Content/EditorLandscapeResources/DefaultAlphaTexture.uexp" 114
"../../../Engine/Content/EditorLandscapeResources/LandscapeDirtyMaterial.uasset" 115
"../../../Engine/Content/EditorLandscapeResources/LandscapeDirtyMaterial.uexp" 116
"../../../Engine/Content/BasicShapes/BasicShapeMaterial.uasset" 117
"../../../Engine/Content/BasicShapes/BasicShapeMaterial.uexp" 118
"../../../Engine/Content/EngineMaterials/RemoveSurfaceMaterial.uasset" 119
"../../../Engine/Content/EngineMaterials/RemoveSurfaceMaterial.uexp" 120
"../../../Engine/Content/EngineMaterials/PreintegratedSkinBRDF.uasset" 121
"../../../Engine/Content/EngineMaterials/PreintegratedSkinBRDF.uexp" 122
"../../../Engine/Content/EngineMaterials/DefaultCalibrationGrayscale.uasset" 123
"../../../Engine/Content/EngineMaterials/DefaultCalibrationGrayscale.uexp" 124
"../../../Engine/Content/EngineMaterials/PPM_DefaultCalibrationGrayscale.uasset" 125
"../../../Engine/Content/EngineMaterials/PPM_DefaultCalibrationGrayscale.uexp" 126
"../../../Engine/Content/EngineMaterials/DefaultCalibrationColor.uasset" 127
"../../../Engine/Content/EngineMaterials/DefaultCalibrationColor.uexp" 128
"../../../Engine/Content/EngineMaterials/PPM_DefaultCalibrationColor.uasset" 129
"../../../Engine/Content/EngineMaterials/PPM_DefaultCalibrationColor.uexp" 130
"../../../Engine/Content/EngineMaterials/PhAT_JointLimitMaterial.uasset" 131
"../../../Engine/Content/EngineMaterials/PhAT_JointLimitMaterial.uexp" 132
"../../../Engine/Content/EngineMaterials/NaniteHiddenSectionMaterial.uasset" 133
"../../../Engine/Content/EngineMaterials/NaniteHiddenSectionMaterial.uexp" 134
"../../../Engine/Content/EngineMaterials/InvalidLightmapSettings.ubulk" 135
"../../../Engine/Content/EngineMaterials/InvalidLightmapSettings.uasset" 136
"../../../Engine/Content/EngineMaterials/InvalidLightmapSettings.uexp" 137
"../../../Engine/Content/EngineMaterials/M_InvalidLightmapSettings.uasset" 138
"../../../Engine/Content/EngineMaterials/M_InvalidLightmapSettings.uexp" 139
"../../../Engine/Content/EngineMaterials/MiniFont.uasset" 140
"../../../Engine/Content/EngineMaterials/MiniFont.uexp" 141
"../../../Engine/Content/EngineMaterials/GizmoMaterial.uasset" 142
"../../../Engine/Content/EngineMaterials/GizmoMaterial.uexp" 143
"../../../Engine/Content/EngineMaterials/Black_1x1_EXR_Texture_VT.ubulk" 144
"../../../Engine/Content/EngineMaterials/Black_1x1_EXR_Texture_VT.uasset" 145
"../../../Engine/Content/EngineMaterials/Black_1x1_EXR_Texture_VT.uexp" 146
"../../../Engine/Content/EngineMaterials/BaseFlattenNormalMap_VT.ubulk" 147
"../../../Engine/Content/EngineMaterials/BaseFlattenNormalMap_VT.uasset" 148
"../../../Engine/Content/EngineMaterials/BaseFlattenNormalMap_VT.uexp" 149
"../../../Engine/Content/EngineMaterials/BaseFlattenLinearColor_VT.ubulk" 150
"../../../Engine/Content/EngineMaterials/BaseFlattenLinearColor_VT.uasset" 151
"../../../Engine/Content/EngineMaterials/BaseFlattenLinearColor_VT.uexp" 152
"../../../Engine/Content/EngineMaterials/BaseFlattenDiffuseMap_VT.ubulk" 153
"../../../Engine/Content/EngineMaterials/BaseFlattenDiffuseMap_VT.uasset" 154
"../../../Engine/Content/EngineMaterials/BaseFlattenDiffuseMap_VT.uexp" 155
"../../../Engine/Content/EngineMaterials/BaseFlattenEmissiveMap_VT.ubulk" 156
"../../../Engine/Content/EngineMaterials/BaseFlattenEmissiveMap_VT.uasset" 157
"../../../Engine/Content/EngineMaterials/BaseFlattenEmissiveMap_VT.uexp" 158
"../../../Engine/Content/EngineMaterials/BaseFlattenGrayscaleMap_VT.ubulk" 159
"../../../Engine/Content/EngineMaterials/BaseFlattenGrayscaleMap_VT.uasset" 160
"../../../Engine/Content/EngineMaterials/BaseFlattenGrayscaleMap_VT.uexp" 161
"../../../Engine/Content/EngineMaterials/FlattenMaterial_WS_Normal_VT.uasset" 162
"../../../Engine/Content/EngineMaterials/FlattenMaterial_WS_Normal_VT.uexp" 163
"../../../Engine/Content/EngineMaterials/FlattenMaterial_VT.uasset" 164
"../../../Engine/Content/EngineMaterials/FlattenMaterial_VT.uexp" 165
"../../../Engine/Content/EngineMaterials/BaseFlattenLinearColor.uasset" 166
"../../../Engine/Content/EngineMaterials/BaseFlattenLinearColor.uexp" 167
"../../../Engine/Content/EngineMaterials/BaseFlattenNormalMap.uasset" 168
"../../../Engine/Content/EngineMaterials/BaseFlattenNormalMap.uexp" 169
"../../../Engine/Content/EngineMaterials/BaseFlattenDiffuseMap.uasset" 170
"../../../Engine/Content/EngineMaterials/BaseFlattenDiffuseMap.uexp" 171
"../../../Engine/Content/EngineMaterials/BaseFlattenEmissiveMap.uasset" 172
"../../../Engine/Content/EngineMaterials/BaseFlattenEmissiveMap.uexp" 173
"../../../Engine/Content/EngineMaterials/BaseFlattenGrayscaleMap.uasset" 174
"../../../Engine/Content/EngineMaterials/BaseFlattenGrayscaleMap.uexp" 175
"../../../Engine/Content/Functions/Engine_MaterialFunctions02/PivotPainter2/Black_1x1_EXR_Texture.uasset" 176
"../../../Engine/Content/Functions/Engine_MaterialFunctions02/PivotPainter2/Black_1x1_EXR_Texture.uexp" 177
"../../../Engine/Content/EngineMaterials/FlattenMaterial.uasset" 178
"../../../Engine/Content/EngineMaterials/FlattenMaterial.uexp" 179
"../../../Engine/Content/EngineMaterials/FastBlueNoise_vec2_128x128x64.uasset" 180
"../../../Engine/Content/EngineMaterials/FastBlueNoise_vec2_128x128x64.uexp" 181
"../../../Engine/Content/EngineMaterials/FastBlueNoise_scalar_128x128x8.uasset" 182
"../../../Engine/Content/EngineMaterials/FastBlueNoise_scalar_128x128x8.uexp" 183
"../../../Engine/Content/EngineMaterials/FastBlueNoise_scalar_128x128x64.uasset" 184
"../../../Engine/Content/EngineMaterials/FastBlueNoise_scalar_128x128x64.uexp" 185
"../../../Engine/Content/EngineMaterials/DefaultWhiteGrid_Low.uasset" 186
"../../../Engine/Content/EngineMaterials/DefaultWhiteGrid_Low.uexp" 187
"../../../Engine/Content/EngineMaterials/EmissiveMeshMaterial.uasset" 188
"../../../Engine/Content/EngineMaterials/EmissiveMeshMaterial.uexp" 189
"../../../Engine/Content/EngineFonts/RobotoDistanceField.uasset" 190
"../../../Engine/Content/EngineFonts/RobotoDistanceField.uexp" 191
"../../../Engine/Content/EngineMaterials/DefaultTextMaterialOpaque.uasset" 192
"../../../Engine/Content/EngineMaterials/DefaultTextMaterialOpaque.uexp" 193
"../../../Engine/Content/EngineMaterials/DefaultPostProcessMaterial.uasset" 194
"../../../Engine/Content/EngineMaterials/DefaultPostProcessMaterial.uexp" 195
"../../../Engine/Content/EngineMaterials/DefaultLightFunctionMaterial.uasset" 196
"../../../Engine/Content/EngineMaterials/DefaultLightFunctionMaterial.uexp" 197
"../../../Engine/Content/EngineMaterials/DefaultDeferredDecalMaterial.uasset" 198
"../../../Engine/Content/EngineMaterials/DefaultDeferredDecalMaterial.uexp" 199
"../../../Engine/Content/EngineMaterials/DefaultBokeh.uasset" 200
"../../../Engine/Content/EngineMaterials/DefaultBokeh.uexp" 201
"../../../Engine/Content/EngineMaterials/DefaultBloomKernel.uasset" 202
"../../../Engine/Content/EngineMaterials/DefaultBloomKernel.uexp" 203
"../../../Engine/Content/Functions/Engine_MaterialFunctions02/Utility/CameraDirectionVector.uasset" 204
"../../../Engine/Content/Functions/Engine_MaterialFunctions02/Utility/CameraDirectionVector.uexp" 205
"../../../Engine/Content/EngineDebugMaterials/VolumeToRender.uasset" 206
"../../../Engine/Content/EngineDebugMaterials/VolumeToRender.uexp" 207
"../../../Engine/Content/EngineDebugMaterials/M_VolumeRenderSphereTracePP.uasset" 208
"../../../Engine/Content/EngineDebugMaterials/M_VolumeRenderSphereTracePP.uexp" 209
"../../../Engine/Content/EngineDebugMaterials/M_SimpleUnlitTranslucent.uasset" 210
"../../../Engine/Content/EngineDebugMaterials/M_SimpleUnlitTranslucent.uexp" 211
"../../../Engine/Content/EngineDebugMaterials/DebugMeshMaterial.uasset" 212
"../../../Engine/Content/EngineDebugMaterials/DebugMeshMaterial.uexp" 213
"../../../Engine/Content/EngineDebugMaterials/DebugEditorMaterial.uasset" 214
"../../../Engine/Content/EngineDebugMaterials/DebugEditorMaterial.uexp" 215
"../../../Engine/Content/EngineDamageTypes/DmgTypeBP_Environmental.uasset" 216
"../../../Engine/Content/EngineDamageTypes/DmgTypeBP_Environmental.uexp" 217
"../../../Engine/Content/EditorResources/S_TriggerSphere.uasset" 218
"../../../Engine/Content/EditorResources/S_TriggerSphere.uexp" 219
"../../../Engine/Content/EditorResources/S_TriggerCapsule.uasset" 220
"../../../Engine/Content/EditorResources/S_TriggerCapsule.uexp" 221
"../../../Engine/Content/EditorResources/S_TriggerBox.uasset" 222
"../../../Engine/Content/EditorResources/S_TriggerBox.uexp" 223
"../../../Engine/Content/EditorResources/S_Trigger.ubulk" 224
"../../../Engine/Content/EditorResources/S_Trigger.uasset" 225
"../../../Engine/Content/EditorResources/S_Trigger.uexp" 226
"../../../Engine/Content/EditorResources/S_Terrain.ubulk" 227
"../../../Engine/Content/EditorResources/S_Terrain.uasset" 228
"../../../Engine/Content/EditorResources/S_Terrain.uexp" 229
"../../../Engine/Content/EditorResources/S_Solver.ubulk" 230
"../../../Engine/Content/EditorResources/S_Solver.uasset" 231
"../../../Engine/Content/EditorResources/S_Solver.uexp" 232
"../../../Engine/Content/EditorResources/S_BoxReflectionCapture.uasset" 233
"../../../Engine/Content/EditorResources/S_BoxReflectionCapture.uexp" 234
"../../../Engine/Content/EditorResources/BSPVertex.uasset" 235
"../../../Engine/Content/EditorResources/BSPVertex.uexp" 236
"../../../Engine/Content/EditorMaterials/PreviewShadowIndicator.ubulk" 237
"../../../Engine/Content/EditorMaterials/PreviewShadowIndicator.uasset" 238
"../../../Engine/Content/EditorMaterials/PreviewShadowIndicator.uexp" 239
"../../../Engine/Content/EditorMaterials/PreviewShadowIndicatorMaterial.uasset" 240
"../../../Engine/Content/EditorMaterials/PreviewShadowIndicatorMaterial.uexp" 241
"../../../Engine/Content/EditorMaterials/PhAT_UnselectedMaterial.uasset" 242
"../../../Engine/Content/EditorMaterials/PhAT_UnselectedMaterial.uexp" 243
"../../../Engine/Content/EditorMaterials/PhAT_NoCollisionMaterial.uasset" 244
"../../../Engine/Content/EditorMaterials/PhAT_NoCollisionMaterial.uexp" 245
"../../../Engine/Plugins/VirtualProduction/CameraCalibrationCore/Content/Materials/M_DefaultOddSquare.uasset" 246
"../../../Engine/Plugins/VirtualProduction/CameraCalibrationCore/Content/Materials/M_DefaultOddSquare.uexp" 247
"../../../Engine/Plugins/VirtualProduction/CameraCalibrationCore/Content/Materials/M_DefaultEvenSquare.uasset" 248
"../../../Engine/Plugins/VirtualProduction/CameraCalibrationCore/Content/Materials/M_DefaultEvenSquare.uexp" 249
"../../../Engine/Plugins/Runtime/HairStrands/Content/Materials/HairMeshesDefaultMaterial.uasset" 250
"../../../Engine/Plugins/Runtime/HairStrands/Content/Materials/HairMeshesDefaultMaterial.uexp" 251
"../../../Engine/Plugins/Runtime/HairStrands/Content/Materials/HairDefaultMaterial.uasset" 252
"../../../Engine/Plugins/Runtime/HairStrands/Content/Materials/HairDefaultMaterial.uexp" 253
"../../../Engine/Content/Functions/Engine_MaterialFunctions02/Utility/MakeFloat2.uasset" 254
"../../../Engine/Content/Functions/Engine_MaterialFunctions02/Utility/MakeFloat2.uexp" 255
"../../../Engine/Content/Functions/Engine_MaterialFunctions02/Utility/MakeFloat3.uasset" 256
"../../../Engine/Content/Functions/Engine_MaterialFunctions02/Utility/MakeFloat3.uexp" 257
"../../../Engine/Content/EngineMaterials/HairDebugColor.uasset" 258
"../../../Engine/Content/EngineMaterials/HairDebugColor.uexp" 259
"../../../Engine/Content/EngineMaterials/HairColorMap.uasset" 260
"../../../Engine/Content/EngineMaterials/HairColorMap.uexp" 261
"../../../Engine/Plugins/Runtime/HairStrands/Content/Materials/HairGroupColors.uasset" 262
"../../../Engine/Plugins/Runtime/HairStrands/Content/Materials/HairGroupColors.uexp" 263
"../../../Engine/Plugins/Runtime/HairStrands/Content/Materials/HairDebugMaterial.uasset" 264
"../../../Engine/Plugins/Runtime/HairStrands/Content/Materials/HairDebugMaterial.uexp" 265
"../../../Engine/Plugins/Runtime/HairStrands/Content/Materials/HairCardsDefaultMaterial.uasset" 266
"../../../Engine/Plugins/Runtime/HairStrands/Content/Materials/HairCardsDefaultMaterial.uexp" 267
"../../../Engine/Plugins/Runtime/AudioWidgets/Content/Resources/ScrubHandleDown_Clamped.uasset" 268
"../../../Engine/Plugins/Runtime/AudioWidgets/Content/Resources/ScrubHandleDown_Clamped.uexp" 269
"../../../Engine/Plugins/Runtime/AR/ARUtilities/Content/Materials/DummyExternalTexture.uasset" 270
"../../../Engine/Plugins/Runtime/AR/ARUtilities/Content/Materials/DummyExternalTexture.uexp" 271
"../../../Engine/Plugins/Runtime/AR/ARUtilities/Content/Materials/M_PassthroughCamera.uasset" 272
"../../../Engine/Plugins/Runtime/AR/ARUtilities/Content/Materials/M_PassthroughCamera.uexp" 273
"../../../Engine/Plugins/Runtime/AR/ARUtilities/Content/Materials/MF_DistanceColorLerp.uasset" 274
"../../../Engine/Plugins/Runtime/AR/ARUtilities/Content/Materials/MF_DistanceColorLerp.uexp" 275
"../../../Engine/Plugins/Runtime/AR/ARUtilities/Content/Materials/M_DepthColoration.uasset" 276
"../../../Engine/Plugins/Runtime/AR/ARUtilities/Content/Materials/M_DepthColoration.uexp" 277
"../../../Engine/Plugins/Interchange/Assets/Content/Functions/MX_UsdPreviewSurface.uasset" 278
"../../../Engine/Plugins/Interchange/Assets/Content/Functions/MX_UsdPreviewSurface.uexp" 279
"../../../Engine/Plugins/Interchange/Assets/Content/Functions/MX_UniformEDF.uasset" 280
"../../../Engine/Plugins/Interchange/Assets/Content/Functions/MX_UniformEDF.uexp" 281
"../../../Engine/Plugins/Interchange/Assets/Content/Functions/MX_TranslucentBSDF.uasset" 282
"../../../Engine/Plugins/Interchange/Assets/Content/Functions/MX_TranslucentBSDF.uexp" 283
"../../../Engine/Plugins/Interchange/Assets/Content/Functions/MX_ThinFilmBSDF.uasset" 284
"../../../Engine/Plugins/Interchange/Assets/Content/Functions/MX_ThinFilmBSDF.uexp" 285
"../../../Engine/Plugins/Interchange/Assets/Content/Functions/MX_SurfaceUnlit.uasset" 286
"../../../Engine/Plugins/Interchange/Assets/Content/Functions/MX_SurfaceUnlit.uexp" 287
"../../../Engine/Plugins/Interchange/Assets/Content/Functions/MX_Surface.uasset" 288
"../../../Engine/Plugins/Interchange/Assets/Content/Functions/MX_Surface.uexp" 289
"../../../Engine/Plugins/Interchange/Assets/Content/Functions/MX_SubsurfaceBSDF.uasset" 290
"../../../Engine/Plugins/Interchange/Assets/Content/Functions/MX_SubsurfaceBSDF.uexp" 291
"../../../Engine/Plugins/Interchange/Assets/Content/Functions/MX_SheenBSDF.uasset" 292
"../../../Engine/Plugins/Interchange/Assets/Content/Functions/MX_SheenBSDF.uexp" 293
"../../../Engine/Plugins/Interchange/Assets/Content/Functions/MX_OrenNayarBSDF.uasset" 294
"../../../Engine/Plugins/Interchange/Assets/Content/Functions/MX_OrenNayarBSDF.uexp" 295
"../../../Engine/Plugins/Interchange/Assets/Content/Functions/MF_IridescenceNoLUT.uasset" 296
"../../../Engine/Plugins/Interchange/Assets/Content/Functions/MF_IridescenceNoLUT.uexp" 297
"../../../Engine/Plugins/Interchange/Assets/Content/Functions/MX_StandardSurface.uasset" 298
"../../../Engine/Plugins/Interchange/Assets/Content/Functions/MX_StandardSurface.uexp" 299
"../../../Engine/Plugins/Interchange/Assets/Content/Functions/MX_TransmissionSurface.uasset" 300
"../../../Engine/Plugins/Interchange/Assets/Content/Functions/MX_TransmissionSurface.uexp" 301
"../../../Engine/Plugins/Interchange/Assets/Content/Functions/MX_OpenPBR_Translucent.uasset" 302
"../../../Engine/Plugins/Interchange/Assets/Content/Functions/MX_OpenPBR_Translucent.uexp" 303
"../../../Engine/Plugins/Interchange/Assets/Content/Functions/MX_OpenPBR_Opaque.uasset" 304
"../../../Engine/Plugins/Interchange/Assets/Content/Functions/MX_OpenPBR_Opaque.uexp" 305
"../../../Engine/Plugins/Interchange/Assets/Content/Functions/MX_MeasuredEDF.uasset" 306
"../../../Engine/Plugins/Interchange/Assets/Content/Functions/MX_MeasuredEDF.uexp" 307
"../../../Engine/Plugins/Interchange/Assets/Content/Functions/MX_GeneralizedSchlickBSDF.uasset" 308
"../../../Engine/Plugins/Interchange/Assets/Content/Functions/MX_GeneralizedSchlickBSDF.uexp" 309
"../../../Engine/Content/Functions/Engine_MaterialFunctions02/Utility/BlendAngleCorrectedNormals.uasset" 310
"../../../Engine/Content/Functions/Engine_MaterialFunctions02/Utility/BlendAngleCorrectedNormals.uexp" 311
"../../../Engine/Plugins/Interchange/Assets/Content/Functions/MX_Displacement.uasset" 312
"../../../Engine/Plugins/Interchange/Assets/Content/Functions/MX_Displacement.uexp" 313
"../../../Engine/Plugins/Interchange/Assets/Content/Functions/MX_DielectricBSDF.uasset" 314
"../../../Engine/Plugins/Interchange/Assets/Content/Functions/MX_DielectricBSDF.uexp" 315
"../../../Engine/Plugins/Interchange/Assets/Content/Functions/MX_ConicalEDF.uasset" 316
"../../../Engine/Plugins/Interchange/Assets/Content/Functions/MX_ConicalEDF.uexp" 317
"../../../Engine/Plugins/Interchange/Assets/Content/Functions/MX_ConductorBSDF.uasset" 318
"../../../Engine/Plugins/Interchange/Assets/Content/Functions/MX_ConductorBSDF.uexp" 319
"../../../Engine/Plugins/Interchange/Assets/Content/Functions/MX_BurleyDiffuseBSDF.uasset" 320
"../../../Engine/Plugins/Interchange/Assets/Content/Functions/MX_BurleyDiffuseBSDF.uexp" 321
"../../../Engine/Plugins/Interchange/Assets/Content/Functions/MX_AnisotropicVDF.uasset" 322
"../../../Engine/Plugins/Interchange/Assets/Content/Functions/MX_AnisotropicVDF.uexp" 323
"../../../Engine/Plugins/Interchange/Assets/Content/Functions/MX_AbsorptionVDF.uasset" 324
"../../../Engine/Plugins/Interchange/Assets/Content/Functions/MX_AbsorptionVDF.uexp" 325
"../../../Engine/Content/Functions/Engine_MaterialFunctions02/Utility/VectorLength.uasset" 326
"../../../Engine/Content/Functions/Engine_MaterialFunctions02/Utility/VectorLength.uexp" 327
"../../../Engine/Content/Functions/Engine_MaterialFunctions02/Utility/BreakOutFloat3Components.uasset" 328
"../../../Engine/Content/Functions/Engine_MaterialFunctions02/Utility/BreakOutFloat3Components.uexp" 329
"../../../Engine/Content/Functions/Engine_MaterialFunctions02/WorldPositionOffset/ObjectScale.uasset" 330
"../../../Engine/Content/Functions/Engine_MaterialFunctions02/WorldPositionOffset/ObjectScale.uexp" 331
"../../../Engine/Content/Functions/Engine_MaterialFunctions02/SafeNormalize.uasset" 332
"../../../Engine/Content/Functions/Engine_MaterialFunctions02/SafeNormalize.uexp" 333
"../../../Engine/Plugins/Editor/SpeedTreeImporter/Content/SpeedTree9/UnpackInteger3.uasset" 334
"../../../Engine/Plugins/Editor/SpeedTreeImporter/Content/SpeedTree9/UnpackInteger3.uexp" 335
"../../../Engine/Plugins/Editor/SpeedTreeImporter/Content/SpeedTree9/UnpackDirection.uasset" 336
"../../../Engine/Plugins/Editor/SpeedTreeImporter/Content/SpeedTree9/UnpackDirection.uexp" 337
"../../../Engine/Plugins/Editor/SpeedTreeImporter/Content/SpeedTree9/game_wind_noise.ubulk" 338
"../../../Engine/Plugins/Editor/SpeedTreeImporter/Content/SpeedTree9/game_wind_noise.uasset" 339
"../../../Engine/Plugins/Editor/SpeedTreeImporter/Content/SpeedTree9/game_wind_noise.uexp" 340
"../../../Engine/Plugins/Editor/SpeedTreeImporter/Content/SpeedTree9/SpeedTreeWindMotion.uasset" 341
"../../../Engine/Plugins/Editor/SpeedTreeImporter/Content/SpeedTree9/SpeedTreeWindMotion.uexp" 342
"../../../Engine/Plugins/Editor/SpeedTreeImporter/Content/SpeedTree9/SpeedTreeBranchMotion.uasset" 343
"../../../Engine/Plugins/Editor/SpeedTreeImporter/Content/SpeedTree9/SpeedTreeBranchMotion.uexp" 344
"../../../Engine/Content/Functions/Engine_MaterialFunctions02/ObjectLocalBounds.uasset" 345
"../../../Engine/Content/Functions/Engine_MaterialFunctions02/ObjectLocalBounds.uexp" 346
"../../../Engine/Content/Functions/Engine_MaterialFunctions02/UVs/BoundingBoxBased_0-1_UVW.uasset" 347
"../../../Engine/Content/Functions/Engine_MaterialFunctions02/UVs/BoundingBoxBased_0-1_UVW.uexp" 348
"../../../Engine/Plugins/Editor/SpeedTreeImporter/Content/SpeedTree9/SpeedTreeWind.uasset" 349
"../../../Engine/Plugins/Editor/SpeedTreeImporter/Content/SpeedTree9/SpeedTreeWind.uexp" 350
"../../../Engine/Plugins/Editor/SpeedTreeImporter/Content/SpeedTree9/SpeedTreeCameraFacing.uasset" 351
"../../../Engine/Plugins/Editor/SpeedTreeImporter/Content/SpeedTree9/SpeedTreeCameraFacing.uexp" 352
"../../../Engine/Plugins/Editor/SpeedTreeImporter/Content/SpeedTree9/Empty.uasset" 353
"../../../Engine/Plugins/Editor/SpeedTreeImporter/Content/SpeedTree9/Empty.uexp" 354
"../../../Engine/Plugins/Editor/SpeedTreeImporter/Content/SpeedTree9/EmptyNormal.uasset" 355
"../../../Engine/Plugins/Editor/SpeedTreeImporter/Content/SpeedTree9/EmptyNormal.uexp" 356
"../../../Engine/Plugins/Editor/SpeedTreeImporter/Content/SpeedTree9/SpeedTreeMaster.uasset" 357
"../../../Engine/Plugins/Editor/SpeedTreeImporter/Content/SpeedTree9/SpeedTreeMaster.uexp" 358
"../../../Engine/Plugins/Editor/SpeedTreeImporter/Content/SpeedTree9/SpeedTreeBillboard.uasset" 359
"../../../Engine/Plugins/Editor/SpeedTreeImporter/Content/SpeedTree9/SpeedTreeBillboard.uexp" 360
"../../../Engine/Plugins/Editor/SpeedTreeImporter/Content/SpeedTree9/SpeedTreeBillboardMaster.uasset" 361
"../../../Engine/Plugins/Editor/SpeedTreeImporter/Content/SpeedTree9/SpeedTreeBillboardMaster.uexp" 362
"../../../Engine/Plugins/Animation/ControlRig/Content/Controls/ControlRigXRayMaterial.uasset" 363
"../../../Engine/Plugins/Animation/ControlRig/Content/Controls/ControlRigXRayMaterial.uexp" 364
"../../../Engine/Plugins/Animation/ControlRig/Content/Controls/ControlRigGizmoMaterial.uasset" 365
"../../../Engine/Plugins/Animation/ControlRig/Content/Controls/ControlRigGizmoMaterial.uexp" 366
"../../../Engine/Content/EditorMaterials/ParticleSystems/PSysThumbnail_OOD.ubulk" 367
"../../../Engine/Content/EditorMaterials/ParticleSystems/PSysThumbnail_OOD.uasset" 368
"../../../Engine/Content/EditorMaterials/ParticleSystems/PSysThumbnail_OOD.uexp" 369
"../../../Engine/Content/EditorMaterials/ParticleSystems/PSysThumbnail_NoImage.ubulk" 370
"../../../Engine/Content/EditorMaterials/ParticleSystems/PSysThumbnail_NoImage.uasset" 371
"../../../Engine/Content/EditorMaterials/ParticleSystems/PSysThumbnail_NoImage.uexp" 372
"../../../Engine/Content/EditorMaterials/Dataflow/DataflowVertexMaterial.uasset" 373
"../../../Engine/Content/EditorMaterials/Dataflow/DataflowVertexMaterial.uexp" 374
"../../../Engine/Content/EditorMaterials/Dataflow/DataflowTwoSidedVertexMaterial.uasset" 375
"../../../Engine/Content/EditorMaterials/Dataflow/DataflowTwoSidedVertexMaterial.uexp" 376
"../../../Engine/Content/EngineResources/FilmGrains/Marcie_Grain_v3_128_M2_000.uasset" 377
"../../../Engine/Content/EngineResources/FilmGrains/Marcie_Grain_v3_128_M2_000.uexp" 378
"../../../Engine/Content/EngineResources/Development/ZenLogo_64.uasset" 379
"../../../Engine/Content/EngineResources/Development/ZenLogo_64.uexp" 380
"../../../Engine/Content/EngineMaterials/LTC/Sheen_LTC.uasset" 381
"../../../Engine/Content/EngineMaterials/LTC/Sheen_LTC.uexp" 382
"../../../Engine/Content/EngineMaterials/LTC/GGX_LTCMat.uasset" 383
"../../../Engine/Content/EngineMaterials/LTC/GGX_LTCMat.uexp" 384
"../../../Engine/Content/EngineMaterials/LTC/GGX_LTCAmp.uasset" 385
"../../../Engine/Content/EngineMaterials/LTC/GGX_LTCAmp.uexp" 386
"../../../Engine/Content/EngineMaterials/EnergyConservation/Sheen_Energy.uasset" 387
"../../../Engine/Content/EngineMaterials/EnergyConservation/Sheen_Energy.uexp" 388
"../../../Engine/Content/EngineMaterials/EnergyConservation/SheenLegacy_Energy.uasset" 389
"../../../Engine/Content/EngineMaterials/EnergyConservation/SheenLegacy_Energy.uexp" 390
"../../../Engine/Content/EngineMaterials/EnergyConservation/GGX_TransmissionEnergyArray.uasset" 391
"../../../Engine/Content/EngineMaterials/EnergyConservation/GGX_TransmissionEnergyArray.uexp" 392
"../../../Engine/Content/EngineMaterials/EnergyConservation/GGX_ReflectionEnergy.uasset" 393
"../../../Engine/Content/EngineMaterials/EnergyConservation/GGX_ReflectionEnergy.uexp" 394
"../../../Engine/Content/EngineMaterials/EnergyConservation/Diffuse_Energy.uasset" 395
"../../../Engine/Content/EngineMaterials/EnergyConservation/Diffuse_Energy.uexp" 396
"../../../Engine/Content/EditorResources/SequenceRecorder/RecordingIndicator.uasset" 397
"../../../Engine/Content/EditorResources/SequenceRecorder/RecordingIndicator.uexp" 398
"../../../Engine/Content/EditorResources/SequenceRecorder/Countdown.uasset" 399
"../../../Engine/Content/EditorResources/SequenceRecorder/Countdown.uexp" 400
"../../../Engine/Content/EditorBlueprintResources/StandardMacros.uasset" 401
"../../../Engine/Content/EditorBlueprintResources/StandardMacros.uexp" 402
"../../../Engine/Plugins/Marketplace/AIforNPC6396182c7afaV7/Content/Widgets/Images/UI_ChatBot_ConvaiLogo.uasset" 403
"../../../Engine/Plugins/Marketplace/AIforNPC6396182c7afaV7/Content/Widgets/Images/UI_ChatBot_ConvaiLogo.uexp" 404
"../../../Engine/Plugins/Marketplace/AIforNPC6396182c7afaV7/Content/Widgets/Fonts/HI/Mangal_Regular.uexp" 405
"../../../Engine/Plugins/Marketplace/AIforNPC6396182c7afaV7/Content/Widgets/Fonts/HI/Mangal_Regular.uasset" 406
"../../../Engine/Plugins/Marketplace/AIforNPC6396182c7afaV7/Content/Widgets/Fonts/HI/Mangal_Regular.ufont" 407
"../../../Engine/Plugins/Marketplace/AIforNPC6396182c7afaV7/Content/Widgets/Fonts/CJK/SourceHanSans.uexp" 408
"../../../Engine/Plugins/Marketplace/AIforNPC6396182c7afaV7/Content/Widgets/Fonts/CJK/SourceHanSans.uasset" 409
"../../../Engine/Plugins/Marketplace/AIforNPC6396182c7afaV7/Content/Widgets/Fonts/CJK/SourceHanSans.ufont" 410
"../../../Engine/Plugins/Marketplace/AIforNPC6396182c7afaV7/Content/Widgets/Fonts/AR/KFGQPC_Uthman_Taha_Naskh_Regular.uexp" 411
"../../../Engine/Plugins/Marketplace/AIforNPC6396182c7afaV7/Content/Widgets/Fonts/AR/KFGQPC_Uthman_Taha_Naskh_Regular.uasset" 412
"../../../Engine/Plugins/Marketplace/AIforNPC6396182c7afaV7/Content/Widgets/Fonts/AR/KFGQPC_Uthman_Taha_Naskh_Regular.ufont" 413
"../../../Engine/Plugins/Marketplace/AIforNPC6396182c7afaV7/Content/Widgets/Fonts/ConvaiFont.uasset" 414
"../../../Engine/Plugins/Marketplace/AIforNPC6396182c7afaV7/Content/Widgets/Fonts/ConvaiFont.uexp" 415
"../../../Engine/Plugins/Marketplace/AIforNPC6396182c7afaV7/Content/Widgets/MicSettings_WB.uasset" 416
"../../../Engine/Plugins/Marketplace/AIforNPC6396182c7afaV7/Content/Widgets/MicSettings_WB.uexp" 417
"../../../Engine/Plugins/Marketplace/AIforNPC6396182c7afaV7/Content/Widgets/Images/UI_ChatBotThumbsDownOutlineFill.uasset" 418
"../../../Engine/Plugins/Marketplace/AIforNPC6396182c7afaV7/Content/Widgets/Images/UI_ChatBotThumbsDownOutlineFill.uexp" 419
"../../../Engine/Plugins/Marketplace/AIforNPC6396182c7afaV7/Content/Widgets/Images/UI_ChatBotThumbsDownOutline.uasset" 420
"../../../Engine/Plugins/Marketplace/AIforNPC6396182c7afaV7/Content/Widgets/Images/UI_ChatBotThumbsDownOutline.uexp" 421
"../../../Engine/Plugins/Marketplace/AIforNPC6396182c7afaV7/Content/Widgets/ChatItem_WB.uasset" 422
"../../../Engine/Plugins/Marketplace/AIforNPC6396182c7afaV7/Content/Widgets/ChatItem_WB.uexp" 423
"../../../Engine/Plugins/Marketplace/AIforNPC6396182c7afaV7/Content/Widgets/Sound/UI_Talk.ubulk" 424
"../../../Engine/Plugins/Marketplace/AIforNPC6396182c7afaV7/Content/Widgets/Sound/UI_Talk.uasset" 425
"../../../Engine/Plugins/Marketplace/AIforNPC6396182c7afaV7/Content/Widgets/Sound/UI_Talk.uexp" 426
"../../../Engine/Plugins/Marketplace/AIforNPC6396182c7afaV7/Content/Widgets/Images/UI_TypeBox.uasset" 427
"../../../Engine/Plugins/Marketplace/AIforNPC6396182c7afaV7/Content/Widgets/Images/UI_TypeBox.uexp" 428
"../../../Engine/Plugins/Marketplace/AIforNPC6396182c7afaV7/Content/Widgets/Images/UI_SendText.ubulk" 429
"../../../Engine/Plugins/Marketplace/AIforNPC6396182c7afaV7/Content/Widgets/Images/UI_SendText.uasset" 430
"../../../Engine/Plugins/Marketplace/AIforNPC6396182c7afaV7/Content/Widgets/Images/UI_SendText.uexp" 431
"../../../Engine/Plugins/Marketplace/AIforNPC6396182c7afaV7/Content/Widgets/Images/UI_CBFV3.uasset" 432
"../../../Engine/Plugins/Marketplace/AIforNPC6396182c7afaV7/Content/Widgets/Images/UI_CBFV3.uexp" 433
"../../../Engine/Plugins/Marketplace/AIforNPC6396182c7afaV7/Content/Widgets/Images/UI_CBFV2.uasset" 434
"../../../Engine/Plugins/Marketplace/AIforNPC6396182c7afaV7/Content/Widgets/Images/UI_CBFV2.uexp" 435
"../../../Engine/Plugins/Marketplace/AIforNPC6396182c7afaV7/Content/Widgets/Images/UI_CBFV1.uasset" 436
"../../../Engine/Plugins/Marketplace/AIforNPC6396182c7afaV7/Content/Widgets/Images/UI_CBFV1.uexp" 437
"../../../Engine/Plugins/Marketplace/AIforNPC6396182c7afaV7/Content/Widgets/Chat_WB.uasset" 438
"../../../Engine/Plugins/Marketplace/AIforNPC6396182c7afaV7/Content/Widgets/Chat_WB.uexp" 439
"../../../Engine/Plugins/Marketplace/AIforNPC6396182c7afaV7/Content/Core/ConvaiBasePlayer.uasset" 440
"../../../Engine/Plugins/Marketplace/AIforNPC6396182c7afaV7/Content/Core/ConvaiBasePlayer.uexp" 441
"../../../Engine/Content/VREditor/Devices/Generic/GenericHMDMaterial.uasset" 442
"../../../Engine/Content/VREditor/Devices/Generic/GenericHMDMaterial.uexp" 443
"../../../Engine/Content/VREditor/Devices/Generic/GenericHMD.ubulk" 444
"../../../Engine/Content/VREditor/Devices/Generic/GenericHMD.uasset" 445
"../../../Engine/Content/VREditor/Devices/Generic/GenericHMD.uexp" 446
"C:/Users/Margarida/Desktop/Thesis-Project-2025/Thesis_Project/Content/VRTemplate/VFX/NPC_VRTemplate.uasset" 447
"C:/Users/Margarida/Desktop/Thesis-Project-2025/Thesis_Project/Content/VRTemplate/VFX/NPC_VRTemplate.uexp" 448
"C:/Users/Margarida/Desktop/Thesis-Project-2025/Thesis_Project/Content/VRTemplate/Materials/DefaultRibbonMaterial_NoGradient.uasset" 449
"C:/Users/Margarida/Desktop/Thesis-Project-2025/Thesis_Project/Content/VRTemplate/Materials/DefaultRibbonMaterial_NoGradient.uexp" 450
"C:/Users/Margarida/Desktop/Thesis-Project-2025/Thesis_Project/Content/VRTemplate/VFX/NS_TeleportTrace.uasset" 451
"C:/Users/Margarida/Desktop/Thesis-Project-2025/Thesis_Project/Content/VRTemplate/VFX/NS_TeleportTrace.uexp" 452
"C:/Users/Margarida/Desktop/Thesis-Project-2025/Thesis_Project/Content/VRTemplate/Haptics/GrabHapticEffect.uasset" 453
"C:/Users/Margarida/Desktop/Thesis-Project-2025/Thesis_Project/Content/VRTemplate/Haptics/GrabHapticEffect.uexp" 454
"C:/Users/Margarida/Desktop/Thesis-Project-2025/Thesis_Project/Content/VRTemplate/Blueprints/GrabType.uasset" 455
"C:/Users/Margarida/Desktop/Thesis-Project-2025/Thesis_Project/Content/VRTemplate/Blueprints/GrabType.uexp" 456
"C:/Users/Margarida/Desktop/Thesis-Project-2025/Thesis_Project/Content/VRTemplate/Blueprints/GrabComponent.uasset" 457
"C:/Users/Margarida/Desktop/Thesis-Project-2025/Thesis_Project/Content/VRTemplate/Blueprints/GrabComponent.uexp" 458
"C:/Users/Margarida/Desktop/Thesis-Project-2025/Thesis_Project/Content/VRTemplate/Input/Actions/Hands/IA_Hand_Grasp_Left.uasset" 459
"C:/Users/Margarida/Desktop/Thesis-Project-2025/Thesis_Project/Content/VRTemplate/Input/Actions/Hands/IA_Hand_Grasp_Left.uexp" 460
"C:/Users/Margarida/Desktop/Thesis-Project-2025/Thesis_Project/Content/VRTemplate/Input/Actions/Hands/IA_Hand_Grasp_Right.uasset" 461
"C:/Users/Margarida/Desktop/Thesis-Project-2025/Thesis_Project/Content/VRTemplate/Input/Actions/Hands/IA_Hand_Grasp_Right.uexp" 462
"C:/Users/Margarida/Desktop/Thesis-Project-2025/Thesis_Project/Content/VRTemplate/Input/Actions/Hands/IA_Hand_IndexCurl_Left.uasset" 463
"C:/Users/Margarida/Desktop/Thesis-Project-2025/Thesis_Project/Content/VRTemplate/Input/Actions/Hands/IA_Hand_IndexCurl_Left.uexp" 464
"C:/Users/Margarida/Desktop/Thesis-Project-2025/Thesis_Project/Content/VRTemplate/Input/Actions/Hands/IA_Hand_IndexCurl_Right.uasset" 465
"C:/Users/Margarida/Desktop/Thesis-Project-2025/Thesis_Project/Content/VRTemplate/Input/Actions/Hands/IA_Hand_IndexCurl_Right.uexp" 466
"C:/Users/Margarida/Desktop/Thesis-Project-2025/Thesis_Project/Content/VRTemplate/Input/Actions/Hands/IA_Hand_Point_Left.uasset" 467
"C:/Users/Margarida/Desktop/Thesis-Project-2025/Thesis_Project/Content/VRTemplate/Input/Actions/Hands/IA_Hand_Point_Left.uexp" 468
"C:/Users/Margarida/Desktop/Thesis-Project-2025/Thesis_Project/Content/VRTemplate/Input/Actions/Hands/IA_Hand_Point_Right.uasset" 469
"C:/Users/Margarida/Desktop/Thesis-Project-2025/Thesis_Project/Content/VRTemplate/Input/Actions/Hands/IA_Hand_Point_Right.uexp" 470
"C:/Users/Margarida/Desktop/Thesis-Project-2025/Thesis_Project/Content/VRTemplate/Input/Actions/Hands/IA_Hand_ThumbUp_Left.uasset" 471
"C:/Users/Margarida/Desktop/Thesis-Project-2025/Thesis_Project/Content/VRTemplate/Input/Actions/Hands/IA_Hand_ThumbUp_Left.uexp" 472
"C:/Users/Margarida/Desktop/Thesis-Project-2025/Thesis_Project/Content/VRTemplate/Input/Actions/Hands/IA_Hand_ThumbUp_Right.uasset" 473
"C:/Users/Margarida/Desktop/Thesis-Project-2025/Thesis_Project/Content/VRTemplate/Input/Actions/Hands/IA_Hand_ThumbUp_Right.uexp" 474
"C:/Users/Margarida/Desktop/Thesis-Project-2025/Thesis_Project/Content/VRTemplate/Input/Actions/IA_Talk.uasset" 475
"C:/Users/Margarida/Desktop/Thesis-Project-2025/Thesis_Project/Content/VRTemplate/Input/Actions/IA_Talk.uexp" 476
"C:/Users/Margarida/Desktop/Thesis-Project-2025/Thesis_Project/Content/VRTemplate/Input/IMC_Hands.uasset" 477
"C:/Users/Margarida/Desktop/Thesis-Project-2025/Thesis_Project/Content/VRTemplate/Input/IMC_Hands.uexp" 478
"C:/Users/Margarida/Desktop/Thesis-Project-2025/Thesis_Project/Content/VRTemplate/Input/Actions/IA_Grab_Left_Pressed.uasset" 479
"C:/Users/Margarida/Desktop/Thesis-Project-2025/Thesis_Project/Content/VRTemplate/Input/Actions/IA_Grab_Left_Pressed.uexp" 480
"C:/Users/Margarida/Desktop/Thesis-Project-2025/Thesis_Project/Content/VRTemplate/Input/Actions/IA_Grab_Left_Released.uasset" 481
"C:/Users/Margarida/Desktop/Thesis-Project-2025/Thesis_Project/Content/VRTemplate/Input/Actions/IA_Grab_Left_Released.uexp" 482
"C:/Users/Margarida/Desktop/Thesis-Project-2025/Thesis_Project/Content/VRTemplate/Input/Actions/IA_Grab_Right_Pressed.uasset" 483
"C:/Users/Margarida/Desktop/Thesis-Project-2025/Thesis_Project/Content/VRTemplate/Input/Actions/IA_Grab_Right_Pressed.uexp" 484
"C:/Users/Margarida/Desktop/Thesis-Project-2025/Thesis_Project/Content/VRTemplate/Input/Actions/IA_Grab_Right_Released.uasset" 485
"C:/Users/Margarida/Desktop/Thesis-Project-2025/Thesis_Project/Content/VRTemplate/Input/Actions/IA_Grab_Right_Released.uexp" 486
"C:/Users/Margarida/Desktop/Thesis-Project-2025/Thesis_Project/Content/VRTemplate/Input/Actions/IA_Menu_Toggle_Left.uasset" 487
"C:/Users/Margarida/Desktop/Thesis-Project-2025/Thesis_Project/Content/VRTemplate/Input/Actions/IA_Menu_Toggle_Left.uexp" 488
"C:/Users/Margarida/Desktop/Thesis-Project-2025/Thesis_Project/Content/VRTemplate/Input/Actions/IA_Menu_Toggle_Right.uasset" 489
"C:/Users/Margarida/Desktop/Thesis-Project-2025/Thesis_Project/Content/VRTemplate/Input/Actions/IA_Menu_Toggle_Right.uexp" 490
"C:/Users/Margarida/Desktop/Thesis-Project-2025/Thesis_Project/Content/VRTemplate/Input/B_InputModifier_XAxisPositiveOnly.uasset" 491
"C:/Users/Margarida/Desktop/Thesis-Project-2025/Thesis_Project/Content/VRTemplate/Input/B_InputModifier_XAxisPositiveOnly.uexp" 492
"C:/Users/Margarida/Desktop/Thesis-Project-2025/Thesis_Project/Content/VRTemplate/Input/Actions/IA_Move.uasset" 493
"C:/Users/Margarida/Desktop/Thesis-Project-2025/Thesis_Project/Content/VRTemplate/Input/Actions/IA_Move.uexp" 494
"C:/Users/Margarida/Desktop/Thesis-Project-2025/Thesis_Project/Content/VRTemplate/Input/Actions/IA_Turn.uasset" 495
"C:/Users/Margarida/Desktop/Thesis-Project-2025/Thesis_Project/Content/VRTemplate/Input/Actions/IA_Turn.uexp" 496
"C:/Users/Margarida/Desktop/Thesis-Project-2025/Thesis_Project/Content/VRTemplate/Input/IMC_Default.uasset" 497
"C:/Users/Margarida/Desktop/Thesis-Project-2025/Thesis_Project/Content/VRTemplate/Input/IMC_Default.uexp" 498
"../../../Engine/Content/EngineMaterials/T_Default_Material_Grid_M.ubulk" 499
"../../../Engine/Content/EngineMaterials/T_Default_Material_Grid_M.uasset" 500
"../../../Engine/Content/EngineMaterials/T_Default_Material_Grid_M.uexp" 501
"../../../Engine/Content/Functions/Engine_MaterialFunctions01/Opacity/CameraDepthFade.uasset" 502
"../../../Engine/Content/Functions/Engine_MaterialFunctions01/Opacity/CameraDepthFade.uexp" 503
"../../../Engine/Content/EngineMaterials/T_Default_Material_Grid_N.ubulk" 504
"../../../Engine/Content/EngineMaterials/T_Default_Material_Grid_N.uasset" 505
"../../../Engine/Content/EngineMaterials/T_Default_Material_Grid_N.uexp" 506
"../../../Engine/Content/EngineMaterials/DefaultMaterial.uasset" 507
"../../../Engine/Content/EngineMaterials/DefaultMaterial.uexp" 508
"../../../Engine/Content/BasicShapes/Cylinder.ubulk" 509
"../../../Engine/Content/BasicShapes/Cylinder.uasset" 510
"../../../Engine/Content/BasicShapes/Cylinder.uexp" 511
"../../../Engine/Content/EngineMaterials/Good64x64TilingNoiseHighFreq.uasset" 512
"../../../Engine/Content/EngineMaterials/Good64x64TilingNoiseHighFreq.uexp" 513
"../../../Engine/Content/Functions/Engine_MaterialFunctions02/Utility/DepthFromWorldPosition.uasset" 514
"../../../Engine/Content/Functions/Engine_MaterialFunctions02/Utility/DepthFromWorldPosition.uexp" 515
"C:/Users/Margarida/Desktop/Thesis-Project-2025/Thesis_Project/Content/VRTemplate/Materials/Functions/MF_OccludedPixels.uasset" 516
"C:/Users/Margarida/Desktop/Thesis-Project-2025/Thesis_Project/Content/VRTemplate/Materials/Functions/MF_OccludedPixels.uexp" 517
"C:/Users/Margarida/Desktop/Thesis-Project-2025/Thesis_Project/Content/VRTemplate/Materials/M_TeleportNoise.uasset" 518
"C:/Users/Margarida/Desktop/Thesis-Project-2025/Thesis_Project/Content/VRTemplate/Materials/M_TeleportNoise.uexp" 519
"C:/Users/Margarida/Desktop/Thesis-Project-2025/Thesis_Project/Content/VRTemplate/Materials/M_TeleportCylinder.uasset" 520
"C:/Users/Margarida/Desktop/Thesis-Project-2025/Thesis_Project/Content/VRTemplate/Materials/M_TeleportCylinder.uexp" 521
"C:/Users/Margarida/Desktop/Thesis-Project-2025/Thesis_Project/Content/VRTemplate/VFX/NS_TeleportRing.uasset" 522
"C:/Users/Margarida/Desktop/Thesis-Project-2025/Thesis_Project/Content/VRTemplate/VFX/NS_TeleportRing.uexp" 523
"C:/Users/Margarida/Desktop/Thesis-Project-2025/Thesis_Project/Content/VRTemplate/VFX/NS_PlayAreaBounds.uasset" 524
"C:/Users/Margarida/Desktop/Thesis-Project-2025/Thesis_Project/Content/VRTemplate/VFX/NS_PlayAreaBounds.uexp" 525
"C:/Users/Margarida/Desktop/Thesis-Project-2025/Thesis_Project/Content/VRTemplate/Blueprints/VRTeleportVisualizer.uasset" 526
"C:/Users/Margarida/Desktop/Thesis-Project-2025/Thesis_Project/Content/VRTemplate/Blueprints/VRTeleportVisualizer.uexp" 527
"C:/Users/Margarida/Desktop/Thesis-Project-2025/Thesis_Project/Content/Characters/MannequinsXR/Meshes/SK_MannequinsXR.uasset" 528
"C:/Users/Margarida/Desktop/Thesis-Project-2025/Thesis_Project/Content/Characters/MannequinsXR/Meshes/SK_MannequinsXR.uexp" 529
"C:/Users/Margarida/Desktop/Thesis-Project-2025/Thesis_Project/Content/Characters/MannequinsXR/Animations/MDT_MannequinsXR.uasset" 530
"C:/Users/Margarida/Desktop/Thesis-Project-2025/Thesis_Project/Content/Characters/MannequinsXR/Animations/MDT_MannequinsXR.uexp" 531
"../../../Engine/Content/Animation/DefaultRecorderBoneCompression.uasset" 532
"../../../Engine/Content/Animation/DefaultRecorderBoneCompression.uexp" 533
"../../../Engine/Content/Animation/DefaultAnimCurveCompressionSettings.uasset" 534
"../../../Engine/Content/Animation/DefaultAnimCurveCompressionSettings.uexp" 535
"C:/Users/Margarida/Desktop/Thesis-Project-2025/Thesis_Project/Content/Characters/MannequinsXR/Animations/A_MannequinsXR_ThumbUp_Right.uasset" 536
"C:/Users/Margarida/Desktop/Thesis-Project-2025/Thesis_Project/Content/Characters/MannequinsXR/Animations/A_MannequinsXR_ThumbUp_Right.uexp" 537
"C:/Users/Margarida/Desktop/Thesis-Project-2025/Thesis_Project/Content/Characters/MannequinsXR/Animations/A_MannequinsXR_Point_Right.uasset" 538
"C:/Users/Margarida/Desktop/Thesis-Project-2025/Thesis_Project/Content/Characters/MannequinsXR/Animations/A_MannequinsXR_Point_Right.uexp" 539
"C:/Users/Margarida/Desktop/Thesis-Project-2025/Thesis_Project/Content/Characters/MannequinsXR/Animations/A_MannequinsXR_IndexCurl_Right.uasset" 540
"C:/Users/Margarida/Desktop/Thesis-Project-2025/Thesis_Project/Content/Characters/MannequinsXR/Animations/A_MannequinsXR_IndexCurl_Right.uexp" 541
"C:/Users/Margarida/Desktop/Thesis-Project-2025/Thesis_Project/Content/Characters/MannequinsXR/Animations/A_MannequinsXR_Idle_Right.uasset" 542
"C:/Users/Margarida/Desktop/Thesis-Project-2025/Thesis_Project/Content/Characters/MannequinsXR/Animations/A_MannequinsXR_Idle_Right.uexp" 543
"C:/Users/Margarida/Desktop/Thesis-Project-2025/Thesis_Project/Content/Characters/MannequinsXR/Animations/A_MannequinsXR_Grasp_Right.uasset" 544
"C:/Users/Margarida/Desktop/Thesis-Project-2025/Thesis_Project/Content/Characters/MannequinsXR/Animations/A_MannequinsXR_Grasp_Right.uexp" 545
"C:/Users/Margarida/Desktop/Thesis-Project-2025/Thesis_Project/Content/Characters/MannequinsXR/Meshes/ABP_MannequinsXR.uasset" 546
"C:/Users/Margarida/Desktop/Thesis-Project-2025/Thesis_Project/Content/Characters/MannequinsXR/Meshes/ABP_MannequinsXR.uexp" 547
"C:/Users/Margarida/Desktop/Thesis-Project-2025/Thesis_Project/Content/Characters/MannequinsXR/Textures/Manny/T_Manny_02_Tan.ubulk" 548
"C:/Users/Margarida/Desktop/Thesis-Project-2025/Thesis_Project/Content/Characters/MannequinsXR/Textures/Manny/T_Manny_02_Tan.uasset" 549
"C:/Users/Margarida/Desktop/Thesis-Project-2025/Thesis_Project/Content/Characters/MannequinsXR/Textures/Manny/T_Manny_02_Tan.uexp" 550
"C:/Users/Margarida/Desktop/Thesis-Project-2025/Thesis_Project/Content/Characters/MannequinsXR/Textures/Manny/T_Manny_02_N.ubulk" 551
"C:/Users/Margarida/Desktop/Thesis-Project-2025/Thesis_Project/Content/Characters/MannequinsXR/Textures/Manny/T_Manny_02_N.uasset" 552
"C:/Users/Margarida/Desktop/Thesis-Project-2025/Thesis_Project/Content/Characters/MannequinsXR/Textures/Manny/T_Manny_02_N.uexp" 553
"C:/Users/Margarida/Desktop/Thesis-Project-2025/Thesis_Project/Content/Characters/MannequinsXR/Textures/Manny/T_Manny_02_MSR_MSK.ubulk" 554
"C:/Users/Margarida/Desktop/Thesis-Project-2025/Thesis_Project/Content/Characters/MannequinsXR/Textures/Manny/T_Manny_02_MSR_MSK.uasset" 555
"C:/Users/Margarida/Desktop/Thesis-Project-2025/Thesis_Project/Content/Characters/MannequinsXR/Textures/Manny/T_Manny_02_MSR_MSK.uexp" 556
"C:/Users/Margarida/Desktop/Thesis-Project-2025/Thesis_Project/Content/Characters/MannequinsXR/Textures/Manny/T_Manny_02_D.ubulk" 557
"C:/Users/Margarida/Desktop/Thesis-Project-2025/Thesis_Project/Content/Characters/MannequinsXR/Textures/Manny/T_Manny_02_D.uasset" 558
"C:/Users/Margarida/Desktop/Thesis-Project-2025/Thesis_Project/Content/Characters/MannequinsXR/Textures/Manny/T_Manny_02_D.uexp" 559
"C:/Users/Margarida/Desktop/Thesis-Project-2025/Thesis_Project/Content/Characters/MannequinsXR/Textures/Manny/T_Manny_02_CCRCCPlastic_MSK.ubulk" 560
"C:/Users/Margarida/Desktop/Thesis-Project-2025/Thesis_Project/Content/Characters/MannequinsXR/Textures/Manny/T_Manny_02_CCRCCPlastic_MSK.uasset" 561
"C:/Users/Margarida/Desktop/Thesis-Project-2025/Thesis_Project/Content/Characters/MannequinsXR/Textures/Manny/T_Manny_02_CCRCCPlastic_MSK.uexp" 562
"C:/Users/Margarida/Desktop/Thesis-Project-2025/Thesis_Project/Content/Characters/MannequinsXR/Textures/Manny/T_Manny_02_BN.ubulk" 563
"C:/Users/Margarida/Desktop/Thesis-Project-2025/Thesis_Project/Content/Characters/MannequinsXR/Textures/Manny/T_Manny_02_BN.uasset" 564
"C:/Users/Margarida/Desktop/Thesis-Project-2025/Thesis_Project/Content/Characters/MannequinsXR/Textures/Manny/T_Manny_02_BN.uexp" 565
"C:/Users/Margarida/Desktop/Thesis-Project-2025/Thesis_Project/Content/Characters/MannequinsXR/Textures/Manny/T_Manny_02_ASAOPMASK_MSK.ubulk" 566
"C:/Users/Margarida/Desktop/Thesis-Project-2025/Thesis_Project/Content/Characters/MannequinsXR/Textures/Manny/T_Manny_02_ASAOPMASK_MSK.uasset" 567
"C:/Users/Margarida/Desktop/Thesis-Project-2025/Thesis_Project/Content/Characters/MannequinsXR/Textures/Manny/T_Manny_02_ASAOPMASK_MSK.uexp" 568
"C:/Users/Margarida/Desktop/Thesis-Project-2025/Thesis_Project/Content/Characters/MannequinsXR/Textures/Manny/T_Manny_01_Tan.ubulk" 569
"C:/Users/Margarida/Desktop/Thesis-Project-2025/Thesis_Project/Content/Characters/MannequinsXR/Textures/Manny/T_Manny_01_Tan.uasset" 570
"C:/Users/Margarida/Desktop/Thesis-Project-2025/Thesis_Project/Content/Characters/MannequinsXR/Textures/Manny/T_Manny_01_Tan.uexp" 571
"C:/Users/Margarida/Desktop/Thesis-Project-2025/Thesis_Project/Content/Characters/MannequinsXR/Textures/Manny/T_Manny_01_N.ubulk" 572
"C:/Users/Margarida/Desktop/Thesis-Project-2025/Thesis_Project/Content/Characters/MannequinsXR/Textures/Manny/T_Manny_01_N.uasset" 573
"C:/Users/Margarida/Desktop/Thesis-Project-2025/Thesis_Project/Content/Characters/MannequinsXR/Textures/Manny/T_Manny_01_N.uexp" 574
"C:/Users/Margarida/Desktop/Thesis-Project-2025/Thesis_Project/Content/Characters/MannequinsXR/Textures/Manny/T_Manny_01_MSR_MSK.ubulk" 575
"C:/Users/Margarida/Desktop/Thesis-Project-2025/Thesis_Project/Content/Characters/MannequinsXR/Textures/Manny/T_Manny_01_MSR_MSK.uasset" 576
"C:/Users/Margarida/Desktop/Thesis-Project-2025/Thesis_Project/Content/Characters/MannequinsXR/Textures/Manny/T_Manny_01_MSR_MSK.uexp" 577
"C:/Users/Margarida/Desktop/Thesis-Project-2025/Thesis_Project/Content/Characters/MannequinsXR/Textures/Manny/T_Manny_01_D.ubulk" 578
"C:/Users/Margarida/Desktop/Thesis-Project-2025/Thesis_Project/Content/Characters/MannequinsXR/Textures/Manny/T_Manny_01_D.uasset" 579
"C:/Users/Margarida/Desktop/Thesis-Project-2025/Thesis_Project/Content/Characters/MannequinsXR/Textures/Manny/T_Manny_01_D.uexp" 580
"C:/Users/Margarida/Desktop/Thesis-Project-2025/Thesis_Project/Content/Characters/MannequinsXR/Textures/Manny/T_Manny_01_CCRCCPlastic_MSK.ubulk" 581
"C:/Users/Margarida/Desktop/Thesis-Project-2025/Thesis_Project/Content/Characters/MannequinsXR/Textures/Manny/T_Manny_01_CCRCCPlastic_MSK.uasset" 582
"C:/Users/Margarida/Desktop/Thesis-Project-2025/Thesis_Project/Content/Characters/MannequinsXR/Textures/Manny/T_Manny_01_CCRCCPlastic_MSK.uexp" 583
"C:/Users/Margarida/Desktop/Thesis-Project-2025/Thesis_Project/Content/Characters/MannequinsXR/Textures/Manny/T_Manny_01_BN.ubulk" 584
"C:/Users/Margarida/Desktop/Thesis-Project-2025/Thesis_Project/Content/Characters/MannequinsXR/Textures/Manny/T_Manny_01_BN.uasset" 585
"C:/Users/Margarida/Desktop/Thesis-Project-2025/Thesis_Project/Content/Characters/MannequinsXR/Textures/Manny/T_Manny_01_BN.uexp" 586
"C:/Users/Margarida/Desktop/Thesis-Project-2025/Thesis_Project/Content/Characters/MannequinsXR/Textures/Manny/T_Manny_01_ASAOPMASK_MSK.ubulk" 587
"C:/Users/Margarida/Desktop/Thesis-Project-2025/Thesis_Project/Content/Characters/MannequinsXR/Textures/Manny/T_Manny_01_ASAOPMASK_MSK.uasset" 588
"C:/Users/Margarida/Desktop/Thesis-Project-2025/Thesis_Project/Content/Characters/MannequinsXR/Textures/Manny/T_Manny_01_ASAOPMASK_MSK.uexp" 589
"C:/Users/Margarida/Desktop/Thesis-Project-2025/Thesis_Project/Content/Characters/MannequinsXR/Materials/Functions/ML_BaseColorFallOff.uasset" 590
"C:/Users/Margarida/Desktop/Thesis-Project-2025/Thesis_Project/Content/Characters/MannequinsXR/Materials/Functions/ML_BaseColorFallOff.uexp" 591
"C:/Users/Margarida/Desktop/Thesis-Project-2025/Thesis_Project/Content/Characters/MannequinsXR/Textures/Shared/T_UE_Logo_M.uasset" 592
"C:/Users/Margarida/Desktop/Thesis-Project-2025/Thesis_Project/Content/Characters/MannequinsXR/Textures/Shared/T_UE_Logo_M.uexp" 593
"C:/Users/Margarida/Desktop/Thesis-Project-2025/Thesis_Project/Content/Characters/MannequinsXR/Materials/Functions/MF_logo3layers.uasset" 594
"C:/Users/Margarida/Desktop/Thesis-Project-2025/Thesis_Project/Content/Characters/MannequinsXR/Materials/Functions/MF_logo3layers.uexp" 595
"C:/Users/Margarida/Desktop/Thesis-Project-2025/Thesis_Project/Content/Characters/MannequinsXR/Materials/Functions/ChromaticCurve.uasset" 596
"C:/Users/Margarida/Desktop/Thesis-Project-2025/Thesis_Project/Content/Characters/MannequinsXR/Materials/Functions/ChromaticCurve.uexp" 597
"C:/Users/Margarida/Desktop/Thesis-Project-2025/Thesis_Project/Content/Characters/MannequinsXR/Materials/Functions/CA_Mannequin.uasset" 598
"C:/Users/Margarida/Desktop/Thesis-Project-2025/Thesis_Project/Content/Characters/MannequinsXR/Materials/Functions/CA_Mannequin.uexp" 599
"C:/Users/Margarida/Desktop/Thesis-Project-2025/Thesis_Project/Content/Characters/MannequinsXR/Materials/Functions/MF_Diffraction.uasset" 600
"C:/Users/Margarida/Desktop/Thesis-Project-2025/Thesis_Project/Content/Characters/MannequinsXR/Materials/Functions/MF_Diffraction.uexp" 601
"C:/Users/Margarida/Desktop/Thesis-Project-2025/Thesis_Project/Content/Characters/MannequinsXR/Materials/M_Mannequin.uasset" 602
"C:/Users/Margarida/Desktop/Thesis-Project-2025/Thesis_Project/Content/Characters/MannequinsXR/Materials/M_Mannequin.uexp" 603
"C:/Users/Margarida/Desktop/Thesis-Project-2025/Thesis_Project/Content/Characters/MannequinsXR/Materials/Instances/Manny/MI_Manny_01.uasset" 604
"C:/Users/Margarida/Desktop/Thesis-Project-2025/Thesis_Project/Content/Characters/MannequinsXR/Materials/Instances/Manny/MI_Manny_01.uexp" 605
"C:/Users/Margarida/Desktop/Thesis-Project-2025/Thesis_Project/Content/Characters/MannequinsXR/Materials/Instances/Manny/MI_Manny_02.uasset" 606
"C:/Users/Margarida/Desktop/Thesis-Project-2025/Thesis_Project/Content/Characters/MannequinsXR/Materials/Instances/Manny/MI_Manny_02.uexp" 607
"C:/Users/Margarida/Desktop/Thesis-Project-2025/Thesis_Project/Content/Characters/MannequinsXR/Meshes/SKM_MannyXR_left.uasset" 608
"C:/Users/Margarida/Desktop/Thesis-Project-2025/Thesis_Project/Content/Characters/MannequinsXR/Meshes/SKM_MannyXR_left.uexp" 609
"C:/Users/Margarida/Desktop/Thesis-Project-2025/Thesis_Project/Content/Characters/MannequinsXR/B_MannequinsXR.uasset" 610
"C:/Users/Margarida/Desktop/Thesis-Project-2025/Thesis_Project/Content/Characters/MannequinsXR/B_MannequinsXR.uexp" 611
"../../../Engine/Content/BasicShapes/Sphere.ubulk" 612
"../../../Engine/Content/BasicShapes/Sphere.uasset" 613
"../../../Engine/Content/BasicShapes/Sphere.uexp" 614
"C:/Users/Margarida/Desktop/Thesis-Project-2025/Thesis_Project/Content/VRTemplate/VFX/NS_MenuLaser.uasset" 615
"C:/Users/Margarida/Desktop/Thesis-Project-2025/Thesis_Project/Content/VRTemplate/VFX/NS_MenuLaser.uexp" 616
"C:/Users/Margarida/Desktop/Thesis-Project-2025/Thesis_Project/Content/VRTemplate/Materials/M_VRCursor.uasset" 617
"C:/Users/Margarida/Desktop/Thesis-Project-2025/Thesis_Project/Content/VRTemplate/Materials/M_VRCursor.uexp" 618
"C:/Users/Margarida/Desktop/Thesis-Project-2025/Thesis_Project/Content/VRTemplate/Input/Actions/IA_Menu_Cursor_Left.uasset" 619
"C:/Users/Margarida/Desktop/Thesis-Project-2025/Thesis_Project/Content/VRTemplate/Input/Actions/IA_Menu_Cursor_Left.uexp" 620
"C:/Users/Margarida/Desktop/Thesis-Project-2025/Thesis_Project/Content/VRTemplate/Input/Actions/IA_Menu_Cursor_Right.uasset" 621
"C:/Users/Margarida/Desktop/Thesis-Project-2025/Thesis_Project/Content/VRTemplate/Input/Actions/IA_Menu_Cursor_Right.uexp" 622
"C:/Users/Margarida/Desktop/Thesis-Project-2025/Thesis_Project/Content/VRTemplate/Input/Actions/IA_Menu_Interact_Left_Pressed.uasset" 623
"C:/Users/Margarida/Desktop/Thesis-Project-2025/Thesis_Project/Content/VRTemplate/Input/Actions/IA_Menu_Interact_Left_Pressed.uexp" 624
"C:/Users/Margarida/Desktop/Thesis-Project-2025/Thesis_Project/Content/VRTemplate/Input/Actions/IA_Menu_Interact_Right_Pressed.uasset" 625
"C:/Users/Margarida/Desktop/Thesis-Project-2025/Thesis_Project/Content/VRTemplate/Input/Actions/IA_Menu_Interact_Right_Pressed.uexp" 626
"C:/Users/Margarida/Desktop/Thesis-Project-2025/Thesis_Project/Content/VRTemplate/Input/IMC_Menu.uasset" 627
"C:/Users/Margarida/Desktop/Thesis-Project-2025/Thesis_Project/Content/VRTemplate/Input/IMC_Menu.uexp" 628
"../../../Engine/Content/EditorResources/AI/S_NavLink.uasset" 629
"../../../Engine/Content/EditorResources/AI/S_NavLink.uexp" 630
"C:/Users/Margarida/Desktop/Thesis-Project-2025/Thesis_Project/Content/VRTemplate/Blueprints/WidgetMenu.uasset" 631
"C:/Users/Margarida/Desktop/Thesis-Project-2025/Thesis_Project/Content/VRTemplate/Blueprints/WidgetMenu.uexp" 632
"C:/Users/Margarida/Desktop/Thesis-Project-2025/Thesis_Project/Content/VRTemplate/Blueprints/Menu.uasset" 633
"C:/Users/Margarida/Desktop/Thesis-Project-2025/Thesis_Project/Content/VRTemplate/Blueprints/Menu.uexp" 634
"C:/Users/Margarida/Desktop/Thesis-Project-2025/Thesis_Project/Content/VRTemplate/Blueprints/BPI_PawnAnim.uasset" 635
"C:/Users/Margarida/Desktop/Thesis-Project-2025/Thesis_Project/Content/VRTemplate/Blueprints/BPI_PawnAnim.uexp" 636
"C:/Users/Margarida/Desktop/Thesis-Project-2025/Thesis_Project/Content/Characters/MannequinsXR/Meshes/SKM_MannyXR_right.uasset" 637
"C:/Users/Margarida/Desktop/Thesis-Project-2025/Thesis_Project/Content/Characters/MannequinsXR/Meshes/SKM_MannyXR_right.uexp" 638
"C:/Users/Margarida/Desktop/Thesis-Project-2025/Thesis_Project/Content/VRTemplate/Blueprints/VRPawn.uasset" 639
"C:/Users/Margarida/Desktop/Thesis-Project-2025/Thesis_Project/Content/VRTemplate/Blueprints/VRPawn.uexp" 640
"C:/Users/Margarida/Desktop/Thesis-Project-2025/Thesis_Project/Content/VRTemplate/Blueprints/VRGameMode.uasset" 641
"C:/Users/Margarida/Desktop/Thesis-Project-2025/Thesis_Project/Content/VRTemplate/Blueprints/VRGameMode.uexp" 642
"../../../Engine/Content/Functions/Engine_MaterialFunctions01/Shading/PowerToRoughness.uasset" 643
"../../../Engine/Content/Functions/Engine_MaterialFunctions01/Shading/PowerToRoughness.uexp" 644
"../../../Engine/Content/Functions/Engine_MaterialFunctions01/Shading/ConvertFromDiffSpec.uasset" 645
"../../../Engine/Content/Functions/Engine_MaterialFunctions01/Shading/ConvertFromDiffSpec.uexp" 646
"../../../Engine/Content/EngineMeshes/Sphere.ubulk" 647
"../../../Engine/Content/EngineMeshes/Sphere.uasset" 648
"../../../Engine/Content/EngineMeshes/Sphere.uexp" 649
"../../../Engine/Plugins/2D/Paper2D/Content/DefaultSpriteMaterial.uasset" 650
"../../../Engine/Plugins/2D/Paper2D/Content/DefaultSpriteMaterial.uexp" 651
"../../../Engine/Plugins/2D/Paper2D/Content/OpaqueUnlitSpriteMaterial.uasset" 652
"../../../Engine/Plugins/2D/Paper2D/Content/OpaqueUnlitSpriteMaterial.uexp" 653
"../../../Engine/Plugins/2D/Paper2D/Content/MaskedUnlitSpriteMaterial.uasset" 654
"../../../Engine/Plugins/2D/Paper2D/Content/MaskedUnlitSpriteMaterial.uexp" 655
"../../../Engine/Plugins/Runtime/AR/AppleAR/AppleARKit/Content/M_OcclusionOverlay.uasset" 656
"../../../Engine/Plugins/Runtime/AR/AppleAR/AppleARKit/Content/M_OcclusionOverlay.uexp" 657
"../../../Engine/Plugins/Runtime/AR/AppleAR/AppleARKit/Content/MI_MatteOcclusionOverlay.uasset" 658
"../../../Engine/Plugins/Runtime/AR/AppleAR/AppleARKit/Content/MI_MatteOcclusionOverlay.uexp" 659
"../../../Engine/Plugins/Runtime/AR/AppleAR/AppleARKit/Content/MI_DepthOcclusionOverlay.uasset" 660
"../../../Engine/Plugins/Runtime/AR/AppleAR/AppleARKit/Content/MI_DepthOcclusionOverlay.uexp" 661
"../../../Engine/Content/EngineMaterials/WorldGridMaterial.uasset" 662
"../../../Engine/Content/EngineMaterials/WorldGridMaterial.uexp" 663
"../../../Engine/Plugins/Media/MediaPlate/Content/SM_MediaPlateScreen.ubulk" 664
"../../../Engine/Plugins/Media/MediaPlate/Content/SM_MediaPlateScreen.uasset" 665
"../../../Engine/Plugins/Media/MediaPlate/Content/SM_MediaPlateScreen.uexp" 666
"../../../Engine/Content/EditorLandscapeResources/SplineEditorMeshMat.uasset" 667
"../../../Engine/Content/EditorLandscapeResources/SplineEditorMeshMat.uexp" 668
"../../../Engine/Content/EditorLandscapeResources/SplineEditorMesh.ubulk" 669
"../../../Engine/Content/EditorLandscapeResources/SplineEditorMesh.uasset" 670
"../../../Engine/Content/EditorLandscapeResources/SplineEditorMesh.uexp" 671
"../../../Engine/Content/Functions/Engine_MaterialFunctions03/Math/WithinRangeFloat2.uasset" 672
"../../../Engine/Content/Functions/Engine_MaterialFunctions03/Math/WithinRangeFloat2.uexp" 673
"../../../Engine/Content/EditorLandscapeResources/SelectBrushMaterial.uasset" 674
"../../../Engine/Content/EditorLandscapeResources/SelectBrushMaterial.uexp" 675
"../../../Engine/Content/EditorLandscapeResources/SelectBrushMaterial_SelectedRegion.uasset" 676
"../../../Engine/Content/EditorLandscapeResources/SelectBrushMaterial_SelectedRegion.uexp" 677
"../../../Engine/Content/EditorLandscapeResources/SelectBrushMaterial_Selected.uasset" 678
"../../../Engine/Content/EditorLandscapeResources/SelectBrushMaterial_Selected.uexp" 679
"../../../Engine/Content/EditorLandscapeResources/MaskBrushMaterial.uasset" 680
"../../../Engine/Content/EditorLandscapeResources/MaskBrushMaterial.uexp" 681
"../../../Engine/Content/EditorLandscapeResources/MaskBrushMaterial_MaskedRegion.uasset" 682
"../../../Engine/Content/EditorLandscapeResources/MaskBrushMaterial_MaskedRegion.uexp" 683
"../../../Engine/Content/EditorLandscapeResources/ColorMaskBrushMaterial.uasset" 684
"../../../Engine/Content/EditorLandscapeResources/ColorMaskBrushMaterial.uexp" 685
"../../../Engine/Content/EditorLandscapeResources/ColorMaskBrushMaterial_MaskedRegion.uasset" 686
"../../../Engine/Content/EditorLandscapeResources/ColorMaskBrushMaterial_MaskedRegion.uexp" 687
"../../../Engine/Content/BasicShapes/Plane.ubulk" 688
"../../../Engine/Content/BasicShapes/Plane.uasset" 689
"../../../Engine/Content/BasicShapes/Plane.uexp" 690
"../../../Engine/Content/BasicShapes/Cube.ubulk" 691
"../../../Engine/Content/BasicShapes/Cube.uasset" 692
"../../../Engine/Content/BasicShapes/Cube.uexp" 693
"../../../Engine/Content/BasicShapes/Cone.ubulk" 694
"../../../Engine/Content/BasicShapes/Cone.uasset" 695
"../../../Engine/Content/BasicShapes/Cone.uexp" 696
"../../../Engine/Content/EngineResources/DefaultVolumeTexture2D.uasset" 697
"../../../Engine/Content/EngineResources/DefaultVolumeTexture2D.uexp" 698
"../../../Engine/Content/EngineResources/DefaultVolumeTexture.uasset" 699
"../../../Engine/Content/EngineResources/DefaultVolumeTexture.uexp" 700
"../../../Engine/Content/EngineResources/DefaultTextureCube.uasset" 701
"../../../Engine/Content/EngineResources/DefaultTextureCube.uexp" 702
"../../../Engine/Content/EngineResources/WhiteSquareTexture.uasset" 703
"../../../Engine/Content/EngineResources/WhiteSquareTexture.uexp" 704
"../../../Engine/Content/EngineMaterials/Widget3DPassThrough.uasset" 705
"../../../Engine/Content/EngineMaterials/Widget3DPassThrough.uexp" 706
"../../../Engine/Content/EngineMaterials/Widget3DPassThrough_Translucent.uasset" 707
"../../../Engine/Content/EngineMaterials/Widget3DPassThrough_Translucent.uexp" 708
"../../../Engine/Content/EngineMaterials/Widget3DPassThrough_Translucent_OneSided.uasset" 709
"../../../Engine/Content/EngineMaterials/Widget3DPassThrough_Translucent_OneSided.uexp" 710
"../../../Engine/Content/EngineMaterials/Widget3DPassThrough_Opaque.uasset" 711
"../../../Engine/Content/EngineMaterials/Widget3DPassThrough_Opaque.uexp" 712
"../../../Engine/Content/EngineMaterials/Widget3DPassThrough_Opaque_OneSided.uasset" 713
"../../../Engine/Content/EngineMaterials/Widget3DPassThrough_Opaque_OneSided.uexp" 714
"../../../Engine/Content/EngineMaterials/Widget3DPassThrough_Masked_OneSided.uasset" 715
"../../../Engine/Content/EngineMaterials/Widget3DPassThrough_Masked_OneSided.uexp" 716
"../../../Engine/Content/EngineMaterials/Widget3DPassThrough_Masked.uasset" 717
"../../../Engine/Content/EngineMaterials/Widget3DPassThrough_Masked.uexp" 718
"../../../Engine/Content/EngineMaterials/WeightMapPlaceholderTexture.uasset" 719
"../../../Engine/Content/EngineMaterials/WeightMapPlaceholderTexture.uexp" 720
"../../../Engine/Content/EngineMaterials/WeightMapArrayPlaceholderTexture.uasset" 721
"../../../Engine/Content/EngineMaterials/WeightMapArrayPlaceholderTexture.uexp" 722
"../../../Engine/Plugins/Runtime/AR/ARUtilities/Content/Materials/M_ScreenSpacePassthroughCamera.uasset" 723
"../../../Engine/Plugins/Runtime/AR/ARUtilities/Content/Materials/M_ScreenSpacePassthroughCamera.uexp" 724
"../../../Engine/Plugins/Runtime/AR/ARUtilities/Content/Materials/MI_ScreenSpacePassthroughCameraExternalTexture.uasset" 725
"../../../Engine/Plugins/Runtime/AR/ARUtilities/Content/Materials/MI_ScreenSpacePassthroughCameraExternalTexture.uexp" 726
"../../../Engine/Plugins/Animation/ControlRig/Content/Controls/ControlRig_Wedge_solid.ubulk" 727
"../../../Engine/Plugins/Animation/ControlRig/Content/Controls/ControlRig_Wedge_solid.uasset" 728
"../../../Engine/Plugins/Animation/ControlRig/Content/Controls/ControlRig_Wedge_solid.uexp" 729
"../../../Engine/Plugins/Animation/ControlRig/Content/Controls/ControlRig_Wedge_3mm.ubulk" 730
"../../../Engine/Plugins/Animation/ControlRig/Content/Controls/ControlRig_Wedge_3mm.uasset" 731
"../../../Engine/Plugins/Animation/ControlRig/Content/Controls/ControlRig_Wedge_3mm.uexp" 732
"../../../Engine/Plugins/Animation/ControlRig/Content/Controls/ControlRig_Wedge_1mm.ubulk" 733
"../../../Engine/Plugins/Animation/ControlRig/Content/Controls/ControlRig_Wedge_1mm.uasset" 734
"../../../Engine/Plugins/Animation/ControlRig/Content/Controls/ControlRig_Wedge_1mm.uexp" 735
"../../../Engine/Plugins/Animation/ControlRig/Content/Controls/ControlRig_Triangle_solid.ubulk" 736
"../../../Engine/Plugins/Animation/ControlRig/Content/Controls/ControlRig_Triangle_solid.uasset" 737
"../../../Engine/Plugins/Animation/ControlRig/Content/Controls/ControlRig_Triangle_solid.uexp" 738
"../../../Engine/Plugins/Animation/ControlRig/Content/Controls/ControlRig_Triangle_3mm.ubulk" 739
"../../../Engine/Plugins/Animation/ControlRig/Content/Controls/ControlRig_Triangle_3mm.uasset" 740
"../../../Engine/Plugins/Animation/ControlRig/Content/Controls/ControlRig_Triangle_3mm.uexp" 741
"../../../Engine/Plugins/Animation/ControlRig/Content/Controls/ControlRig_Triangle_1mm.ubulk" 742
"../../../Engine/Plugins/Animation/ControlRig/Content/Controls/ControlRig_Triangle_1mm.uasset" 743
"../../../Engine/Plugins/Animation/ControlRig/Content/Controls/ControlRig_Triangle_1mm.uexp" 744
"../../../Engine/Plugins/Animation/ControlRig/Content/Controls/ControlRig_Star4_solid.ubulk" 745
"../../../Engine/Plugins/Animation/ControlRig/Content/Controls/ControlRig_Star4_solid.uasset" 746
"../../../Engine/Plugins/Animation/ControlRig/Content/Controls/ControlRig_Star4_solid.uexp" 747
"../../../Engine/Plugins/Animation/ControlRig/Content/Controls/ControlRig_Star4_3mm.ubulk" 748
"../../../Engine/Plugins/Animation/ControlRig/Content/Controls/ControlRig_Star4_3mm.uasset" 749
"../../../Engine/Plugins/Animation/ControlRig/Content/Controls/ControlRig_Star4_3mm.uexp" 750
"../../../Engine/Plugins/Animation/ControlRig/Content/Controls/ControlRig_Star4_1mm.ubulk" 751
"../../../Engine/Plugins/Animation/ControlRig/Content/Controls/ControlRig_Star4_1mm.uasset" 752
"../../../Engine/Plugins/Animation/ControlRig/Content/Controls/ControlRig_Star4_1mm.uexp" 753
"../../../Engine/Plugins/Animation/ControlRig/Content/Controls/ControlRig_Square_solid.ubulk" 754
"../../../Engine/Plugins/Animation/ControlRig/Content/Controls/ControlRig_Square_solid.uasset" 755
"../../../Engine/Plugins/Animation/ControlRig/Content/Controls/ControlRig_Square_solid.uexp" 756
"../../../Engine/Plugins/Animation/ControlRig/Content/Controls/ControlRig_Square_Joystick.ubulk" 757
"../../../Engine/Plugins/Animation/ControlRig/Content/Controls/ControlRig_Square_Joystick.uasset" 758
"../../../Engine/Plugins/Animation/ControlRig/Content/Controls/ControlRig_Square_Joystick.uexp" 759
"../../../Engine/Plugins/Animation/ControlRig/Content/Controls/ControlRig_Square_3mm.ubulk" 760
"../../../Engine/Plugins/Animation/ControlRig/Content/Controls/ControlRig_Square_3mm.uasset" 761
"../../../Engine/Plugins/Animation/ControlRig/Content/Controls/ControlRig_Square_3mm.uexp" 762
"../../../Engine/Plugins/Animation/ControlRig/Content/Controls/ControlRig_Square_1mm.ubulk" 763
"../../../Engine/Plugins/Animation/ControlRig/Content/Controls/ControlRig_Square_1mm.uasset" 764
"../../../Engine/Plugins/Animation/ControlRig/Content/Controls/ControlRig_Square_1mm.uexp" 765
"../../../Engine/Plugins/Animation/ControlRig/Content/Controls/ControlRig_Sphere_solid.ubulk" 766
"../../../Engine/Plugins/Animation/ControlRig/Content/Controls/ControlRig_Sphere_solid.uasset" 767
"../../../Engine/Plugins/Animation/ControlRig/Content/Controls/ControlRig_Sphere_solid.uexp" 768
"../../../Engine/Plugins/Animation/ControlRig/Content/Controls/ControlRig_Sphere_3mm.ubulk" 769
"../../../Engine/Plugins/Animation/ControlRig/Content/Controls/ControlRig_Sphere_3mm.uasset" 770
"../../../Engine/Plugins/Animation/ControlRig/Content/Controls/ControlRig_Sphere_3mm.uexp" 771
"../../../Engine/Plugins/Animation/ControlRig/Content/Controls/ControlRig_Sphere_1mm.ubulk" 772
"../../../Engine/Plugins/Animation/ControlRig/Content/Controls/ControlRig_Sphere_1mm.uasset" 773
"../../../Engine/Plugins/Animation/ControlRig/Content/Controls/ControlRig_Sphere_1mm.uexp" 774
"../../../Engine/Plugins/Animation/ControlRig/Content/Controls/ControlRig_RoundedTriangle_solid.ubulk" 775
"../../../Engine/Plugins/Animation/ControlRig/Content/Controls/ControlRig_RoundedTriangle_solid.uasset" 776
"../../../Engine/Plugins/Animation/ControlRig/Content/Controls/ControlRig_RoundedTriangle_solid.uexp" 777
"../../../Engine/Plugins/Animation/ControlRig/Content/Controls/ControlRig_RoundedTriangle_3mm.ubulk" 778
"../../../Engine/Plugins/Animation/ControlRig/Content/Controls/ControlRig_RoundedTriangle_3mm.uasset" 779
"../../../Engine/Plugins/Animation/ControlRig/Content/Controls/ControlRig_RoundedTriangle_3mm.uexp" 780
"../../../Engine/Plugins/Animation/ControlRig/Content/Controls/ControlRig_RoundedTriangle_1mm.ubulk" 781
"../../../Engine/Plugins/Animation/ControlRig/Content/Controls/ControlRig_RoundedTriangle_1mm.uasset" 782
"../../../Engine/Plugins/Animation/ControlRig/Content/Controls/ControlRig_RoundedTriangle_1mm.uexp" 783
"../../../Engine/Plugins/Animation/ControlRig/Content/Controls/ControlRig_RoundedSquare_solid.ubulk" 784
"../../../Engine/Plugins/Animation/ControlRig/Content/Controls/ControlRig_RoundedSquare_solid.uasset" 785
"../../../Engine/Plugins/Animation/ControlRig/Content/Controls/ControlRig_RoundedSquare_solid.uexp" 786
"../../../Engine/Plugins/Animation/ControlRig/Content/Controls/ControlRig_RoundedSquare_3mm.ubulk" 787
"../../../Engine/Plugins/Animation/ControlRig/Content/Controls/ControlRig_RoundedSquare_3mm.uasset" 788
"../../../Engine/Plugins/Animation/ControlRig/Content/Controls/ControlRig_RoundedSquare_3mm.uexp" 789
"../../../Engine/Plugins/Animation/ControlRig/Content/Controls/ControlRig_RoundedSquare_1mm.ubulk" 790
"../../../Engine/Plugins/Animation/ControlRig/Content/Controls/ControlRig_RoundedSquare_1mm.uasset" 791
"../../../Engine/Plugins/Animation/ControlRig/Content/Controls/ControlRig_RoundedSquare_1mm.uexp" 792
"../../../Engine/Plugins/Animation/ControlRig/Content/Controls/ControlRig_QuarterCircle_solid.ubulk" 793
"../../../Engine/Plugins/Animation/ControlRig/Content/Controls/ControlRig_QuarterCircle_solid.uasset" 794
"../../../Engine/Plugins/Animation/ControlRig/Content/Controls/ControlRig_QuarterCircle_solid.uexp" 795
"../../../Engine/Plugins/Animation/ControlRig/Content/Controls/ControlRig_QuarterCircle_3mm.ubulk" 796
"../../../Engine/Plugins/Animation/ControlRig/Content/Controls/ControlRig_QuarterCircle_3mm.uasset" 797
"../../../Engine/Plugins/Animation/ControlRig/Content/Controls/ControlRig_QuarterCircle_3mm.uexp" 798
"../../../Engine/Plugins/Animation/ControlRig/Content/Controls/ControlRig_QuarterCircle_1mm.ubulk" 799
"../../../Engine/Plugins/Animation/ControlRig/Content/Controls/ControlRig_QuarterCircle_1mm.uasset" 800
"../../../Engine/Plugins/Animation/ControlRig/Content/Controls/ControlRig_QuarterCircle_1mm.uexp" 801
"../../../Engine/Plugins/Animation/ControlRig/Content/Controls/ControlRig_Pyramid_solid.ubulk" 802
"../../../Engine/Plugins/Animation/ControlRig/Content/Controls/ControlRig_Pyramid_solid.uasset" 803
"../../../Engine/Plugins/Animation/ControlRig/Content/Controls/ControlRig_Pyramid_solid.uexp" 804
"../../../Engine/Plugins/Animation/ControlRig/Content/Controls/ControlRig_Pyramid_3mm.ubulk" 805
"../../../Engine/Plugins/Animation/ControlRig/Content/Controls/ControlRig_Pyramid_3mm.uasset" 806
"../../../Engine/Plugins/Animation/ControlRig/Content/Controls/ControlRig_Pyramid_3mm.uexp" 807
"../../../Engine/Plugins/Animation/ControlRig/Content/Controls/ControlRig_Pyramid_1mm.ubulk" 808
"../../../Engine/Plugins/Animation/ControlRig/Content/Controls/ControlRig_Pyramid_1mm.uasset" 809
"../../../Engine/Plugins/Animation/ControlRig/Content/Controls/ControlRig_Pyramid_1mm.uexp" 810
"../../../Engine/Plugins/Animation/ControlRig/Content/Controls/ControlRig_Octagon_solid.ubulk" 811
"../../../Engine/Plugins/Animation/ControlRig/Content/Controls/ControlRig_Octagon_solid.uasset" 812
"../../../Engine/Plugins/Animation/ControlRig/Content/Controls/ControlRig_Octagon_solid.uexp" 813
"../../../Engine/Plugins/Animation/ControlRig/Content/Controls/ControlRig_Octagon_3mm.ubulk" 814
"../../../Engine/Plugins/Animation/ControlRig/Content/Controls/ControlRig_Octagon_3mm.uasset" 815
"../../../Engine/Plugins/Animation/ControlRig/Content/Controls/ControlRig_Octagon_3mm.uexp" 816
"../../../Engine/Plugins/Animation/ControlRig/Content/Controls/ControlRig_Octagon_1mm.ubulk" 817
"../../../Engine/Plugins/Animation/ControlRig/Content/Controls/ControlRig_Octagon_1mm.uasset" 818
"../../../Engine/Plugins/Animation/ControlRig/Content/Controls/ControlRig_Octagon_1mm.uexp" 819
"../../../Engine/Plugins/Animation/ControlRig/Content/Controls/ControlRig_Line.ubulk" 820
"../../../Engine/Plugins/Animation/ControlRig/Content/Controls/ControlRig_Line.uasset" 821
"../../../Engine/Plugins/Animation/ControlRig/Content/Controls/ControlRig_Line.uexp" 822
"../../../Engine/Plugins/Animation/ControlRig/Content/Controls/ControlRig_Hexagon_solid.ubulk" 823
"../../../Engine/Plugins/Animation/ControlRig/Content/Controls/ControlRig_Hexagon_solid.uasset" 824
"../../../Engine/Plugins/Animation/ControlRig/Content/Controls/ControlRig_Hexagon_solid.uexp" 825
"../../../Engine/Plugins/Animation/ControlRig/Content/Controls/ControlRig_Hexagon_3mm.ubulk" 826
"../../../Engine/Plugins/Animation/ControlRig/Content/Controls/ControlRig_Hexagon_3mm.uasset" 827
"../../../Engine/Plugins/Animation/ControlRig/Content/Controls/ControlRig_Hexagon_3mm.uexp" 828
"../../../Engine/Plugins/Animation/ControlRig/Content/Controls/ControlRig_Hexagon_1mm.ubulk" 829
"../../../Engine/Plugins/Animation/ControlRig/Content/Controls/ControlRig_Hexagon_1mm.uasset" 830
"../../../Engine/Plugins/Animation/ControlRig/Content/Controls/ControlRig_Hexagon_1mm.uexp" 831
"../../../Engine/Plugins/Animation/ControlRig/Content/Controls/ControlRig_HalfCircle_solid.ubulk" 832
"../../../Engine/Plugins/Animation/ControlRig/Content/Controls/ControlRig_HalfCircle_solid.uasset" 833
"../../../Engine/Plugins/Animation/ControlRig/Content/Controls/ControlRig_HalfCircle_solid.uexp" 834
"../../../Engine/Plugins/Animation/ControlRig/Content/Controls/ControlRig_HalfCircle_3mm.ubulk" 835
"../../../Engine/Plugins/Animation/ControlRig/Content/Controls/ControlRig_HalfCircle_3mm.uasset" 836
"../../../Engine/Plugins/Animation/ControlRig/Content/Controls/ControlRig_HalfCircle_3mm.uexp" 837
"../../../Engine/Plugins/Animation/ControlRig/Content/Controls/ControlRig_HalfCircle_1mm.ubulk" 838
"../../../Engine/Plugins/Animation/ControlRig/Content/Controls/ControlRig_HalfCircle_1mm.uasset" 839
"../../../Engine/Plugins/Animation/ControlRig/Content/Controls/ControlRig_HalfCircle_1mm.uexp" 840
"../../../Engine/Plugins/Animation/ControlRig/Content/Controls/ControlRig_Diamond_solid.ubulk" 841
"../../../Engine/Plugins/Animation/ControlRig/Content/Controls/ControlRig_Diamond_solid.uasset" 842
"../../../Engine/Plugins/Animation/ControlRig/Content/Controls/ControlRig_Diamond_solid.uexp" 843
"../../../Engine/Plugins/Animation/ControlRig/Content/Controls/ControlRig_Diamond_3mm.ubulk" 844
"../../../Engine/Plugins/Animation/ControlRig/Content/Controls/ControlRig_Diamond_3mm.uasset" 845
"../../../Engine/Plugins/Animation/ControlRig/Content/Controls/ControlRig_Diamond_3mm.uexp" 846
"../../../Engine/Plugins/Animation/ControlRig/Content/Controls/ControlRig_Diamond_1mm.ubulk" 847
"../../../Engine/Plugins/Animation/ControlRig/Content/Controls/ControlRig_Diamond_1mm.uasset" 848
"../../../Engine/Plugins/Animation/ControlRig/Content/Controls/ControlRig_Diamond_1mm.uexp" 849
"../../../Engine/Plugins/Animation/ControlRig/Content/Controls/ControlRig_Circle_solid.ubulk" 850
"../../../Engine/Plugins/Animation/ControlRig/Content/Controls/ControlRig_Circle_solid.uasset" 851
"../../../Engine/Plugins/Animation/ControlRig/Content/Controls/ControlRig_Circle_solid.uexp" 852
"../../../Engine/Plugins/Animation/ControlRig/Content/Controls/ControlRig_Circle_3mm.ubulk" 853
"../../../Engine/Plugins/Animation/ControlRig/Content/Controls/ControlRig_Circle_3mm.uasset" 854
"../../../Engine/Plugins/Animation/ControlRig/Content/Controls/ControlRig_Circle_3mm.uexp" 855
"../../../Engine/Plugins/Animation/ControlRig/Content/Controls/ControlRig_Circle_1mm.ubulk" 856
"../../../Engine/Plugins/Animation/ControlRig/Content/Controls/ControlRig_Circle_1mm.uasset" 857
"../../../Engine/Plugins/Animation/ControlRig/Content/Controls/ControlRig_Circle_1mm.uexp" 858
"../../../Engine/Plugins/Animation/ControlRig/Content/Controls/ControlRig_Box_solid.ubulk" 859
"../../../Engine/Plugins/Animation/ControlRig/Content/Controls/ControlRig_Box_solid.uasset" 860
"../../../Engine/Plugins/Animation/ControlRig/Content/Controls/ControlRig_Box_solid.uexp" 861
"../../../Engine/Plugins/Animation/ControlRig/Content/Controls/ControlRig_Box_3mm.ubulk" 862
"../../../Engine/Plugins/Animation/ControlRig/Content/Controls/ControlRig_Box_3mm.uasset" 863
"../../../Engine/Plugins/Animation/ControlRig/Content/Controls/ControlRig_Box_3mm.uexp" 864
"../../../Engine/Plugins/Animation/ControlRig/Content/Controls/ControlRig_Box_1mm.ubulk" 865
"../../../Engine/Plugins/Animation/ControlRig/Content/Controls/ControlRig_Box_1mm.uasset" 866
"../../../Engine/Plugins/Animation/ControlRig/Content/Controls/ControlRig_Box_1mm.uexp" 867
"../../../Engine/Plugins/Animation/ControlRig/Content/Controls/ControlRig_Arrow_solid.ubulk" 868
"../../../Engine/Plugins/Animation/ControlRig/Content/Controls/ControlRig_Arrow_solid.uasset" 869
"../../../Engine/Plugins/Animation/ControlRig/Content/Controls/ControlRig_Arrow_solid.uexp" 870
"../../../Engine/Plugins/Animation/ControlRig/Content/Controls/ControlRig_Arrow_3mm.ubulk" 871
"../../../Engine/Plugins/Animation/ControlRig/Content/Controls/ControlRig_Arrow_3mm.uasset" 872
"../../../Engine/Plugins/Animation/ControlRig/Content/Controls/ControlRig_Arrow_3mm.uexp" 873
"../../../Engine/Plugins/Animation/ControlRig/Content/Controls/ControlRig_Arrow_1mm.ubulk" 874
"../../../Engine/Plugins/Animation/ControlRig/Content/Controls/ControlRig_Arrow_1mm.uasset" 875
"../../../Engine/Plugins/Animation/ControlRig/Content/Controls/ControlRig_Arrow_1mm.uexp" 876
"../../../Engine/Plugins/Animation/ControlRig/Content/Controls/ControlRig_Arrow4_solid.ubulk" 877
"../../../Engine/Plugins/Animation/ControlRig/Content/Controls/ControlRig_Arrow4_solid.uasset" 878
"../../../Engine/Plugins/Animation/ControlRig/Content/Controls/ControlRig_Arrow4_solid.uexp" 879
"../../../Engine/Plugins/Animation/ControlRig/Content/Controls/ControlRig_Arrow4_3mm.ubulk" 880
"../../../Engine/Plugins/Animation/ControlRig/Content/Controls/ControlRig_Arrow4_3mm.uasset" 881
"../../../Engine/Plugins/Animation/ControlRig/Content/Controls/ControlRig_Arrow4_3mm.uexp" 882
"../../../Engine/Plugins/Animation/ControlRig/Content/Controls/ControlRig_Arrow4_1mm.ubulk" 883
"../../../Engine/Plugins/Animation/ControlRig/Content/Controls/ControlRig_Arrow4_1mm.uasset" 884
"../../../Engine/Plugins/Animation/ControlRig/Content/Controls/ControlRig_Arrow4_1mm.uexp" 885
"../../../Engine/Plugins/Animation/ControlRig/Content/Controls/ControlRig_Arrow2_solid.ubulk" 886
"../../../Engine/Plugins/Animation/ControlRig/Content/Controls/ControlRig_Arrow2_solid.uasset" 887
"../../../Engine/Plugins/Animation/ControlRig/Content/Controls/ControlRig_Arrow2_solid.uexp" 888
"../../../Engine/Plugins/Animation/ControlRig/Content/Controls/ControlRig_Arrow2_3mm.ubulk" 889
"../../../Engine/Plugins/Animation/ControlRig/Content/Controls/ControlRig_Arrow2_3mm.uasset" 890
"../../../Engine/Plugins/Animation/ControlRig/Content/Controls/ControlRig_Arrow2_3mm.uexp" 891
"../../../Engine/Plugins/Animation/ControlRig/Content/Controls/ControlRig_Arrow2_1mm.ubulk" 892
"../../../Engine/Plugins/Animation/ControlRig/Content/Controls/ControlRig_Arrow2_1mm.uasset" 893
"../../../Engine/Plugins/Animation/ControlRig/Content/Controls/ControlRig_Arrow2_1mm.uexp" 894
"../../../Engine/Content/EditorMaterials/Camera/CineMat.uasset" 895
"../../../Engine/Content/EditorMaterials/Camera/CineMat.uexp" 896
"../../../Engine/Content/EditorMaterials/Camera/MI_CineMat_Rig.uasset" 897
"../../../Engine/Content/EditorMaterials/Camera/MI_CineMat_Rig.uexp" 898
"../../../Engine/Content/EditorMeshes/Camera/SM_RailRig_Track.ubulk" 899
"../../../Engine/Content/EditorMeshes/Camera/SM_RailRig_Track.uasset" 900
"../../../Engine/Content/EditorMeshes/Camera/SM_RailRig_Track.uexp" 901
"../../../Engine/Content/EditorMeshes/Camera/SM_RailRig_Mount.ubulk" 902
"../../../Engine/Content/EditorMeshes/Camera/SM_RailRig_Mount.uasset" 903
"../../../Engine/Content/EditorMeshes/Camera/SM_RailRig_Mount.uexp" 904
"../../../Engine/Content/EditorMeshes/Camera/SM_CraneRig_Mount.ubulk" 905
"../../../Engine/Content/EditorMeshes/Camera/SM_CraneRig_Mount.uasset" 906
"../../../Engine/Content/EditorMeshes/Camera/SM_CraneRig_Mount.uexp" 907
"../../../Engine/Content/EditorMeshes/Camera/SM_CraneRig_Body.ubulk" 908
"../../../Engine/Content/EditorMeshes/Camera/SM_CraneRig_Body.uasset" 909
"../../../Engine/Content/EditorMeshes/Camera/SM_CraneRig_Body.uexp" 910
"../../../Engine/Content/EditorMeshes/Camera/SM_CraneRig_Base.ubulk" 911
"../../../Engine/Content/EditorMeshes/Camera/SM_CraneRig_Base.uasset" 912
"../../../Engine/Content/EditorMeshes/Camera/SM_CraneRig_Base.uexp" 913
"../../../Engine/Content/EditorMeshes/Camera/SM_CraneRig_Arm.ubulk" 914
"../../../Engine/Content/EditorMeshes/Camera/SM_CraneRig_Arm.uasset" 915
"../../../Engine/Content/EditorMeshes/Camera/SM_CraneRig_Arm.uexp" 916
"../../../Engine/Content/EngineResources/Black.uasset" 917
"../../../Engine/Content/EngineResources/Black.uexp" 918
"../../../Engine/Plugins/Runtime/OpenXR/Content/Devices/M_XRController.uasset" 919
"../../../Engine/Plugins/Runtime/OpenXR/Content/Devices/M_XRController.uexp" 920
"../../../Engine/Plugins/Runtime/OpenXR/Content/Devices/OculusGo/BaseTexture.ubulk" 921
"../../../Engine/Plugins/Runtime/OpenXR/Content/Devices/OculusGo/BaseTexture.uasset" 922
"../../../Engine/Plugins/Runtime/OpenXR/Content/Devices/OculusGo/BaseTexture.uexp" 923
"../../../Engine/Plugins/Runtime/OpenXR/Content/Devices/OculusGo/MI_OculusGo.uasset" 924
"../../../Engine/Plugins/Runtime/OpenXR/Content/Devices/OculusGo/MI_OculusGo.uexp" 925
"../../../Engine/Plugins/Runtime/OpenXR/Content/Devices/OculusGo/OculusGoController.ubulk" 926
"../../../Engine/Plugins/Runtime/OpenXR/Content/Devices/OculusGo/OculusGoController.uasset" 927
"../../../Engine/Plugins/Runtime/OpenXR/Content/Devices/OculusGo/OculusGoController.uexp" 928
"../../../Engine/Plugins/Runtime/OpenXR/Content/Devices/HTCVive/BaseTexture.ubulk" 929
"../../../Engine/Plugins/Runtime/OpenXR/Content/Devices/HTCVive/BaseTexture.uasset" 930
"../../../Engine/Plugins/Runtime/OpenXR/Content/Devices/HTCVive/BaseTexture.uexp" 931
"../../../Engine/Plugins/Runtime/OpenXR/Content/Devices/HTCVive/MI_HTCVive.uasset" 932
"../../../Engine/Plugins/Runtime/OpenXR/Content/Devices/HTCVive/MI_HTCVive.uexp" 933
"../../../Engine/Plugins/Runtime/OpenXR/Content/Devices/HTCVive/HTCViveController.ubulk" 934
"../../../Engine/Plugins/Runtime/OpenXR/Content/Devices/HTCVive/HTCViveController.uasset" 935
"../../../Engine/Plugins/Runtime/OpenXR/Content/Devices/HTCVive/HTCViveController.uexp" 936
"../../../Engine/Plugins/Interchange/Assets/Content/gltf/Textures/T_White_srgb.uasset" 937
"../../../Engine/Plugins/Interchange/Assets/Content/gltf/Textures/T_White_srgb.uexp" 938
"../../../Engine/Plugins/Interchange/Assets/Content/gltf/MaterialFunctions/MF_BaseColor.uasset" 939
"../../../Engine/Plugins/Interchange/Assets/Content/gltf/MaterialFunctions/MF_BaseColor.uexp" 940
"../../../Engine/Plugins/Interchange/Assets/Content/gltf/MaterialFunctions/MF_RotateV2.uasset" 941
"../../../Engine/Plugins/Interchange/Assets/Content/gltf/MaterialFunctions/MF_RotateV2.uexp" 942
"../../../Engine/Plugins/Interchange/Assets/Content/gltf/MaterialFunctions/MF_TransformUVs.uasset" 943
"../../../Engine/Plugins/Interchange/Assets/Content/gltf/MaterialFunctions/MF_TransformUVs.uexp" 944
"../../../Engine/Plugins/Interchange/Assets/Content/gltf/MaterialBodies/MF_Unlit_Body.uasset" 945
"../../../Engine/Plugins/Interchange/Assets/Content/gltf/MaterialBodies/MF_Unlit_Body.uexp" 946
"../../../Engine/Plugins/Interchange/Assets/Content/gltf/M_Unlit.uasset" 947
"../../../Engine/Plugins/Interchange/Assets/Content/gltf/M_Unlit.uexp" 948
"../../../Engine/Plugins/Interchange/Assets/Content/gltf/MaterialInstances/MI_Unlit_Opaque_DS.uasset" 949
"../../../Engine/Plugins/Interchange/Assets/Content/gltf/MaterialInstances/MI_Unlit_Opaque_DS.uexp" 950
"../../../Engine/Plugins/Interchange/Assets/Content/gltf/MaterialInstances/MI_Unlit_Opaque.uasset" 951
"../../../Engine/Plugins/Interchange/Assets/Content/gltf/MaterialInstances/MI_Unlit_Opaque.uexp" 952
"../../../Engine/Plugins/Interchange/Assets/Content/gltf/MaterialInstances/MI_Unlit_Mask_DS.uasset" 953
"../../../Engine/Plugins/Interchange/Assets/Content/gltf/MaterialInstances/MI_Unlit_Mask_DS.uexp" 954
"../../../Engine/Plugins/Interchange/Assets/Content/gltf/MaterialInstances/MI_Unlit_Mask.uasset" 955
"../../../Engine/Plugins/Interchange/Assets/Content/gltf/MaterialInstances/MI_Unlit_Mask.uexp" 956
"../../../Engine/Plugins/Interchange/Assets/Content/gltf/MaterialInstances/MI_Unlit_Blend_DS.uasset" 957
"../../../Engine/Plugins/Interchange/Assets/Content/gltf/MaterialInstances/MI_Unlit_Blend_DS.uexp" 958
"../../../Engine/Plugins/Interchange/Assets/Content/gltf/MaterialInstances/MI_Unlit_Blend.uasset" 959
"../../../Engine/Plugins/Interchange/Assets/Content/gltf/MaterialInstances/MI_Unlit_Blend.uexp" 960
"../../../Engine/Content/Functions/Engine_MaterialFunctions02/Texturing/ScreenAlignedPixelToPixelUVs.uasset" 961
"../../../Engine/Content/Functions/Engine_MaterialFunctions02/Texturing/ScreenAlignedPixelToPixelUVs.uexp" 962
"../../../Engine/Plugins/Interchange/Assets/Content/Utilities/New_LUT.uasset" 963
"../../../Engine/Plugins/Interchange/Assets/Content/Utilities/New_LUT.uexp" 964
"../../../Engine/Content/Functions/Engine_MaterialFunctions03/Math/RemapValueRange.uasset" 965
"../../../Engine/Content/Functions/Engine_MaterialFunctions03/Math/RemapValueRange.uexp" 966
"../../../Engine/Plugins/Interchange/Assets/Content/Functions/MF_Iridescence.uasset" 967
"../../../Engine/Plugins/Interchange/Assets/Content/Functions/MF_Iridescence.uexp" 968
"../../../Engine/Plugins/Interchange/Assets/Content/gltf/MaterialFunctions/MF_Fresnel_DS.uasset" 969
"../../../Engine/Plugins/Interchange/Assets/Content/gltf/MaterialFunctions/MF_Fresnel_DS.uexp" 970
"../../../Engine/Plugins/Interchange/Assets/Content/gltf/MaterialFunctions/MF_IOR.uasset" 971
"../../../Engine/Plugins/Interchange/Assets/Content/gltf/MaterialFunctions/MF_IOR.uexp" 972
"../../../Engine/Plugins/Interchange/Assets/Content/gltf/MaterialFunctions/MF_Iridescence.uasset" 973
"../../../Engine/Plugins/Interchange/Assets/Content/gltf/MaterialFunctions/MF_Iridescence.uexp" 974
"../../../Engine/Plugins/Interchange/Assets/Content/gltf/Textures/T_White_Linear.uasset" 975
"../../../Engine/Plugins/Interchange/Assets/Content/gltf/Textures/T_White_Linear.uexp" 976
"../../../Engine/Plugins/Interchange/Assets/Content/gltf/MaterialFunctions/MF_MetallicRoughness.uasset" 977
"../../../Engine/Plugins/Interchange/Assets/Content/gltf/MaterialFunctions/MF_MetallicRoughness.uexp" 978
"../../../Engine/Content/Functions/Engine_MaterialFunctions02/Math/Transform3x3Matrix.uasset" 979
"../../../Engine/Content/Functions/Engine_MaterialFunctions02/Math/Transform3x3Matrix.uexp" 980
"../../../Engine/Plugins/Interchange/Assets/Content/gltf/MaterialFunctions/MF_RotateNormals_TS.uasset" 981
"../../../Engine/Plugins/Interchange/Assets/Content/gltf/MaterialFunctions/MF_RotateNormals_TS.uexp" 982
"../../../Engine/Plugins/Interchange/Assets/Content/gltf/MaterialFunctions/MF_ScaleNormal.uasset" 983
"../../../Engine/Plugins/Interchange/Assets/Content/gltf/MaterialFunctions/MF_ScaleNormal.uexp" 984
"../../../Engine/Plugins/Interchange/Assets/Content/gltf/Textures/T_Generic_N.uasset" 985
"../../../Engine/Plugins/Interchange/Assets/Content/gltf/Textures/T_Generic_N.uexp" 986
"../../../Engine/Plugins/Interchange/Assets/Content/gltf/MaterialFunctions/MF_Normals.uasset" 987
"../../../Engine/Plugins/Interchange/Assets/Content/gltf/MaterialFunctions/MF_Normals.uexp" 988
"../../../Engine/Plugins/Interchange/Assets/Content/gltf/MaterialFunctions/MF_Occlusion.uasset" 989
"../../../Engine/Plugins/Interchange/Assets/Content/gltf/MaterialFunctions/MF_Occlusion.uexp" 990
"../../../Engine/Plugins/Interchange/Assets/Content/gltf/MaterialFunctions/MF_Specular.uasset" 991
"../../../Engine/Plugins/Interchange/Assets/Content/gltf/MaterialFunctions/MF_Specular.uexp" 992
"../../../Engine/Plugins/Interchange/Assets/Content/gltf/Textures/T_Anisotropy_Direction_Linear.uasset" 993
"../../../Engine/Plugins/Interchange/Assets/Content/gltf/Textures/T_Anisotropy_Direction_Linear.uexp" 994
"../../../Engine/Plugins/Interchange/Assets/Content/gltf/MaterialFunctions/MF_SpecularAnisotropy.uasset" 995
"../../../Engine/Plugins/Interchange/Assets/Content/gltf/MaterialFunctions/MF_SpecularAnisotropy.uexp" 996
"../../../Engine/Plugins/Interchange/Assets/Content/gltf/MaterialFunctions/MF_Temporal_Blur.uasset" 997
"../../../Engine/Plugins/Interchange/Assets/Content/gltf/MaterialFunctions/MF_Temporal_Blur.uexp" 998
"../../../Engine/Plugins/Interchange/Assets/Content/gltf/MaterialFunctions/MF_Transmission.uasset" 999
"../../../Engine/Plugins/Interchange/Assets/Content/gltf/MaterialFunctions/MF_Transmission.uexp" 1000
"../../../Engine/Plugins/Interchange/Assets/Content/gltf/MaterialBodies/MF_Transmission_Body.uasset" 1001
"../../../Engine/Plugins/Interchange/Assets/Content/gltf/MaterialBodies/MF_Transmission_Body.uexp" 1002
"../../../Engine/Plugins/Interchange/Assets/Content/gltf/M_Transmission.uasset" 1003
"../../../Engine/Plugins/Interchange/Assets/Content/gltf/M_Transmission.uexp" 1004
"../../../Engine/Plugins/Interchange/Assets/Content/gltf/MaterialInstances/MI_Transmission_DS.uasset" 1005
"../../../Engine/Plugins/Interchange/Assets/Content/gltf/MaterialInstances/MI_Transmission_DS.uexp" 1006
"../../../Engine/Plugins/Interchange/Assets/Content/gltf/MaterialInstances/MI_Transmission.uasset" 1007
"../../../Engine/Plugins/Interchange/Assets/Content/gltf/MaterialInstances/MI_Transmission.uexp" 1008
"../../../Engine/Content/Functions/Engine_MaterialFunctions02/Math/AddComponents.uasset" 1009
"../../../Engine/Content/Functions/Engine_MaterialFunctions02/Math/AddComponents.uexp" 1010
"../../../Engine/Plugins/Interchange/Assets/Content/gltf/MaterialFunctions/MF_DiffuseSpecGloss.uasset" 1011
"../../../Engine/Plugins/Interchange/Assets/Content/gltf/MaterialFunctions/MF_DiffuseSpecGloss.uexp" 1012
"../../../Engine/Plugins/Interchange/Assets/Content/gltf/MaterialFunctions/MF_Emissive.uasset" 1013
"../../../Engine/Plugins/Interchange/Assets/Content/gltf/MaterialFunctions/MF_Emissive.uexp" 1014
"../../../Engine/Plugins/Interchange/Assets/Content/gltf/MaterialFunctions/MF_MaxComponentValue.uasset" 1015
"../../../Engine/Plugins/Interchange/Assets/Content/gltf/MaterialFunctions/MF_MaxComponentValue.uexp" 1016
"../../../Engine/Plugins/Interchange/Assets/Content/gltf/MaterialFunctions/MF_PerceivedBrightness.uasset" 1017
"../../../Engine/Plugins/Interchange/Assets/Content/gltf/MaterialFunctions/MF_PerceivedBrightness.uexp" 1018
"../../../Engine/Plugins/Interchange/Assets/Content/gltf/MaterialFunctions/MF_SpecGlossToMetalRoughness.uasset" 1019
"../../../Engine/Plugins/Interchange/Assets/Content/gltf/MaterialFunctions/MF_SpecGlossToMetalRoughness.uexp" 1020
"../../../Engine/Plugins/Interchange/Assets/Content/gltf/MaterialBodies/MF_SpecularGlossiness_Body.uasset" 1021
"../../../Engine/Plugins/Interchange/Assets/Content/gltf/MaterialBodies/MF_SpecularGlossiness_Body.uexp" 1022
"../../../Engine/Plugins/Interchange/Assets/Content/gltf/M_SpecularGlossiness.uasset" 1023
"../../../Engine/Plugins/Interchange/Assets/Content/gltf/M_SpecularGlossiness.uexp" 1024
"../../../Engine/Plugins/Interchange/Assets/Content/gltf/MaterialInstances/MI_SpecularGlossiness_Opaque_DS.uasset" 1025
"../../../Engine/Plugins/Interchange/Assets/Content/gltf/MaterialInstances/MI_SpecularGlossiness_Opaque_DS.uexp" 1026
"../../../Engine/Plugins/Interchange/Assets/Content/gltf/MaterialInstances/MI_SpecularGlossiness_Opaque.uasset" 1027
"../../../Engine/Plugins/Interchange/Assets/Content/gltf/MaterialInstances/MI_SpecularGlossiness_Opaque.uexp" 1028
"../../../Engine/Plugins/Interchange/Assets/Content/gltf/MaterialInstances/MI_SpecularGlossiness_Mask_DS.uasset" 1029
"../../../Engine/Plugins/Interchange/Assets/Content/gltf/MaterialInstances/MI_SpecularGlossiness_Mask_DS.uexp" 1030
"../../../Engine/Plugins/Interchange/Assets/Content/gltf/MaterialInstances/MI_SpecularGlossiness_Mask.uasset" 1031
"../../../Engine/Plugins/Interchange/Assets/Content/gltf/MaterialInstances/MI_SpecularGlossiness_Mask.uexp" 1032
"../../../Engine/Plugins/Interchange/Assets/Content/gltf/MaterialInstances/MI_SpecularGlossiness_Blend_DS.uasset" 1033
"../../../Engine/Plugins/Interchange/Assets/Content/gltf/MaterialInstances/MI_SpecularGlossiness_Blend_DS.uexp" 1034
"../../../Engine/Plugins/Interchange/Assets/Content/gltf/MaterialInstances/MI_SpecularGlossiness_Blend.uasset" 1035
"../../../Engine/Plugins/Interchange/Assets/Content/gltf/MaterialInstances/MI_SpecularGlossiness_Blend.uexp" 1036
"../../../Engine/Plugins/Interchange/Assets/Content/gltf/MaterialFunctions/MF_Sheen.uasset" 1037
"../../../Engine/Plugins/Interchange/Assets/Content/gltf/MaterialFunctions/MF_Sheen.uexp" 1038
"../../../Engine/Plugins/Interchange/Assets/Content/gltf/MaterialBodies/MF_Sheen_Body.uasset" 1039
"../../../Engine/Plugins/Interchange/Assets/Content/gltf/MaterialBodies/MF_Sheen_Body.uexp" 1040
"../../../Engine/Plugins/Interchange/Assets/Content/gltf/M_Sheen.uasset" 1041
"../../../Engine/Plugins/Interchange/Assets/Content/gltf/M_Sheen.uexp" 1042
"../../../Engine/Plugins/Interchange/Assets/Content/gltf/MaterialInstances/MI_Sheen_Opaque_DS.uasset" 1043
"../../../Engine/Plugins/Interchange/Assets/Content/gltf/MaterialInstances/MI_Sheen_Opaque_DS.uexp" 1044
"../../../Engine/Plugins/Interchange/Assets/Content/gltf/MaterialInstances/MI_Sheen_Opaque.uasset" 1045
"../../../Engine/Plugins/Interchange/Assets/Content/gltf/MaterialInstances/MI_Sheen_Opaque.uexp" 1046
"../../../Engine/Plugins/Interchange/Assets/Content/gltf/MaterialInstances/MI_Sheen_Mask_DS.uasset" 1047
"../../../Engine/Plugins/Interchange/Assets/Content/gltf/MaterialInstances/MI_Sheen_Mask_DS.uexp" 1048
"../../../Engine/Plugins/Interchange/Assets/Content/gltf/MaterialInstances/MI_Sheen_Mask.uasset" 1049
"../../../Engine/Plugins/Interchange/Assets/Content/gltf/MaterialInstances/MI_Sheen_Mask.uexp" 1050
"../../../Engine/Plugins/Interchange/Assets/Content/gltf/MaterialInstances/MI_Sheen_Blend_DS.uasset" 1051
"../../../Engine/Plugins/Interchange/Assets/Content/gltf/MaterialInstances/MI_Sheen_Blend_DS.uexp" 1052
"../../../Engine/Plugins/Interchange/Assets/Content/gltf/MaterialInstances/MI_Sheen_Blend.uasset" 1053
"../../../Engine/Plugins/Interchange/Assets/Content/gltf/MaterialInstances/MI_Sheen_Blend.uexp" 1054
"../../../Engine/Plugins/Interchange/Assets/Content/gltf/MaterialBodies/MF_Default_Body.uasset" 1055
"../../../Engine/Plugins/Interchange/Assets/Content/gltf/MaterialBodies/MF_Default_Body.uexp" 1056
"../../../Engine/Plugins/Interchange/Assets/Content/gltf/M_Default.uasset" 1057
"../../../Engine/Plugins/Interchange/Assets/Content/gltf/M_Default.uexp" 1058
"../../../Engine/Plugins/Interchange/Assets/Content/gltf/MaterialInstances/MI_Default_Mask_DS.uasset" 1059
"../../../Engine/Plugins/Interchange/Assets/Content/gltf/MaterialInstances/MI_Default_Mask_DS.uexp" 1060
"../../../Engine/Plugins/Interchange/Assets/Content/gltf/MaterialInstances/MI_Default_Mask.uasset" 1061
"../../../Engine/Plugins/Interchange/Assets/Content/gltf/MaterialInstances/MI_Default_Mask.uexp" 1062
"../../../Engine/Plugins/Interchange/Assets/Content/gltf/MaterialInstances/MI_Default_Blend.uasset" 1063
"../../../Engine/Plugins/Interchange/Assets/Content/gltf/MaterialInstances/MI_Default_Blend.uexp" 1064
"../../../Engine/Content/Functions/Engine_MaterialFunctions01/Texturing/FlattenNormal.uasset" 1065
"../../../Engine/Content/Functions/Engine_MaterialFunctions01/Texturing/FlattenNormal.uexp" 1066
"../../../Engine/Plugins/Interchange/Assets/Content/gltf/MaterialFunctions/MF_Clearcoat.uasset" 1067
"../../../Engine/Plugins/Interchange/Assets/Content/gltf/MaterialFunctions/MF_Clearcoat.uexp" 1068
"../../../Engine/Plugins/Interchange/Assets/Content/gltf/MaterialBodies/MF_ClearCoat_Body.uasset" 1069
"../../../Engine/Plugins/Interchange/Assets/Content/gltf/MaterialBodies/MF_ClearCoat_Body.uexp" 1070
"../../../Engine/Plugins/Interchange/Assets/Content/gltf/M_ClearCoat.uasset" 1071
"../../../Engine/Plugins/Interchange/Assets/Content/gltf/M_ClearCoat.uexp" 1072
"../../../Engine/Plugins/Interchange/Assets/Content/gltf/MaterialInstances/MI_ClearCoat_Opaque_DS.uasset" 1073
"../../../Engine/Plugins/Interchange/Assets/Content/gltf/MaterialInstances/MI_ClearCoat_Opaque_DS.uexp" 1074
"../../../Engine/Plugins/Interchange/Assets/Content/gltf/MaterialInstances/MI_ClearCoat_Opaque.uasset" 1075
"../../../Engine/Plugins/Interchange/Assets/Content/gltf/MaterialInstances/MI_ClearCoat_Opaque.uexp" 1076
"../../../Engine/Plugins/Interchange/Assets/Content/gltf/MaterialInstances/MI_ClearCoat_Mask_DS.uasset" 1077
"../../../Engine/Plugins/Interchange/Assets/Content/gltf/MaterialInstances/MI_ClearCoat_Mask_DS.uexp" 1078
"../../../Engine/Plugins/Interchange/Assets/Content/gltf/MaterialInstances/MI_ClearCoat_Mask.uasset" 1079
"../../../Engine/Plugins/Interchange/Assets/Content/gltf/MaterialInstances/MI_ClearCoat_Mask.uexp" 1080
"../../../Engine/Plugins/Interchange/Assets/Content/gltf/MaterialInstances/MI_ClearCoat_Blend_DS.uasset" 1081
"../../../Engine/Plugins/Interchange/Assets/Content/gltf/MaterialInstances/MI_ClearCoat_Blend_DS.uexp" 1082
"../../../Engine/Plugins/Interchange/Assets/Content/gltf/MaterialInstances/MI_ClearCoat_Blend.uasset" 1083
"../../../Engine/Plugins/Interchange/Assets/Content/gltf/MaterialInstances/MI_ClearCoat_Blend.uexp" 1084
"../../../Engine/Content/VREditor/TransformGizmo/Xray.uasset" 1085
"../../../Engine/Content/VREditor/TransformGizmo/Xray.uexp" 1086
"../../../Engine/Content/VREditor/TransformGizmo/Main.uasset" 1087
"../../../Engine/Content/VREditor/TransformGizmo/Main.uexp" 1088
"../../../Engine/Content/VREditor/TransformGizmo/SM_Sequencer_Node.ubulk" 1089
"../../../Engine/Content/VREditor/TransformGizmo/SM_Sequencer_Node.uasset" 1090
"../../../Engine/Content/VREditor/TransformGizmo/SM_Sequencer_Node.uexp" 1091
"../../../Engine/Content/VREditor/TransformGizmo/TranslucentTransformGizmoMaterial.uasset" 1092
"../../../Engine/Content/VREditor/TransformGizmo/TranslucentTransformGizmoMaterial.uexp" 1093
"../../../Engine/Content/VREditor/LaserPointer/VR_LaserPower_01.ubulk" 1094
"../../../Engine/Content/VREditor/LaserPointer/VR_LaserPower_01.uasset" 1095
"../../../Engine/Content/VREditor/LaserPointer/VR_LaserPower_01.uexp" 1096
"../../../Engine/Content/VREditor/TransformGizmo/TransformGizmoMaterial.uasset" 1097
"../../../Engine/Content/VREditor/TransformGizmo/TransformGizmoMaterial.uexp" 1098
"../../../Engine/Content/VREditor/TransformGizmo/BoundingBoxEdge.ubulk" 1099
"../../../Engine/Content/VREditor/TransformGizmo/BoundingBoxEdge.uasset" 1100
"../../../Engine/Content/VREditor/TransformGizmo/BoundingBoxEdge.uexp" 1101
"../../../Engine/Content/VREditor/TransformGizmo/BoundingBoxCorner.ubulk" 1102
"../../../Engine/Content/VREditor/TransformGizmo/BoundingBoxCorner.uasset" 1103
"../../../Engine/Content/VREditor/TransformGizmo/BoundingBoxCorner.uexp" 1104
"../../../Engine/Content/ArtTools/RenderToTexture/Meshes/S_1_Unit_Plane.ubulk" 1105
"../../../Engine/Content/ArtTools/RenderToTexture/Meshes/S_1_Unit_Plane.uasset" 1106
"../../../Engine/Content/ArtTools/RenderToTexture/Meshes/S_1_Unit_Plane.uexp" 1107
"../../../Engine/Content/EngineMaterials/Substrate/Volume/SubstrateSimpleVolumeLUT3D.uasset" 1108
"../../../Engine/Content/EngineMaterials/Substrate/Volume/SubstrateSimpleVolumeLUT3D.uexp" 1109
"../../../Engine/Content/EngineMaterials/Substrate/Volume/SubstrateSimpleVolumeEnvLUT3D.uasset" 1110
"../../../Engine/Content/EngineMaterials/Substrate/Volume/SubstrateSimpleVolumeEnvLUT3D.uexp" 1111
"../../../Engine/Content/EngineMaterials/Substrate/Glints2/AGlintTex2dArray2.uasset" 1112
"../../../Engine/Content/EngineMaterials/Substrate/Glints2/AGlintTex2dArray2.uexp" 1113
"../../../Engine/Content/EngineMaterials/Substrate/GLints/AGlintTex2dArray.uasset" 1114
"../../../Engine/Content/EngineMaterials/Substrate/GLints/AGlintTex2dArray.uexp" 1115
"C:/Users/Margarida/Desktop/Thesis-Project-2025/Thesis_Project/Content/MetaHumans/Common/Controls/M_RigControlActor_Black.uasset" 1116
"C:/Users/Margarida/Desktop/Thesis-Project-2025/Thesis_Project/Content/MetaHumans/Common/Controls/M_RigControlActor_Black.uexp" 1117
"C:/Users/Margarida/Desktop/Thesis-Project-2025/Thesis_Project/Content/MetaHumans/Common/Controls/faceboard_followGrp.ubulk" 1118
"C:/Users/Margarida/Desktop/Thesis-Project-2025/Thesis_Project/Content/MetaHumans/Common/Controls/faceboard_followGrp.uasset" 1119
"C:/Users/Margarida/Desktop/Thesis-Project-2025/Thesis_Project/Content/MetaHumans/Common/Controls/faceboard_followGrp.uexp" 1120
"C:/Users/Margarida/Desktop/Thesis-Project-2025/Thesis_Project/Content/MetaHumans/Common/Controls/faceboard_2x.ubulk" 1121
"C:/Users/Margarida/Desktop/Thesis-Project-2025/Thesis_Project/Content/MetaHumans/Common/Controls/faceboard_2x.uasset" 1122
"C:/Users/Margarida/Desktop/Thesis-Project-2025/Thesis_Project/Content/MetaHumans/Common/Controls/faceboard_2x.uexp" 1123
"C:/Users/Margarida/Desktop/Thesis-Project-2025/Thesis_Project/Content/MetaHumans/Common/Controls/convergence_3l.ubulk" 1124
"C:/Users/Margarida/Desktop/Thesis-Project-2025/Thesis_Project/Content/MetaHumans/Common/Controls/convergence_3l.uasset" 1125
"C:/Users/Margarida/Desktop/Thesis-Project-2025/Thesis_Project/Content/MetaHumans/Common/Controls/convergence_3l.uexp" 1126
"C:/Users/Margarida/Desktop/Thesis-Project-2025/Thesis_Project/Content/MetaHumans/Common/Female/Medium/NormalWeight/Body/metahuman_base_skel.uasset" 1127
"C:/Users/Margarida/Desktop/Thesis-Project-2025/Thesis_Project/Content/MetaHumans/Common/Female/Medium/NormalWeight/Body/metahuman_base_skel.uexp" 1128
"C:/Users/Margarida/Desktop/Thesis-Project-2025/Thesis_Project/Content/MetaHumans/Common/Common/m_tal_nrw_body_preview.uasset" 1129
"C:/Users/Margarida/Desktop/Thesis-Project-2025/Thesis_Project/Content/MetaHumans/Common/Common/m_tal_nrw_body_preview.uexp" 1130
"C:/Users/Margarida/Desktop/Thesis-Project-2025/Thesis_Project/Content/MetaHumans/Common/Common/f_srt_ovw_body_preview.uasset" 1131
"C:/Users/Margarida/Desktop/Thesis-Project-2025/Thesis_Project/Content/MetaHumans/Common/Common/f_srt_ovw_body_preview.uexp" 1132
"../../../Engine/Plugins/Runtime/OpenXR/Content/Devices/ValveIndex/MRTexture.ubulk" 1133
"../../../Engine/Plugins/Runtime/OpenXR/Content/Devices/ValveIndex/MRTexture.uasset" 1134
"../../../Engine/Plugins/Runtime/OpenXR/Content/Devices/ValveIndex/MRTexture.uexp" 1135
"../../../Engine/Plugins/Runtime/OpenXR/Content/Devices/ValveIndex/BaseTexture.ubulk" 1136
"../../../Engine/Plugins/Runtime/OpenXR/Content/Devices/ValveIndex/BaseTexture.uasset" 1137
"../../../Engine/Plugins/Runtime/OpenXR/Content/Devices/ValveIndex/BaseTexture.uexp" 1138
"../../../Engine/Plugins/Runtime/OpenXR/Content/Devices/ValveIndex/Right/MI_right_ValveIndex.uasset" 1139
"../../../Engine/Plugins/Runtime/OpenXR/Content/Devices/ValveIndex/Right/MI_right_ValveIndex.uexp" 1140
"../../../Engine/Plugins/Runtime/OpenXR/Content/Devices/ValveIndex/Right/right_ValveIndexController.ubulk" 1141
"../../../Engine/Plugins/Runtime/OpenXR/Content/Devices/ValveIndex/Right/right_ValveIndexController.uasset" 1142
"../../../Engine/Plugins/Runtime/OpenXR/Content/Devices/ValveIndex/Right/right_ValveIndexController.uexp" 1143
"../../../Engine/Plugins/Runtime/OpenXR/Content/Devices/ValveIndex/Left/MI_left_ValveIndex.uasset" 1144
"../../../Engine/Plugins/Runtime/OpenXR/Content/Devices/ValveIndex/Left/MI_left_ValveIndex.uexp" 1145
"../../../Engine/Plugins/Runtime/OpenXR/Content/Devices/ValveIndex/Left/left_ValveIndexController.ubulk" 1146
"../../../Engine/Plugins/Runtime/OpenXR/Content/Devices/ValveIndex/Left/left_ValveIndexController.uasset" 1147
"../../../Engine/Plugins/Runtime/OpenXR/Content/Devices/ValveIndex/Left/left_ValveIndexController.uexp" 1148
"../../../Engine/Plugins/Runtime/OpenXR/Content/Devices/OculusTouch_v3/MRTexture.ubulk" 1149
"../../../Engine/Plugins/Runtime/OpenXR/Content/Devices/OculusTouch_v3/MRTexture.uasset" 1150
"../../../Engine/Plugins/Runtime/OpenXR/Content/Devices/OculusTouch_v3/MRTexture.uexp" 1151
"../../../Engine/Plugins/Runtime/OpenXR/Content/Devices/OculusTouch_v3/BaseTexture.ubulk" 1152
"../../../Engine/Plugins/Runtime/OpenXR/Content/Devices/OculusTouch_v3/BaseTexture.uasset" 1153
"../../../Engine/Plugins/Runtime/OpenXR/Content/Devices/OculusTouch_v3/BaseTexture.uexp" 1154
"../../../Engine/Plugins/Runtime/OpenXR/Content/Devices/OculusTouch_v3/MI_OculusTouch_v3.uasset" 1155
"../../../Engine/Plugins/Runtime/OpenXR/Content/Devices/OculusTouch_v3/MI_OculusTouch_v3.uexp" 1156
"../../../Engine/Plugins/Runtime/OpenXR/Content/Devices/OculusTouch_v3/Right/right_OculusTouch_v3Controller.ubulk" 1157
"../../../Engine/Plugins/Runtime/OpenXR/Content/Devices/OculusTouch_v3/Right/right_OculusTouch_v3Controller.uasset" 1158
"../../../Engine/Plugins/Runtime/OpenXR/Content/Devices/OculusTouch_v3/Right/right_OculusTouch_v3Controller.uexp" 1159
"../../../Engine/Plugins/Runtime/OpenXR/Content/Devices/OculusTouch_v3/Left/left_OculusTouch_v3Controller.ubulk" 1160
"../../../Engine/Plugins/Runtime/OpenXR/Content/Devices/OculusTouch_v3/Left/left_OculusTouch_v3Controller.uasset" 1161
"../../../Engine/Plugins/Runtime/OpenXR/Content/Devices/OculusTouch_v3/Left/left_OculusTouch_v3Controller.uexp" 1162
"../../../Engine/Plugins/Runtime/OpenXR/Content/Devices/OculusTouch_v2/MRTexture.ubulk" 1163
"../../../Engine/Plugins/Runtime/OpenXR/Content/Devices/OculusTouch_v2/MRTexture.uasset" 1164
"../../../Engine/Plugins/Runtime/OpenXR/Content/Devices/OculusTouch_v2/MRTexture.uexp" 1165
"../../../Engine/Plugins/Runtime/OpenXR/Content/Devices/OculusTouch_v2/BaseTexture.ubulk" 1166
"../../../Engine/Plugins/Runtime/OpenXR/Content/Devices/OculusTouch_v2/BaseTexture.uasset" 1167
"../../../Engine/Plugins/Runtime/OpenXR/Content/Devices/OculusTouch_v2/BaseTexture.uexp" 1168
"../../../Engine/Plugins/Runtime/OpenXR/Content/Devices/OculusTouch_v2/MI_OculusTouch_v2.uasset" 1169
"../../../Engine/Plugins/Runtime/OpenXR/Content/Devices/OculusTouch_v2/MI_OculusTouch_v2.uexp" 1170
"../../../Engine/Plugins/Runtime/OpenXR/Content/Devices/OculusTouch_v2/Right/right_OculusTouch_v2Controller.ubulk" 1171
"../../../Engine/Plugins/Runtime/OpenXR/Content/Devices/OculusTouch_v2/Right/right_OculusTouch_v2Controller.uasset" 1172
"../../../Engine/Plugins/Runtime/OpenXR/Content/Devices/OculusTouch_v2/Right/right_OculusTouch_v2Controller.uexp" 1173
"../../../Engine/Plugins/Runtime/OpenXR/Content/Devices/OculusTouch_v2/Left/left_OculusTouch_v2Controller.ubulk" 1174
"../../../Engine/Plugins/Runtime/OpenXR/Content/Devices/OculusTouch_v2/Left/left_OculusTouch_v2Controller.uasset" 1175
"../../../Engine/Plugins/Runtime/OpenXR/Content/Devices/OculusTouch_v2/Left/left_OculusTouch_v2Controller.uexp" 1176
"../../../Engine/Plugins/Runtime/OpenXR/Content/Devices/OculusTouch/MRTexture.ubulk" 1177
"../../../Engine/Plugins/Runtime/OpenXR/Content/Devices/OculusTouch/MRTexture.uasset" 1178
"../../../Engine/Plugins/Runtime/OpenXR/Content/Devices/OculusTouch/MRTexture.uexp" 1179
"../../../Engine/Plugins/Runtime/OpenXR/Content/Devices/OculusTouch/BaseTexture.ubulk" 1180
"../../../Engine/Plugins/Runtime/OpenXR/Content/Devices/OculusTouch/BaseTexture.uasset" 1181
"../../../Engine/Plugins/Runtime/OpenXR/Content/Devices/OculusTouch/BaseTexture.uexp" 1182
"../../../Engine/Plugins/Runtime/OpenXR/Content/Devices/OculusTouch/MI_OculusTouch.uasset" 1183
"../../../Engine/Plugins/Runtime/OpenXR/Content/Devices/OculusTouch/MI_OculusTouch.uexp" 1184
"../../../Engine/Plugins/Runtime/OpenXR/Content/Devices/OculusTouch/Right/right_OculusTouchController.ubulk" 1185
"../../../Engine/Plugins/Runtime/OpenXR/Content/Devices/OculusTouch/Right/right_OculusTouchController.uasset" 1186
"../../../Engine/Plugins/Runtime/OpenXR/Content/Devices/OculusTouch/Right/right_OculusTouchController.uexp" 1187
"../../../Engine/Plugins/Runtime/OpenXR/Content/Devices/OculusTouch/Left/left_OculusTouchController.ubulk" 1188
"../../../Engine/Plugins/Runtime/OpenXR/Content/Devices/OculusTouch/Left/left_OculusTouchController.uasset" 1189
"../../../Engine/Plugins/Runtime/OpenXR/Content/Devices/OculusTouch/Left/left_OculusTouchController.uexp" 1190
"../../../Engine/Plugins/Runtime/OpenXR/Content/Devices/MicrosoftMixedReality/NormalTexture.ubulk" 1191
"../../../Engine/Plugins/Runtime/OpenXR/Content/Devices/MicrosoftMixedReality/NormalTexture.uasset" 1192
"../../../Engine/Plugins/Runtime/OpenXR/Content/Devices/MicrosoftMixedReality/NormalTexture.uexp" 1193
"../../../Engine/Plugins/Runtime/OpenXR/Content/Devices/MicrosoftMixedReality/MRTexture.ubulk" 1194
"../../../Engine/Plugins/Runtime/OpenXR/Content/Devices/MicrosoftMixedReality/MRTexture.uasset" 1195
"../../../Engine/Plugins/Runtime/OpenXR/Content/Devices/MicrosoftMixedReality/MRTexture.uexp" 1196
"../../../Engine/Plugins/Runtime/OpenXR/Content/Devices/MicrosoftMixedReality/EmissiveTexture.ubulk" 1197
"../../../Engine/Plugins/Runtime/OpenXR/Content/Devices/MicrosoftMixedReality/EmissiveTexture.uasset" 1198
"../../../Engine/Plugins/Runtime/OpenXR/Content/Devices/MicrosoftMixedReality/EmissiveTexture.uexp" 1199
"../../../Engine/Plugins/Runtime/OpenXR/Content/Devices/MicrosoftMixedReality/BaseTexture.ubulk" 1200
"../../../Engine/Plugins/Runtime/OpenXR/Content/Devices/MicrosoftMixedReality/BaseTexture.uasset" 1201
"../../../Engine/Plugins/Runtime/OpenXR/Content/Devices/MicrosoftMixedReality/BaseTexture.uexp" 1202
"../../../Engine/Plugins/Runtime/OpenXR/Content/Devices/MicrosoftMixedReality/MI_MicrosoftMixedReality.uasset" 1203
"../../../Engine/Plugins/Runtime/OpenXR/Content/Devices/MicrosoftMixedReality/MI_MicrosoftMixedReality.uexp" 1204
"../../../Engine/Plugins/Runtime/OpenXR/Content/Devices/MicrosoftMixedReality/Right/right_MicrosoftMixedRealityController.ubulk" 1205
"../../../Engine/Plugins/Runtime/OpenXR/Content/Devices/MicrosoftMixedReality/Right/right_MicrosoftMixedRealityController.uasset" 1206
"../../../Engine/Plugins/Runtime/OpenXR/Content/Devices/MicrosoftMixedReality/Right/right_MicrosoftMixedRealityController.uexp" 1207
"../../../Engine/Plugins/Runtime/OpenXR/Content/Devices/MicrosoftMixedReality/Left/left_MicrosoftMixedRealityController.ubulk" 1208
"../../../Engine/Plugins/Runtime/OpenXR/Content/Devices/MicrosoftMixedReality/Left/left_MicrosoftMixedRealityController.uasset" 1209
"../../../Engine/Plugins/Runtime/OpenXR/Content/Devices/MicrosoftMixedReality/Left/left_MicrosoftMixedRealityController.uexp" 1210
"C:/Users/Margarida/Desktop/Thesis-Project-2025/Thesis_Project/Content/MetaHumans/Common/Common/Animation/Retargeting/RTG_MetaHuman_m_tal_nrw.uasset" 1211
"C:/Users/Margarida/Desktop/Thesis-Project-2025/Thesis_Project/Content/MetaHumans/Common/Common/Animation/Retargeting/RTG_MetaHuman_m_tal_nrw.uexp" 1212
"C:/Users/Margarida/Desktop/Thesis-Project-2025/Thesis_Project/Content/MetaHumans/Common/Common/Animation/Retargeting/ABP_MetaHuman_m_tal_nrw_Retargeting.uasset" 1213
"C:/Users/Margarida/Desktop/Thesis-Project-2025/Thesis_Project/Content/MetaHumans/Common/Common/Animation/Retargeting/ABP_MetaHuman_m_tal_nrw_Retargeting.uexp" 1214
"C:/Users/Margarida/Desktop/Thesis-Project-2025/Thesis_Project/Content/MetaHumans/Common/Common/Animation/Retargeting/RTG_MetaHuman_f_srt_ovw.uasset" 1215
"C:/Users/Margarida/Desktop/Thesis-Project-2025/Thesis_Project/Content/MetaHumans/Common/Common/Animation/Retargeting/RTG_MetaHuman_f_srt_ovw.uexp" 1216
"C:/Users/Margarida/Desktop/Thesis-Project-2025/Thesis_Project/Content/MetaHumans/Common/Common/Animation/Retargeting/ABP_MetaHuman_f_srt_ovw_Retargeting.uasset" 1217
"C:/Users/Margarida/Desktop/Thesis-Project-2025/Thesis_Project/Content/MetaHumans/Common/Common/Animation/Retargeting/ABP_MetaHuman_f_srt_ovw_Retargeting.uexp" 1218
"C:/Users/Margarida/Desktop/Thesis-Project-2025/Thesis_Project/Content/MetaHumans/Common/Common/Animation/Retargeting/IK_MetaHuman_f_srt_ovw.uasset" 1219
"C:/Users/Margarida/Desktop/Thesis-Project-2025/Thesis_Project/Content/MetaHumans/Common/Common/Animation/Retargeting/IK_MetaHuman_f_srt_ovw.uexp" 1220
"C:/Users/Margarida/Desktop/Thesis-Project-2025/Thesis_Project/Content/MetaHumans/Common/Common/Animation/Retargeting/IK_MetaHuman_m_tal_nrw.uasset" 1221
"C:/Users/Margarida/Desktop/Thesis-Project-2025/Thesis_Project/Content/MetaHumans/Common/Common/Animation/Retargeting/IK_MetaHuman_m_tal_nrw.uexp" 1222
"C:/Users/Margarida/Desktop/Thesis-Project-2025/Thesis_Project/Content/VRTemplate/Input/Actions/IA_Shoot_Left.uasset" 1223
"C:/Users/Margarida/Desktop/Thesis-Project-2025/Thesis_Project/Content/VRTemplate/Input/Actions/IA_Shoot_Left.uexp" 1224
"C:/Users/Margarida/Desktop/Thesis-Project-2025/Thesis_Project/Content/VRTemplate/Input/IMC_Weapon_Left.uasset" 1225
"C:/Users/Margarida/Desktop/Thesis-Project-2025/Thesis_Project/Content/VRTemplate/Input/IMC_Weapon_Left.uexp" 1226
"C:/Users/Margarida/Desktop/Thesis-Project-2025/Thesis_Project/Content/VRTemplate/Input/Actions/IA_Shoot_Right.uasset" 1227
"C:/Users/Margarida/Desktop/Thesis-Project-2025/Thesis_Project/Content/VRTemplate/Input/Actions/IA_Shoot_Right.uexp" 1228
"C:/Users/Margarida/Desktop/Thesis-Project-2025/Thesis_Project/Content/VRTemplate/Input/IMC_Weapon_Right.uasset" 1229
"C:/Users/Margarida/Desktop/Thesis-Project-2025/Thesis_Project/Content/VRTemplate/Input/IMC_Weapon_Right.uexp" 1230
"../../../Engine/Content/VREditor/TransformGizmo/TranslucentTransformGizmoMaterial_Inst.uasset" 1231
"../../../Engine/Content/VREditor/TransformGizmo/TranslucentTransformGizmoMaterial_Inst.uexp" 1232
"../../../Engine/Content/VREditor/TransformGizmo/TransformGizmoMaterial_Inst.uasset" 1233
"../../../Engine/Content/VREditor/TransformGizmo/TransformGizmoMaterial_Inst.uexp" 1234
"../../../Engine/Content/VREditor/Sounds/UI/Drop_Item_From_ContentBrowser.ubulk" 1235
"../../../Engine/Content/VREditor/Sounds/UI/Drop_Item_From_ContentBrowser.uasset" 1236
"../../../Engine/Content/VREditor/Sounds/UI/Drop_Item_From_ContentBrowser.uexp" 1237
"../../../Engine/Content/VREditor/TransformGizmo/UniformScaleHandle.ubulk" 1238
"../../../Engine/Content/VREditor/TransformGizmo/UniformScaleHandle.uasset" 1239
"../../../Engine/Content/VREditor/TransformGizmo/UniformScaleHandle.uexp" 1240
"../../../Engine/Content/VREditor/TransformGizmo/TranslateArrowHandle.ubulk" 1241
"../../../Engine/Content/VREditor/TransformGizmo/TranslateArrowHandle.uasset" 1242
"../../../Engine/Content/VREditor/TransformGizmo/TranslateArrowHandle.uexp" 1243
"../../../Engine/Content/VREditor/TransformGizmo/TransformGizmoFreeRotation.ubulk" 1244
"../../../Engine/Content/VREditor/TransformGizmo/TransformGizmoFreeRotation.uasset" 1245
"../../../Engine/Content/VREditor/TransformGizmo/TransformGizmoFreeRotation.uexp" 1246
"../../../Engine/Content/VREditor/TransformGizmo/StartRotationHandleIndicator.ubulk" 1247
"../../../Engine/Content/VREditor/TransformGizmo/StartRotationHandleIndicator.uasset" 1248
"../../../Engine/Content/VREditor/TransformGizmo/StartRotationHandleIndicator.uexp" 1249
"../../../Engine/Content/VREditor/TransformGizmo/RotationHandleQuarter.ubulk" 1250
"../../../Engine/Content/VREditor/TransformGizmo/RotationHandleQuarter.uasset" 1251
"../../../Engine/Content/VREditor/TransformGizmo/RotationHandleQuarter.uexp" 1252
"../../../Engine/Content/Functions/Engine_MaterialFunctions02/SplitComponents.uasset" 1253
"../../../Engine/Content/Functions/Engine_MaterialFunctions02/SplitComponents.uexp" 1254
"../../../Engine/Content/VREditor/SnapGrid/SnapGridMaterial.uasset" 1255
"../../../Engine/Content/VREditor/SnapGrid/SnapGridMaterial.uexp" 1256
"../../../Engine/Content/VREditor/SnapGrid/SnapGridPlaneMesh.ubulk" 1257
"../../../Engine/Content/VREditor/SnapGrid/SnapGridPlaneMesh.uasset" 1258
"../../../Engine/Content/VREditor/SnapGrid/SnapGridPlaneMesh.uexp" 1259
"../../../Engine/Content/VREditor/Sounds/UI/Gizmo_Handle_Clicked.ubulk" 1260
"../../../Engine/Content/VREditor/Sounds/UI/Gizmo_Handle_Clicked.uasset" 1261
"../../../Engine/Content/VREditor/Sounds/UI/Gizmo_Handle_Clicked.uexp" 1262
"../../../Engine/Content/VREditor/Sounds/UI/Object_PickUp.ubulk" 1263
"../../../Engine/Content/VREditor/Sounds/UI/Object_PickUp.uasset" 1264
"../../../Engine/Content/VREditor/Sounds/UI/Object_PickUp.uexp" 1265
"../../../Engine/Content/VREditor/Sounds/UI/Object_Snaps_To_Another_Actor.ubulk" 1266
"../../../Engine/Content/VREditor/Sounds/UI/Object_Snaps_To_Another_Actor.uasset" 1267
"../../../Engine/Content/VREditor/Sounds/UI/Object_Snaps_To_Another_Actor.uexp" 1268
"../../../Engine/Content/VREditor/Sounds/UI/Object_Snaps_To_Grid.ubulk" 1269
"../../../Engine/Content/VREditor/Sounds/UI/Object_Snaps_To_Grid.uasset" 1270
"../../../Engine/Content/VREditor/Sounds/UI/Object_Snaps_To_Grid.uexp" 1271
"../../../Engine/Content/VREditor/Sounds/UI/Scaling_Down.ubulk" 1272
"../../../Engine/Content/VREditor/Sounds/UI/Scaling_Down.uasset" 1273
"../../../Engine/Content/VREditor/Sounds/UI/Scaling_Down.uexp" 1274
"../../../Engine/Content/VREditor/Sounds/UI/Scaling_Up.ubulk" 1275
"../../../Engine/Content/VREditor/Sounds/UI/Scaling_Up.uasset" 1276
"../../../Engine/Content/VREditor/Sounds/UI/Scaling_Up.uexp" 1277
"../../../Engine/Content/VREditor/Sounds/UI/Selection_Changes.ubulk" 1278
"../../../Engine/Content/VREditor/Sounds/UI/Selection_Changes.uasset" 1279
"../../../Engine/Content/VREditor/Sounds/UI/Selection_Changes.uexp" 1280
"../../../Engine/Content/VREditor/TransformGizmo/PlaneTranslationHandle.ubulk" 1281
"../../../Engine/Content/VREditor/TransformGizmo/PlaneTranslationHandle.uasset" 1282
"../../../Engine/Content/VREditor/TransformGizmo/PlaneTranslationHandle.uexp" 1283
"../../../Engine/Content/VREditor/TransformGizmo/RotationHandleFull.ubulk" 1284
"../../../Engine/Content/VREditor/TransformGizmo/RotationHandleFull.uasset" 1285
"../../../Engine/Content/VREditor/TransformGizmo/RotationHandleFull.uexp" 1286
"../../../Engine/Content/VREditor/TransformGizmo/RotationHandleIndicator.ubulk" 1287
"../../../Engine/Content/VREditor/TransformGizmo/RotationHandleIndicator.uasset" 1288
"../../../Engine/Content/VREditor/TransformGizmo/RotationHandleIndicator.uexp" 1289
"../../../Engine/Plugins/Animation/DeformerGraph/Content/DeformerFunctions/DG_Function_LinearBlendSkin_Morph_Cloth.uasset" 1290
"../../../Engine/Plugins/Animation/DeformerGraph/Content/DeformerFunctions/DG_Function_LinearBlendSkin_Morph_Cloth.uexp" 1291
"../../../Engine/Plugins/Animation/DeformerGraph/Content/Deformers/DG_LinearBlendSkin_Morph_Cloth.uasset" 1292
"../../../Engine/Plugins/Animation/DeformerGraph/Content/Deformers/DG_LinearBlendSkin_Morph_Cloth.uexp" 1293
"../../../Engine/Plugins/Animation/DeformerGraph/Content/DeformerFunctions/DG_Function_LinearBlendSkin_Morph_Cloth_PositionOnly.uasset" 1294
"../../../Engine/Plugins/Animation/DeformerGraph/Content/DeformerFunctions/DG_Function_LinearBlendSkin_Morph_Cloth_PositionOnly.uexp" 1295
"../../../Engine/Plugins/Animation/DeformerGraph/Content/DeformerFunctions/DG_Function_ComputeNormalsTangents.uasset" 1296
"../../../Engine/Plugins/Animation/DeformerGraph/Content/DeformerFunctions/DG_Function_ComputeNormalsTangents.uexp" 1297
"../../../Engine/Plugins/Animation/DeformerGraph/Content/Deformers/DG_LinearBlendSkin_Morph_Cloth_RecomputeNormals.uasset" 1298
"../../../Engine/Plugins/Animation/DeformerGraph/Content/Deformers/DG_LinearBlendSkin_Morph_Cloth_RecomputeNormals.uexp" 1299
"../../../Engine/Content/EngineResources/LandscapeVisibilityLayerInfo.uasset" 1300
"../../../Engine/Content/EngineResources/LandscapeVisibilityLayerInfo.uexp" 1301
"../../../Engine/Plugins/NNE/NNEDenoiser/Content/NNEDT_Oidn2-3_Balanced.uasset" 1302
"../../../Engine/Plugins/NNE/NNEDenoiser/Content/NNEDT_Oidn2-3_Balanced.uexp" 1303
"../../../Engine/Plugins/NNE/NNEDenoiser/Content/NNEDT_Oidn2-3_Balanced_Alpha.uasset" 1304
"../../../Engine/Plugins/NNE/NNEDenoiser/Content/NNEDT_Oidn2-3_Balanced_Alpha.uexp" 1305
"../../../Engine/Plugins/NNE/NNEDenoiser/Content/NNED_Oidn2-3_Balanced.uasset" 1306
"../../../Engine/Plugins/NNE/NNEDenoiser/Content/NNED_Oidn2-3_Balanced.uexp" 1307
"../../../Engine/Plugins/NNE/NNEDenoiser/Content/NNED_Oidn2-3_Balanced_Alpha.uasset" 1308
"../../../Engine/Plugins/NNE/NNEDenoiser/Content/NNED_Oidn2-3_Balanced_Alpha.uexp" 1309
"../../../Engine/Plugins/NNE/NNEDenoiser/Content/NNED_Oidn2-3_Fast.uasset" 1310
"../../../Engine/Plugins/NNE/NNEDenoiser/Content/NNED_Oidn2-3_Fast.uexp" 1311
"../../../Engine/Plugins/NNE/NNEDenoiser/Content/NNED_Oidn2-3_Fast_Alpha.uasset" 1312
"../../../Engine/Plugins/NNE/NNEDenoiser/Content/NNED_Oidn2-3_Fast_Alpha.uexp" 1313
"../../../Engine/Plugins/NNE/NNEDenoiser/Content/NNED_Oidn2-3_HighQuality.uasset" 1314
"../../../Engine/Plugins/NNE/NNEDenoiser/Content/NNED_Oidn2-3_HighQuality.uexp" 1315
"../../../Engine/Plugins/NNE/NNEDenoiser/Content/NNED_Oidn2-3_HighQuality_Alpha.uasset" 1316
"../../../Engine/Plugins/NNE/NNEDenoiser/Content/NNED_Oidn2-3_HighQuality_Alpha.uexp" 1317
"../../../Engine/Plugins/NNE/NNEDenoiser/Content/NNE_oidn2-3-0_rt_hdr_alb_nrm_small__dyn__fp16_opset11_DenoiseAlpha.uasset" 1318
"../../../Engine/Plugins/NNE/NNEDenoiser/Content/NNE_oidn2-3-0_rt_hdr_alb_nrm_small__dyn__fp16_opset11_DenoiseAlpha.uexp" 1319
"../../../Engine/Plugins/NNE/NNEDenoiser/Content/NNE_oidn2-3-0_rt_hdr_alb_nrm_small__dyn__fp16_opset11_ForwardAlpha.uasset" 1320
"../../../Engine/Plugins/NNE/NNEDenoiser/Content/NNE_oidn2-3-0_rt_hdr_alb_nrm_small__dyn__fp16_opset11_ForwardAlpha.uexp" 1321
"../../../Engine/Plugins/NNE/NNEDenoiser/Content/NNE_oidn2-3-0_rt_hdr_alb_nrm__dyn__fp16_opset11_DenoiseAlpha.uasset" 1322
"../../../Engine/Plugins/NNE/NNEDenoiser/Content/NNE_oidn2-3-0_rt_hdr_alb_nrm__dyn__fp16_opset11_DenoiseAlpha.uexp" 1323
"../../../Engine/Plugins/NNE/NNEDenoiser/Content/NNE_oidn2-3-0_rt_hdr_alb_nrm__dyn__fp16_opset11_ForwardAlpha.uasset" 1324
"../../../Engine/Plugins/NNE/NNEDenoiser/Content/NNE_oidn2-3-0_rt_hdr_alb_nrm__dyn__fp16_opset11_ForwardAlpha.uexp" 1325
"../../../Engine/Plugins/NNE/NNEDenoiser/Content/NNE_oidn2-3-0_rt_hdr_calb_cnrm_large__dyn__fp16_opset11_DenoiseAlpha.uasset" 1326
"../../../Engine/Plugins/NNE/NNEDenoiser/Content/NNE_oidn2-3-0_rt_hdr_calb_cnrm_large__dyn__fp16_opset11_DenoiseAlpha.uexp" 1327
"../../../Engine/Plugins/NNE/NNEDenoiser/Content/NNE_oidn2-3-0_rt_hdr_calb_cnrm_large__dyn__fp16_opset11_ForwardAlpha.uasset" 1328
"../../../Engine/Plugins/NNE/NNEDenoiser/Content/NNE_oidn2-3-0_rt_hdr_calb_cnrm_large__dyn__fp16_opset11_ForwardAlpha.uexp" 1329
"../../../Engine/Content/Maps/Entry_BuiltData.uasset" 1330
"../../../Engine/Content/Maps/Entry_BuiltData.uexp" 1331
"../../../Engine/Content/Maps/Entry.uexp" 1332
"../../../Engine/Content/Maps/Entry.umap" 1333
"../../../Engine/Plugins/Marketplace/AIforNPC6396182c7afaV7/Content/AI/BT/Convai_BB.uasset" 1334
"../../../Engine/Plugins/Marketplace/AIforNPC6396182c7afaV7/Content/AI/BT/Convai_BB.uexp" 1335
"../../../Engine/Plugins/Marketplace/AIforNPC6396182c7afaV7/Content/AI/BT/BTService_ProcessAction.uasset" 1336
"../../../Engine/Plugins/Marketplace/AIforNPC6396182c7afaV7/Content/AI/BT/BTService_ProcessAction.uexp" 1337
"../../../Engine/Plugins/Marketplace/AIforNPC6396182c7afaV7/Content/AI/BT/BTDecorator_HasOrder.uasset" 1338
"../../../Engine/Plugins/Marketplace/AIforNPC6396182c7afaV7/Content/AI/BT/BTDecorator_HasOrder.uexp" 1339
"../../../Engine/Plugins/Marketplace/AIforNPC6396182c7afaV7/Content/AI/BT/Convai_BT.uasset" 1340
"../../../Engine/Plugins/Marketplace/AIforNPC6396182c7afaV7/Content/AI/BT/Convai_BT.uexp" 1341
"../../../Engine/Plugins/Marketplace/AIforNPC6396182c7afaV7/Content/AI/AI_Controller_Convai.uasset" 1342
"../../../Engine/Plugins/Marketplace/AIforNPC6396182c7afaV7/Content/AI/AI_Controller_Convai.uexp" 1343
"../../../Engine/Plugins/Marketplace/AIforNPC6396182c7afaV7/Content/Core/ConvaiBaseCharacter.uasset" 1344
"../../../Engine/Plugins/Marketplace/AIforNPC6396182c7afaV7/Content/Core/ConvaiBaseCharacter.uexp" 1345
"../../../Engine/Plugins/Runtime/HairStrands/Content/Materials/NiagaraHairMaterial.uasset" 1346
"../../../Engine/Plugins/Runtime/HairStrands/Content/Materials/NiagaraHairMaterial.uexp" 1347
"../../../Engine/Plugins/Runtime/HairStrands/Content/Emitters/StableSpringsSystem.uasset" 1348
"../../../Engine/Plugins/Runtime/HairStrands/Content/Emitters/StableSpringsSystem.uexp" 1349
"../../../Engine/Plugins/Runtime/HairStrands/Content/Emitters/StableRodsSystem.uasset" 1350
"../../../Engine/Plugins/Runtime/HairStrands/Content/Emitters/StableRodsSystem.uexp" 1351
"C:/Users/Margarida/Desktop/Thesis-Project-2025/Thesis_Project/Content/MetaHumans/Common/Face/Face_Archetype_Skeleton.uasset" 1352
"C:/Users/Margarida/Desktop/Thesis-Project-2025/Thesis_Project/Content/MetaHumans/Common/Face/Face_Archetype_Skeleton.uexp" 1353
"../../../Engine/Plugins/Marketplace/AIforNPC6396182c7afaV7/Content/MetaHumans/Emotions/Full_Emotion_spectrum.uasset" 1354
"../../../Engine/Plugins/Marketplace/AIforNPC6396182c7afaV7/Content/MetaHumans/Emotions/Full_Emotion_spectrum.uexp" 1355
"../../../Engine/Plugins/Marketplace/AIforNPC6396182c7afaV7/Content/MetaHumans/Emotions/Full_Emotion_NoMouth_spectrum.uasset" 1356
"../../../Engine/Plugins/Marketplace/AIforNPC6396182c7afaV7/Content/MetaHumans/Emotions/Full_Emotion_NoMouth_spectrum.uexp" 1357
"../../../Engine/Plugins/Marketplace/AIforNPC6396182c7afaV7/Content/MetaHumans/Animations/Instruments/Enm/E_Emotions.uasset" 1358
"../../../Engine/Plugins/Marketplace/AIforNPC6396182c7afaV7/Content/MetaHumans/Animations/Instruments/Enm/E_Emotions.uexp" 1359
"../../../Engine/Plugins/Marketplace/AIforNPC6396182c7afaV7/Content/MetaHumans/Animations/Instruments/Enm/E_InConversation.uasset" 1360
"../../../Engine/Plugins/Marketplace/AIforNPC6396182c7afaV7/Content/MetaHumans/Animations/Instruments/Enm/E_InConversation.uexp" 1361
"../../../Engine/Plugins/Marketplace/AIforNPC6396182c7afaV7/Content/MetaHumans/Animations/Instruments/Enm/E_Lips.uasset" 1362
"../../../Engine/Plugins/Marketplace/AIforNPC6396182c7afaV7/Content/MetaHumans/Animations/Instruments/Enm/E_Lips.uexp" 1363
"../../../Engine/Plugins/Marketplace/AIforNPC6396182c7afaV7/Content/MetaHumans/Animations/Motions/Lips/MHF_AAn.uasset" 1364
"../../../Engine/Plugins/Marketplace/AIforNPC6396182c7afaV7/Content/MetaHumans/Animations/Motions/Lips/MHF_AAn.uexp" 1365
"../../../Engine/Plugins/Marketplace/AIforNPC6396182c7afaV7/Content/MetaHumans/Animations/Motions/Lips/MHF_CHn.uasset" 1366
"../../../Engine/Plugins/Marketplace/AIforNPC6396182c7afaV7/Content/MetaHumans/Animations/Motions/Lips/MHF_CHn.uexp" 1367
"../../../Engine/Plugins/Marketplace/AIforNPC6396182c7afaV7/Content/MetaHumans/Animations/Motions/Lips/MHF_EEn2.uasset" 1368
"../../../Engine/Plugins/Marketplace/AIforNPC6396182c7afaV7/Content/MetaHumans/Animations/Motions/Lips/MHF_EEn2.uexp" 1369
"../../../Engine/Plugins/Marketplace/AIforNPC6396182c7afaV7/Content/MetaHumans/Animations/Motions/Lips/MHF_FV.uasset" 1370
"../../../Engine/Plugins/Marketplace/AIforNPC6396182c7afaV7/Content/MetaHumans/Animations/Motions/Lips/MHF_FV.uexp" 1371
"../../../Engine/Plugins/Marketplace/AIforNPC6396182c7afaV7/Content/MetaHumans/Animations/Motions/Lips/MHF_IIn.uasset" 1372
"../../../Engine/Plugins/Marketplace/AIforNPC6396182c7afaV7/Content/MetaHumans/Animations/Motions/Lips/MHF_IIn.uexp" 1373
"../../../Engine/Plugins/Marketplace/AIforNPC6396182c7afaV7/Content/MetaHumans/Animations/Motions/Lips/MHF_KGn2.uasset" 1374
"../../../Engine/Plugins/Marketplace/AIforNPC6396182c7afaV7/Content/MetaHumans/Animations/Motions/Lips/MHF_KGn2.uexp" 1375
"../../../Engine/Plugins/Marketplace/AIforNPC6396182c7afaV7/Content/MetaHumans/Animations/Motions/Lips/MHF_NLn.uasset" 1376
"../../../Engine/Plugins/Marketplace/AIforNPC6396182c7afaV7/Content/MetaHumans/Animations/Motions/Lips/MHF_NLn.uexp" 1377
"../../../Engine/Plugins/Marketplace/AIforNPC6396182c7afaV7/Content/MetaHumans/Animations/Motions/Lips/MHF_None.uasset" 1378
"../../../Engine/Plugins/Marketplace/AIforNPC6396182c7afaV7/Content/MetaHumans/Animations/Motions/Lips/MHF_None.uexp" 1379
"../../../Engine/Plugins/Marketplace/AIforNPC6396182c7afaV7/Content/MetaHumans/Animations/Motions/Lips/MHF_OH.uasset" 1380
"../../../Engine/Plugins/Marketplace/AIforNPC6396182c7afaV7/Content/MetaHumans/Animations/Motions/Lips/MHF_OH.uexp" 1381
"../../../Engine/Plugins/Marketplace/AIforNPC6396182c7afaV7/Content/MetaHumans/Animations/Motions/Lips/MHF_OU.uasset" 1382
"../../../Engine/Plugins/Marketplace/AIforNPC6396182c7afaV7/Content/MetaHumans/Animations/Motions/Lips/MHF_OU.uexp" 1383
"../../../Engine/Plugins/Marketplace/AIforNPC6396182c7afaV7/Content/MetaHumans/Animations/Motions/Lips/MHF_PBMn.uasset" 1384
"../../../Engine/Plugins/Marketplace/AIforNPC6396182c7afaV7/Content/MetaHumans/Animations/Motions/Lips/MHF_PBMn.uexp" 1385
"../../../Engine/Plugins/Marketplace/AIforNPC6396182c7afaV7/Content/MetaHumans/Animations/Motions/Lips/MHF_RR.uasset" 1386
"../../../Engine/Plugins/Marketplace/AIforNPC6396182c7afaV7/Content/MetaHumans/Animations/Motions/Lips/MHF_RR.uexp" 1387
"../../../Engine/Plugins/Marketplace/AIforNPC6396182c7afaV7/Content/MetaHumans/Animations/Motions/Lips/MHF_SZn.uasset" 1388
"../../../Engine/Plugins/Marketplace/AIforNPC6396182c7afaV7/Content/MetaHumans/Animations/Motions/Lips/MHF_SZn.uexp" 1389
"../../../Engine/Plugins/Marketplace/AIforNPC6396182c7afaV7/Content/MetaHumans/Animations/Motions/Lips/MHF_TD.uasset" 1390
"../../../Engine/Plugins/Marketplace/AIforNPC6396182c7afaV7/Content/MetaHumans/Animations/Motions/Lips/MHF_TD.uexp" 1391
"../../../Engine/Plugins/Marketplace/AIforNPC6396182c7afaV7/Content/MetaHumans/Animations/Motions/Lips/MHF_TH.uasset" 1392
"../../../Engine/Plugins/Marketplace/AIforNPC6396182c7afaV7/Content/MetaHumans/Animations/Motions/Lips/MHF_TH.uexp" 1393
"C:/Users/Margarida/Desktop/Thesis-Project-2025/Thesis_Project/Content/MetaHumans/Common/Common/Mocap/mh_arkit_mapping_pose.uasset" 1394
"C:/Users/Margarida/Desktop/Thesis-Project-2025/Thesis_Project/Content/MetaHumans/Common/Common/Mocap/mh_arkit_mapping_pose.uexp" 1395
"../../../Engine/Content/Animation/DefaultAnimBoneCompressionSettings.uasset" 1396
"../../../Engine/Content/Animation/DefaultAnimBoneCompressionSettings.uexp" 1397
"../../../Engine/Plugins/Marketplace/AIforNPC6396182c7afaV7/Content/MetaHumans/Animations/Motions2/Face/MHF_Happy_N.uasset" 1398
"../../../Engine/Plugins/Marketplace/AIforNPC6396182c7afaV7/Content/MetaHumans/Animations/Motions2/Face/MHF_Happy_N.uexp" 1399
"../../../Engine/Plugins/Marketplace/AIforNPC6396182c7afaV7/Content/MetaHumans/Animations/Convai_MetaHuman_FaceAnim.uasset" 1400
"../../../Engine/Plugins/Marketplace/AIforNPC6396182c7afaV7/Content/MetaHumans/Animations/Convai_MetaHuman_FaceAnim.uexp" 1401
"../../../Engine/Plugins/Animation/ACLPlugin/Content/ACLAnimCurveCompressionSettings.uasset" 1402
"../../../Engine/Plugins/Animation/ACLPlugin/Content/ACLAnimCurveCompressionSettings.uexp" 1403
"../../../Engine/Plugins/Animation/ACLPlugin/Content/ACLAnimBoneCompressionSettings.uasset" 1404
"../../../Engine/Plugins/Animation/ACLPlugin/Content/ACLAnimBoneCompressionSettings.uexp" 1405
"../../../Engine/Content/Animation/DefaultVariableFrameStrippingSettings.uasset" 1406
"../../../Engine/Content/Animation/DefaultVariableFrameStrippingSettings.uexp" 1407
"C:/Users/Margarida/Desktop/Thesis-Project-2025/Thesis_Project/Content/MetaHumans/sitchair-listening-m-396604_Anim_sitchair-listening-m-396605.uasset" 1408
"C:/Users/Margarida/Desktop/Thesis-Project-2025/Thesis_Project/Content/MetaHumans/sitchair-listening-m-396604_Anim_sitchair-listening-m-396605.uexp" 1409
"../../../Engine/Plugins/Marketplace/AIforNPC6396182c7afaV7/Content/MetaHumans/Animations/Motions2/FT/Walk/FTO_N_Walk_F.uasset" 1410
"../../../Engine/Plugins/Marketplace/AIforNPC6396182c7afaV7/Content/MetaHumans/Animations/Motions2/FT/Walk/FTO_N_Walk_F.uexp" 1411
"../../../Engine/Plugins/Marketplace/AIforNPC6396182c7afaV7/Content/MetaHumans/Animations/Motions2/FP/Jog/FP_Jog_F.uasset" 1412
"../../../Engine/Plugins/Marketplace/AIforNPC6396182c7afaV7/Content/MetaHumans/Animations/Motions2/FP/Jog/FP_Jog_F.uexp" 1413
"../../../Engine/Plugins/Marketplace/AIforNPC6396182c7afaV7/Content/MetaHumans/Animations/Motions2/MT/Walk/MTO_N_Walk_F_VarB.uasset" 1414
"../../../Engine/Plugins/Marketplace/AIforNPC6396182c7afaV7/Content/MetaHumans/Animations/Motions2/MT/Walk/MTO_N_Walk_F_VarB.uexp" 1415
"../../../Engine/Plugins/Marketplace/AIforNPC6396182c7afaV7/Content/MetaHumans/Animations/Motions2/MT/Walk/MTN_N_WalkInPlace.uasset" 1416
"../../../Engine/Plugins/Marketplace/AIforNPC6396182c7afaV7/Content/MetaHumans/Animations/Motions2/MT/Walk/MTN_N_WalkInPlace.uexp" 1417
"../../../Engine/Plugins/Marketplace/AIforNPC6396182c7afaV7/Content/MetaHumans/Animations/Motions2/MT/Idle/MTU_N_Idle.uasset" 1418
"../../../Engine/Plugins/Marketplace/AIforNPC6396182c7afaV7/Content/MetaHumans/Animations/Motions2/MT/Idle/MTU_N_Idle.uexp" 1419
"../../../Engine/Plugins/Marketplace/AIforNPC6396182c7afaV7/Content/MetaHumans/Animations/AnimBP/B1D_MH_MovementV2.uasset" 1420
"../../../Engine/Plugins/Marketplace/AIforNPC6396182c7afaV7/Content/MetaHumans/Animations/AnimBP/B1D_MH_MovementV2.uexp" 1421
"../../../Engine/Plugins/Marketplace/AIforNPC6396182c7afaV7/Content/MetaHumans/Animations/Motions2/FP/AO/FP_Idle_AO_RU.uasset" 1422
"../../../Engine/Plugins/Marketplace/AIforNPC6396182c7afaV7/Content/MetaHumans/Animations/Motions2/FP/AO/FP_Idle_AO_RU.uexp" 1423
"../../../Engine/Plugins/Marketplace/AIforNPC6396182c7afaV7/Content/MetaHumans/Animations/Motions2/FP/AO/FP_Idle_AO_RD.uasset" 1424
"../../../Engine/Plugins/Marketplace/AIforNPC6396182c7afaV7/Content/MetaHumans/Animations/Motions2/FP/AO/FP_Idle_AO_RD.uexp" 1425
"../../../Engine/Plugins/Marketplace/AIforNPC6396182c7afaV7/Content/MetaHumans/Animations/Motions2/FP/AO/FP_Idle_AO_RC.uasset" 1426
"../../../Engine/Plugins/Marketplace/AIforNPC6396182c7afaV7/Content/MetaHumans/Animations/Motions2/FP/AO/FP_Idle_AO_RC.uexp" 1427
"../../../Engine/Plugins/Marketplace/AIforNPC6396182c7afaV7/Content/MetaHumans/Animations/Motions2/FP/AO/FP_Idle_AO_LU.uasset" 1428
"../../../Engine/Plugins/Marketplace/AIforNPC6396182c7afaV7/Content/MetaHumans/Animations/Motions2/FP/AO/FP_Idle_AO_LU.uexp" 1429
"../../../Engine/Plugins/Marketplace/AIforNPC6396182c7afaV7/Content/MetaHumans/Animations/Motions2/FP/AO/FP_Idle_AO_LD.uasset" 1430
"../../../Engine/Plugins/Marketplace/AIforNPC6396182c7afaV7/Content/MetaHumans/Animations/Motions2/FP/AO/FP_Idle_AO_LD.uexp" 1431
"../../../Engine/Plugins/Marketplace/AIforNPC6396182c7afaV7/Content/MetaHumans/Animations/Motions2/FP/AO/FP_Idle_AO_LC.uasset" 1432
"../../../Engine/Plugins/Marketplace/AIforNPC6396182c7afaV7/Content/MetaHumans/Animations/Motions2/FP/AO/FP_Idle_AO_LC.uexp" 1433
"../../../Engine/Plugins/Marketplace/AIforNPC6396182c7afaV7/Content/MetaHumans/Animations/Motions2/FP/AO/FP_Idle_AO_CU.uasset" 1434
"../../../Engine/Plugins/Marketplace/AIforNPC6396182c7afaV7/Content/MetaHumans/Animations/Motions2/FP/AO/FP_Idle_AO_CU.uexp" 1435
"../../../Engine/Plugins/Marketplace/AIforNPC6396182c7afaV7/Content/MetaHumans/Animations/Motions2/FP/AO/FP_Idle_AO_CD.uasset" 1436
"../../../Engine/Plugins/Marketplace/AIforNPC6396182c7afaV7/Content/MetaHumans/Animations/Motions2/FP/AO/FP_Idle_AO_CD.uexp" 1437
"../../../Engine/Plugins/Marketplace/AIforNPC6396182c7afaV7/Content/MetaHumans/Animations/Motions2/FP/AO/FP_Idle_AO_CC.uasset" 1438
"../../../Engine/Plugins/Marketplace/AIforNPC6396182c7afaV7/Content/MetaHumans/Animations/Motions2/FP/AO/FP_Idle_AO_CC.uexp" 1439
"../../../Engine/Plugins/Marketplace/AIforNPC6396182c7afaV7/Content/MetaHumans/Animations/AnimBP/B2D_MH_HeadLookV2.uasset" 1440
"../../../Engine/Plugins/Marketplace/AIforNPC6396182c7afaV7/Content/MetaHumans/Animations/AnimBP/B2D_MH_HeadLookV2.uexp" 1441
"../../../Engine/Plugins/Marketplace/AIforNPC6396182c7afaV7/Content/MetaHumans/Animations/Instruments/Enm/E_Movement.uasset" 1442
"../../../Engine/Plugins/Marketplace/AIforNPC6396182c7afaV7/Content/MetaHumans/Animations/Instruments/Enm/E_Movement.uexp" 1443
"../../../Engine/Plugins/Marketplace/AIforNPC6396182c7afaV7/Content/MetaHumans/Animations/Instruments/Enm/E_TurnDirection.uasset" 1444
"../../../Engine/Plugins/Marketplace/AIforNPC6396182c7afaV7/Content/MetaHumans/Animations/Instruments/Enm/E_TurnDirection.uexp" 1445
"../../../Engine/Plugins/Marketplace/AIforNPC6396182c7afaV7/Content/MetaHumans/Animations/Instruments/Functions/F_AIUtilities.uasset" 1446
"../../../Engine/Plugins/Marketplace/AIforNPC6396182c7afaV7/Content/MetaHumans/Animations/Instruments/Functions/F_AIUtilities.uexp" 1447
"../../../Engine/Plugins/Marketplace/AIforNPC6396182c7afaV7/Content/MetaHumans/Animations/Motions/Turn/MH_Turn_L180_UE.uasset" 1448
"../../../Engine/Plugins/Marketplace/AIforNPC6396182c7afaV7/Content/MetaHumans/Animations/Motions/Turn/MH_Turn_L180_UE.uexp" 1449
"../../../Engine/Plugins/Marketplace/AIforNPC6396182c7afaV7/Content/MetaHumans/Animations/Motions/Turn/MH_Turn_L180_UE_Montage.uasset" 1450
"../../../Engine/Plugins/Marketplace/AIforNPC6396182c7afaV7/Content/MetaHumans/Animations/Motions/Turn/MH_Turn_L180_UE_Montage.uexp" 1451
"../../../Engine/Plugins/Marketplace/AIforNPC6396182c7afaV7/Content/MetaHumans/Animations/Motions/Turn/MH_Turn_L90_UE.uasset" 1452
"../../../Engine/Plugins/Marketplace/AIforNPC6396182c7afaV7/Content/MetaHumans/Animations/Motions/Turn/MH_Turn_L90_UE.uexp" 1453
"../../../Engine/Plugins/Marketplace/AIforNPC6396182c7afaV7/Content/MetaHumans/Animations/Motions/Turn/MH_Turn_L90_UE_Montage.uasset" 1454
"../../../Engine/Plugins/Marketplace/AIforNPC6396182c7afaV7/Content/MetaHumans/Animations/Motions/Turn/MH_Turn_L90_UE_Montage.uexp" 1455
"../../../Engine/Plugins/Marketplace/AIforNPC6396182c7afaV7/Content/MetaHumans/Animations/Motions/Turn/MH_Turn_R180_UE.uasset" 1456
"../../../Engine/Plugins/Marketplace/AIforNPC6396182c7afaV7/Content/MetaHumans/Animations/Motions/Turn/MH_Turn_R180_UE.uexp" 1457
"../../../Engine/Plugins/Marketplace/AIforNPC6396182c7afaV7/Content/MetaHumans/Animations/Motions/Turn/MH_Turn_R180_UE_Montage.uasset" 1458
"../../../Engine/Plugins/Marketplace/AIforNPC6396182c7afaV7/Content/MetaHumans/Animations/Motions/Turn/MH_Turn_R180_UE_Montage.uexp" 1459
"../../../Engine/Plugins/Marketplace/AIforNPC6396182c7afaV7/Content/MetaHumans/Animations/Motions/Turn/MH_Turn_R90_UE.uasset" 1460
"../../../Engine/Plugins/Marketplace/AIforNPC6396182c7afaV7/Content/MetaHumans/Animations/Motions/Turn/MH_Turn_R90_UE.uexp" 1461
"../../../Engine/Plugins/Marketplace/AIforNPC6396182c7afaV7/Content/MetaHumans/Animations/Motions/Turn/MH_Turn_R90_UE_Montage.uasset" 1462
"../../../Engine/Plugins/Marketplace/AIforNPC6396182c7afaV7/Content/MetaHumans/Animations/Motions/Turn/MH_Turn_R90_UE_Montage.uexp" 1463
"../../../Engine/Plugins/Marketplace/AIforNPC6396182c7afaV7/Content/MetaHumans/Animations/Motions2/FP/Jog/FP_Jog_F_to_Walk_F_lf.uasset" 1464
"../../../Engine/Plugins/Marketplace/AIforNPC6396182c7afaV7/Content/MetaHumans/Animations/Motions2/FP/Jog/FP_Jog_F_to_Walk_F_lf.uexp" 1465
"../../../Engine/Plugins/Marketplace/AIforNPC6396182c7afaV7/Content/MetaHumans/Animations/Motions2/FP/Jog/FP_JogStart_F_0_rf.uasset" 1466
"../../../Engine/Plugins/Marketplace/AIforNPC6396182c7afaV7/Content/MetaHumans/Animations/Motions2/FP/Jog/FP_JogStart_F_0_rf.uexp" 1467
"../../../Engine/Plugins/Marketplace/AIforNPC6396182c7afaV7/Content/MetaHumans/Animations/Motions2/FP/Jog/FP_JogStop_F_Lf.uasset" 1468
"../../../Engine/Plugins/Marketplace/AIforNPC6396182c7afaV7/Content/MetaHumans/Animations/Motions2/FP/Jog/FP_JogStop_F_Lf.uexp" 1469
"../../../Engine/Plugins/Marketplace/AIforNPC6396182c7afaV7/Content/MetaHumans/Animations/Motions2/FP/Jog/FP_Walk_F_to_Jog_F_lf.uasset" 1470
"../../../Engine/Plugins/Marketplace/AIforNPC6396182c7afaV7/Content/MetaHumans/Animations/Motions2/FP/Jog/FP_Walk_F_to_Jog_F_lf.uexp" 1471
"../../../Engine/Plugins/Marketplace/AIforNPC6396182c7afaV7/Content/MetaHumans/Animations/Motions2/FP/Walk/FP_WalkStart_F_0_rf.uasset" 1472
"../../../Engine/Plugins/Marketplace/AIforNPC6396182c7afaV7/Content/MetaHumans/Animations/Motions2/FP/Walk/FP_WalkStart_F_0_rf.uexp" 1473
"../../../Engine/Plugins/Marketplace/AIforNPC6396182c7afaV7/Content/MetaHumans/Animations/Motions2/FP/Walk/FP_WalkStop_F_lf.uasset" 1474
"../../../Engine/Plugins/Marketplace/AIforNPC6396182c7afaV7/Content/MetaHumans/Animations/Motions2/FP/Walk/FP_WalkStop_F_lf.uexp" 1475
"../../../Engine/Plugins/Marketplace/AIforNPC6396182c7afaV7/Content/MetaHumans/Animations/Motions2/FP/Walk/FP_WalkStop_F_LowSpeed.uasset" 1476
"../../../Engine/Plugins/Marketplace/AIforNPC6396182c7afaV7/Content/MetaHumans/Animations/Motions2/FP/Walk/FP_WalkStop_F_LowSpeed.uexp" 1477
"../../../Engine/Plugins/Marketplace/AIforNPC6396182c7afaV7/Content/MetaHumans/Animations/Motions2/FP/Walk/FP_WalkStop_F_rf.uasset" 1478
"../../../Engine/Plugins/Marketplace/AIforNPC6396182c7afaV7/Content/MetaHumans/Animations/Motions2/FP/Walk/FP_WalkStop_F_rf.uexp" 1479
"../../../Engine/Plugins/Marketplace/AIforNPC6396182c7afaV7/Content/MetaHumans/Animations/Motions/Talk/MH_Talk03.uasset" 1480
"../../../Engine/Plugins/Marketplace/AIforNPC6396182c7afaV7/Content/MetaHumans/Animations/Motions/Talk/MH_Talk03.uexp" 1481
"../../../Engine/Plugins/Marketplace/AIforNPC6396182c7afaV7/Content/MetaHumans/Animations/Motions/Talk/MH_Talk02.uasset" 1482
"../../../Engine/Plugins/Marketplace/AIforNPC6396182c7afaV7/Content/MetaHumans/Animations/Motions/Talk/MH_Talk02.uexp" 1483
"../../../Engine/Plugins/Marketplace/AIforNPC6396182c7afaV7/Content/MetaHumans/Animations/Convai_MetaHuman_BodyAnim.uasset" 1484
"../../../Engine/Plugins/Marketplace/AIforNPC6396182c7afaV7/Content/MetaHumans/Animations/Convai_MetaHuman_BodyAnim.uexp" 1485
"C:/Users/Margarida/Desktop/Thesis-Project-2025/Thesis_Project/Content/MetaHumans/Common/Face/Face_AnimBP.uasset" 1486
"C:/Users/Margarida/Desktop/Thesis-Project-2025/Thesis_Project/Content/MetaHumans/Common/Face/Face_AnimBP.uexp" 1487
"C:/Users/Margarida/Desktop/Thesis-Project-2025/Thesis_Project/Content/MetaHumans/Common/Female/Medium/NormalWeight/Shoes/CasualSneakers/mh_ShoeTongue_CtrlRig.uasset" 1488
"C:/Users/Margarida/Desktop/Thesis-Project-2025/Thesis_Project/Content/MetaHumans/Common/Female/Medium/NormalWeight/Shoes/CasualSneakers/mh_ShoeTongue_CtrlRig.uexp" 1489
"C:/Users/Margarida/Desktop/Thesis-Project-2025/Thesis_Project/Content/MetaHumans/Common/Materials/Yogapants/Textures/f_med_ovw_yogaful_slm_AO.ubulk" 1490
"C:/Users/Margarida/Desktop/Thesis-Project-2025/Thesis_Project/Content/MetaHumans/Common/Materials/Yogapants/Textures/f_med_ovw_yogaful_slm_AO.uasset" 1491
"C:/Users/Margarida/Desktop/Thesis-Project-2025/Thesis_Project/Content/MetaHumans/Common/Materials/Yogapants/Textures/f_med_ovw_yogaful_slm_AO.uexp" 1492
"C:/Users/Margarida/Desktop/Thesis-Project-2025/Thesis_Project/Content/MetaHumans/Common/Materials/Yogapants/Textures/f_med_ovw_yogaful_slm_Mask.ubulk" 1493
"C:/Users/Margarida/Desktop/Thesis-Project-2025/Thesis_Project/Content/MetaHumans/Common/Materials/Yogapants/Textures/f_med_ovw_yogaful_slm_Mask.uasset" 1494
"C:/Users/Margarida/Desktop/Thesis-Project-2025/Thesis_Project/Content/MetaHumans/Common/Materials/Yogapants/Textures/f_med_ovw_yogaful_slm_Mask.uexp" 1495
"C:/Users/Margarida/Desktop/Thesis-Project-2025/Thesis_Project/Content/MetaHumans/Common/Materials/Yogapants/Textures/f_med_ovw_yogaful_slm_N.ubulk" 1496
"C:/Users/Margarida/Desktop/Thesis-Project-2025/Thesis_Project/Content/MetaHumans/Common/Materials/Yogapants/Textures/f_med_ovw_yogaful_slm_N.uasset" 1497
"C:/Users/Margarida/Desktop/Thesis-Project-2025/Thesis_Project/Content/MetaHumans/Common/Materials/Yogapants/Textures/f_med_ovw_yogaful_slm_N.uexp" 1498
"C:/Users/Margarida/Desktop/Thesis-Project-2025/Thesis_Project/Content/MetaHumans/Common/Materials/Yogapants/Textures/f_med_ovw_yogaful_slm_Stitches.ubulk" 1499
"C:/Users/Margarida/Desktop/Thesis-Project-2025/Thesis_Project/Content/MetaHumans/Common/Materials/Yogapants/Textures/f_med_ovw_yogaful_slm_Stitches.uasset" 1500
"C:/Users/Margarida/Desktop/Thesis-Project-2025/Thesis_Project/Content/MetaHumans/Common/Materials/Yogapants/Textures/f_med_ovw_yogaful_slm_Stitches.uexp" 1501
"../../../Engine/Content/EngineMaterials/BlendFunc_DefBlend.uasset" 1502
"../../../Engine/Content/EngineMaterials/BlendFunc_DefBlend.uexp" 1503
"../../../Engine/Content/EngineMaterials/BlendFunc_DefBase.uasset" 1504
"../../../Engine/Content/EngineMaterials/BlendFunc_DefBase.uexp" 1505
"../../../Engine/Content/Functions/Engine_MaterialFunctions03/Blends/Blend_Overlay.uasset" 1506
"../../../Engine/Content/Functions/Engine_MaterialFunctions03/Blends/Blend_Overlay.uexp" 1507
"../../../Engine/Content/Functions/Engine_MaterialFunctions02/Math/TimeWithSpeedVariable.uasset" 1508
"../../../Engine/Content/Functions/Engine_MaterialFunctions02/Math/TimeWithSpeedVariable.uexp" 1509
"../../../Engine/Content/Functions/Engine_MaterialFunctions02/Lerp_Multiple_Float.uasset" 1510
"../../../Engine/Content/Functions/Engine_MaterialFunctions02/Lerp_Multiple_Float.uexp" 1511
"../../../Engine/Content/Functions/Engine_MaterialFunctions03/Blends/Blend_Lighten.uasset" 1512
"../../../Engine/Content/Functions/Engine_MaterialFunctions03/Blends/Blend_Lighten.uexp" 1513
"../../../Engine/Content/Functions/Engine_MaterialFunctions01/Shading/MetallicShading.uasset" 1514
"../../../Engine/Content/Functions/Engine_MaterialFunctions01/Shading/MetallicShading.uexp" 1515
"C:/Users/Margarida/Desktop/Thesis-Project-2025/Thesis_Project/Content/MetaHumans/Common/Materials/Textures/Clothing/Wrinkles/memory_wrinkles_normal.ubulk" 1516
"C:/Users/Margarida/Desktop/Thesis-Project-2025/Thesis_Project/Content/MetaHumans/Common/Materials/Textures/Clothing/Wrinkles/memory_wrinkles_normal.uasset" 1517
"C:/Users/Margarida/Desktop/Thesis-Project-2025/Thesis_Project/Content/MetaHumans/Common/Materials/Textures/Clothing/Wrinkles/memory_wrinkles_normal.uexp" 1518
"C:/Users/Margarida/Desktop/Thesis-Project-2025/Thesis_Project/Content/MetaHumans/Common/Materials/Textures/Clothing/Macros/macro_linen_rbess3s_4K.ubulk" 1519
"C:/Users/Margarida/Desktop/Thesis-Project-2025/Thesis_Project/Content/MetaHumans/Common/Materials/Textures/Clothing/Macros/macro_linen_rbess3s_4K.uasset" 1520
"C:/Users/Margarida/Desktop/Thesis-Project-2025/Thesis_Project/Content/MetaHumans/Common/Materials/Textures/Clothing/Macros/macro_linen_rbess3s_4K.uexp" 1521
"C:/Users/Margarida/Desktop/Thesis-Project-2025/Thesis_Project/Content/MetaHumans/Common/Materials/MF_Passthrough.uasset" 1522
"C:/Users/Margarida/Desktop/Thesis-Project-2025/Thesis_Project/Content/MetaHumans/Common/Materials/MF_Passthrough.uexp" 1523
"C:/Users/Margarida/Desktop/Thesis-Project-2025/Thesis_Project/Content/MetaHumans/Common/Materials/Textures/Clothing/clothing_AO.ubulk" 1524
"C:/Users/Margarida/Desktop/Thesis-Project-2025/Thesis_Project/Content/MetaHumans/Common/Materials/Textures/Clothing/clothing_AO.uasset" 1525
"C:/Users/Margarida/Desktop/Thesis-Project-2025/Thesis_Project/Content/MetaHumans/Common/Materials/Textures/Clothing/clothing_AO.uexp" 1526
"C:/Users/Margarida/Desktop/Thesis-Project-2025/Thesis_Project/Content/MetaHumans/Common/Materials/Textures/Clothing/clothing_N.ubulk" 1527
"C:/Users/Margarida/Desktop/Thesis-Project-2025/Thesis_Project/Content/MetaHumans/Common/Materials/Textures/Clothing/clothing_N.uasset" 1528
"C:/Users/Margarida/Desktop/Thesis-Project-2025/Thesis_Project/Content/MetaHumans/Common/Materials/Textures/Clothing/clothing_N.uexp" 1529
"C:/Users/Margarida/Desktop/Thesis-Project-2025/Thesis_Project/Content/MetaHumans/Common/Materials/Textures/Clothing/DefaultMaps/black_masks.uasset" 1530
"C:/Users/Margarida/Desktop/Thesis-Project-2025/Thesis_Project/Content/MetaHumans/Common/Materials/Textures/Clothing/DefaultMaps/black_masks.uexp" 1531
"C:/Users/Margarida/Desktop/Thesis-Project-2025/Thesis_Project/Content/MetaHumans/Common/Materials/Textures/Clothing/DefaultMaps/Clothing_Default_Mask.ubulk" 1532
"C:/Users/Margarida/Desktop/Thesis-Project-2025/Thesis_Project/Content/MetaHumans/Common/Materials/Textures/Clothing/DefaultMaps/Clothing_Default_Mask.uasset" 1533
"C:/Users/Margarida/Desktop/Thesis-Project-2025/Thesis_Project/Content/MetaHumans/Common/Materials/Textures/Clothing/DefaultMaps/Clothing_Default_Mask.uexp" 1534
"C:/Users/Margarida/Desktop/Thesis-Project-2025/Thesis_Project/Content/MetaHumans/Common/Materials/Textures/Clothing/DefaultMaps/color_spectrum.ubulk" 1535
"C:/Users/Margarida/Desktop/Thesis-Project-2025/Thesis_Project/Content/MetaHumans/Common/Materials/Textures/Clothing/DefaultMaps/color_spectrum.uasset" 1536
"C:/Users/Margarida/Desktop/Thesis-Project-2025/Thesis_Project/Content/MetaHumans/Common/Materials/Textures/Clothing/DefaultMaps/color_spectrum.uexp" 1537
"C:/Users/Margarida/Desktop/Thesis-Project-2025/Thesis_Project/Content/MetaHumans/Common/Materials/Textures/Clothing/DefaultMaps/WhiteSquareTexture.uasset" 1538
"C:/Users/Margarida/Desktop/Thesis-Project-2025/Thesis_Project/Content/MetaHumans/Common/Materials/Textures/Clothing/DefaultMaps/WhiteSquareTexture.uexp" 1539
"C:/Users/Margarida/Desktop/Thesis-Project-2025/Thesis_Project/Content/MetaHumans/Common/Materials/Textures/Clothing/Macros/macro_pilling_A.ubulk" 1540
"C:/Users/Margarida/Desktop/Thesis-Project-2025/Thesis_Project/Content/MetaHumans/Common/Materials/Textures/Clothing/Macros/macro_pilling_A.uasset" 1541
"C:/Users/Margarida/Desktop/Thesis-Project-2025/Thesis_Project/Content/MetaHumans/Common/Materials/Textures/Clothing/Macros/macro_pilling_A.uexp" 1542
"C:/Users/Margarida/Desktop/Thesis-Project-2025/Thesis_Project/Content/MetaHumans/Common/Materials/Textures/Clothing/Macros/macro_pilling_N.ubulk" 1543
"C:/Users/Margarida/Desktop/Thesis-Project-2025/Thesis_Project/Content/MetaHumans/Common/Materials/Textures/Clothing/Macros/macro_pilling_N.uasset" 1544
"C:/Users/Margarida/Desktop/Thesis-Project-2025/Thesis_Project/Content/MetaHumans/Common/Materials/Textures/Clothing/Macros/macro_pilling_N.uexp" 1545
"C:/Users/Margarida/Desktop/Thesis-Project-2025/Thesis_Project/Content/MetaHumans/Common/Materials/Textures/Clothing/Micros/micro_weave_denim_diffuse.ubulk" 1546
"C:/Users/Margarida/Desktop/Thesis-Project-2025/Thesis_Project/Content/MetaHumans/Common/Materials/Textures/Clothing/Micros/micro_weave_denim_diffuse.uasset" 1547
"C:/Users/Margarida/Desktop/Thesis-Project-2025/Thesis_Project/Content/MetaHumans/Common/Materials/Textures/Clothing/Micros/micro_weave_denim_diffuse.uexp" 1548
"C:/Users/Margarida/Desktop/Thesis-Project-2025/Thesis_Project/Content/MetaHumans/Common/Materials/Textures/Clothing/Micros/micro_weave_denim_N.ubulk" 1549
"C:/Users/Margarida/Desktop/Thesis-Project-2025/Thesis_Project/Content/MetaHumans/Common/Materials/Textures/Clothing/Micros/micro_weave_denim_N.uasset" 1550
"C:/Users/Margarida/Desktop/Thesis-Project-2025/Thesis_Project/Content/MetaHumans/Common/Materials/Textures/Clothing/Micros/micro_weave_denim_N.uexp" 1551
"C:/Users/Margarida/Desktop/Thesis-Project-2025/Thesis_Project/Content/MetaHumans/Common/Materials/Textures/Clothing/MaterialFunction/MatLayerBlend_Aniso.uasset" 1552
"C:/Users/Margarida/Desktop/Thesis-Project-2025/Thesis_Project/Content/MetaHumans/Common/Materials/Textures/Clothing/MaterialFunction/MatLayerBlend_Aniso.uexp" 1553
"C:/Users/Margarida/Desktop/Thesis-Project-2025/Thesis_Project/Content/MetaHumans/Common/Materials/Textures/Clothing/MaterialFunction/MF_AvgColorReplace.uasset" 1554
"C:/Users/Margarida/Desktop/Thesis-Project-2025/Thesis_Project/Content/MetaHumans/Common/Materials/Textures/Clothing/MaterialFunction/MF_AvgColorReplace.uexp" 1555
"C:/Users/Margarida/Desktop/Thesis-Project-2025/Thesis_Project/Content/MetaHumans/Common/Materials/Textures/Clothing/MaterialFunction/MF_PowerVariation.uasset" 1556
"C:/Users/Margarida/Desktop/Thesis-Project-2025/Thesis_Project/Content/MetaHumans/Common/Materials/Textures/Clothing/MaterialFunction/MF_PowerVariation.uexp" 1557
"C:/Users/Margarida/Desktop/Thesis-Project-2025/Thesis_Project/Content/MetaHumans/Common/Materials/Textures/Clothing/MaterialFunction/MF_PrintGraphic.uasset" 1558
"C:/Users/Margarida/Desktop/Thesis-Project-2025/Thesis_Project/Content/MetaHumans/Common/Materials/Textures/Clothing/MaterialFunction/MF_PrintGraphic.uexp" 1559
"C:/Users/Margarida/Desktop/Thesis-Project-2025/Thesis_Project/Content/MetaHumans/Common/Materials/Textures/Clothing/MaterialFunction/MF_PrintRepeats.uasset" 1560
"C:/Users/Margarida/Desktop/Thesis-Project-2025/Thesis_Project/Content/MetaHumans/Common/Materials/Textures/Clothing/MaterialFunction/MF_PrintRepeats.uexp" 1561
"C:/Users/Margarida/Desktop/Thesis-Project-2025/Thesis_Project/Content/MetaHumans/Common/Materials/Textures/Clothing/upresTest/MF_NormalStrength.uasset" 1562
"C:/Users/Margarida/Desktop/Thesis-Project-2025/Thesis_Project/Content/MetaHumans/Common/Materials/Textures/Clothing/upresTest/MF_NormalStrength.uexp" 1563
"C:/Users/Margarida/Desktop/Thesis-Project-2025/Thesis_Project/Content/MetaHumans/Common/Materials/M_fabric_simpler.uasset" 1564
"C:/Users/Margarida/Desktop/Thesis-Project-2025/Thesis_Project/Content/MetaHumans/Common/Materials/M_fabric_simpler.uexp" 1565
"C:/Users/Margarida/Desktop/Thesis-Project-2025/Thesis_Project/Content/MetaHumans/Common/Materials/Textures/Clothing/Macros/macro_heather_04.ubulk" 1566
"C:/Users/Margarida/Desktop/Thesis-Project-2025/Thesis_Project/Content/MetaHumans/Common/Materials/Textures/Clothing/Macros/macro_heather_04.uasset" 1567
"C:/Users/Margarida/Desktop/Thesis-Project-2025/Thesis_Project/Content/MetaHumans/Common/Materials/Textures/Clothing/Macros/macro_heather_04.uexp" 1568
"C:/Users/Margarida/Desktop/Thesis-Project-2025/Thesis_Project/Content/MetaHumans/Common/Materials/Textures/Clothing/Micros/micro_knit_front_H.ubulk" 1569
"C:/Users/Margarida/Desktop/Thesis-Project-2025/Thesis_Project/Content/MetaHumans/Common/Materials/Textures/Clothing/Micros/micro_knit_front_H.uasset" 1570
"C:/Users/Margarida/Desktop/Thesis-Project-2025/Thesis_Project/Content/MetaHumans/Common/Materials/Textures/Clothing/Micros/micro_knit_front_H.uexp" 1571
"C:/Users/Margarida/Desktop/Thesis-Project-2025/Thesis_Project/Content/MetaHumans/Common/Materials/Textures/Clothing/Micros/micro_knit_front_N.ubulk" 1572
"C:/Users/Margarida/Desktop/Thesis-Project-2025/Thesis_Project/Content/MetaHumans/Common/Materials/Textures/Clothing/Micros/micro_knit_front_N.uasset" 1573
"C:/Users/Margarida/Desktop/Thesis-Project-2025/Thesis_Project/Content/MetaHumans/Common/Materials/Textures/Clothing/Micros/micro_knit_front_N.uexp" 1574
"C:/Users/Margarida/Desktop/Thesis-Project-2025/Thesis_Project/Content/MetaHumans/Common/Materials/Yogapants/Textures/f_med_nrw_yogaful_slm_Stitches.ubulk" 1575
"C:/Users/Margarida/Desktop/Thesis-Project-2025/Thesis_Project/Content/MetaHumans/Common/Materials/Yogapants/Textures/f_med_nrw_yogaful_slm_Stitches.uasset" 1576
"C:/Users/Margarida/Desktop/Thesis-Project-2025/Thesis_Project/Content/MetaHumans/Common/Materials/Yogapants/Textures/f_med_nrw_yogaful_slm_Stitches.uexp" 1577
"C:/Users/Margarida/Desktop/Thesis-Project-2025/Thesis_Project/Content/MetaHumans/Common/Materials/Yogapants/Textures/f_med_nrw_yogaful_slm_N.ubulk" 1578
"C:/Users/Margarida/Desktop/Thesis-Project-2025/Thesis_Project/Content/MetaHumans/Common/Materials/Yogapants/Textures/f_med_nrw_yogaful_slm_N.uasset" 1579
"C:/Users/Margarida/Desktop/Thesis-Project-2025/Thesis_Project/Content/MetaHumans/Common/Materials/Yogapants/Textures/f_med_nrw_yogaful_slm_N.uexp" 1580
"C:/Users/Margarida/Desktop/Thesis-Project-2025/Thesis_Project/Content/MetaHumans/Common/Materials/Yogapants/Textures/f_med_nrw_yogaful_slm_Mask.ubulk" 1581
"C:/Users/Margarida/Desktop/Thesis-Project-2025/Thesis_Project/Content/MetaHumans/Common/Materials/Yogapants/Textures/f_med_nrw_yogaful_slm_Mask.uasset" 1582
"C:/Users/Margarida/Desktop/Thesis-Project-2025/Thesis_Project/Content/MetaHumans/Common/Materials/Yogapants/Textures/f_med_nrw_yogaful_slm_Mask.uexp" 1583
"C:/Users/Margarida/Desktop/Thesis-Project-2025/Thesis_Project/Content/MetaHumans/Common/Materials/Yogapants/Textures/f_med_nrw_yogaful_slm_AO.ubulk" 1584
"C:/Users/Margarida/Desktop/Thesis-Project-2025/Thesis_Project/Content/MetaHumans/Common/Materials/Yogapants/Textures/f_med_nrw_yogaful_slm_AO.uasset" 1585
"C:/Users/Margarida/Desktop/Thesis-Project-2025/Thesis_Project/Content/MetaHumans/Common/Materials/Yogapants/Textures/f_med_nrw_yogaful_slm_AO.uexp" 1586
"C:/Users/Margarida/Desktop/Thesis-Project-2025/Thesis_Project/Content/MetaHumans/Common/Materials/Yogapants/btm_yogaPants_base.uasset" 1587
"C:/Users/Margarida/Desktop/Thesis-Project-2025/Thesis_Project/Content/MetaHumans/Common/Materials/Yogapants/btm_yogaPants_base.uexp" 1588
"C:/Users/Margarida/Desktop/Thesis-Project-2025/Thesis_Project/Content/MetaHumans/Common/Materials/Yogapants/F_ovw_btm_yogaPants_full.uasset" 1589
"C:/Users/Margarida/Desktop/Thesis-Project-2025/Thesis_Project/Content/MetaHumans/Common/Materials/Yogapants/F_ovw_btm_yogaPants_full.uexp" 1590
"C:/Users/Margarida/Desktop/Thesis-Project-2025/Thesis_Project/Content/MetaHumans/Common/Female/Short/Overweight/Bottoms/Yogapants/f_srt_ovw_btm_yogaful_slm_Cinematic.uasset" 1591
"C:/Users/Margarida/Desktop/Thesis-Project-2025/Thesis_Project/Content/MetaHumans/Common/Female/Short/Overweight/Bottoms/Yogapants/f_srt_ovw_btm_yogaful_slm_Cinematic.uexp" 1592
"C:/Users/Margarida/Desktop/Thesis-Project-2025/Thesis_Project/Content/MetaHumans/Common/Materials/RunningShoes/shs_runningshoes_AO.ubulk" 1593
"C:/Users/Margarida/Desktop/Thesis-Project-2025/Thesis_Project/Content/MetaHumans/Common/Materials/RunningShoes/shs_runningshoes_AO.uasset" 1594
"C:/Users/Margarida/Desktop/Thesis-Project-2025/Thesis_Project/Content/MetaHumans/Common/Materials/RunningShoes/shs_runningshoes_AO.uexp" 1595
"C:/Users/Margarida/Desktop/Thesis-Project-2025/Thesis_Project/Content/MetaHumans/Common/Materials/RunningShoes/shs_runningshoes_Mask.ubulk" 1596
"C:/Users/Margarida/Desktop/Thesis-Project-2025/Thesis_Project/Content/MetaHumans/Common/Materials/RunningShoes/shs_runningshoes_Mask.uasset" 1597
"C:/Users/Margarida/Desktop/Thesis-Project-2025/Thesis_Project/Content/MetaHumans/Common/Materials/RunningShoes/shs_runningshoes_Mask.uexp" 1598
"C:/Users/Margarida/Desktop/Thesis-Project-2025/Thesis_Project/Content/MetaHumans/Common/Materials/RunningShoes/shs_runningshoes_N.ubulk" 1599
"C:/Users/Margarida/Desktop/Thesis-Project-2025/Thesis_Project/Content/MetaHumans/Common/Materials/RunningShoes/shs_runningshoes_N.uasset" 1600
"C:/Users/Margarida/Desktop/Thesis-Project-2025/Thesis_Project/Content/MetaHumans/Common/Materials/RunningShoes/shs_runningshoes_N.uexp" 1601
"C:/Users/Margarida/Desktop/Thesis-Project-2025/Thesis_Project/Content/MetaHumans/Common/Materials/RunningShoes/shs_runningshoes_nrm_detailTx_02.ubulk" 1602
"C:/Users/Margarida/Desktop/Thesis-Project-2025/Thesis_Project/Content/MetaHumans/Common/Materials/RunningShoes/shs_runningshoes_nrm_detailTx_02.uasset" 1603
"C:/Users/Margarida/Desktop/Thesis-Project-2025/Thesis_Project/Content/MetaHumans/Common/Materials/RunningShoes/shs_runningshoes_nrm_detailTx_02.uexp" 1604
"C:/Users/Margarida/Desktop/Thesis-Project-2025/Thesis_Project/Content/MetaHumans/Common/Materials/RunningShoes/shs_runningshoes_nrm_detailTx_N.ubulk" 1605
"C:/Users/Margarida/Desktop/Thesis-Project-2025/Thesis_Project/Content/MetaHumans/Common/Materials/RunningShoes/shs_runningshoes_nrm_detailTx_N.uasset" 1606
"C:/Users/Margarida/Desktop/Thesis-Project-2025/Thesis_Project/Content/MetaHumans/Common/Materials/RunningShoes/shs_runningshoes_nrm_detailTx_N.uexp" 1607
"C:/Users/Margarida/Desktop/Thesis-Project-2025/Thesis_Project/Content/MetaHumans/Common/Materials/RunningShoes/shs_runningshoes_sole_mask.ubulk" 1608
"C:/Users/Margarida/Desktop/Thesis-Project-2025/Thesis_Project/Content/MetaHumans/Common/Materials/RunningShoes/shs_runningshoes_sole_mask.uasset" 1609
"C:/Users/Margarida/Desktop/Thesis-Project-2025/Thesis_Project/Content/MetaHumans/Common/Materials/RunningShoes/shs_runningshoes_sole_mask.uexp" 1610
"C:/Users/Margarida/Desktop/Thesis-Project-2025/Thesis_Project/Content/MetaHumans/Common/Materials/Textures/Clothing/Macros/macro_heather_04_normal.ubulk" 1611
"C:/Users/Margarida/Desktop/Thesis-Project-2025/Thesis_Project/Content/MetaHumans/Common/Materials/Textures/Clothing/Macros/macro_heather_04_normal.uasset" 1612
"C:/Users/Margarida/Desktop/Thesis-Project-2025/Thesis_Project/Content/MetaHumans/Common/Materials/Textures/Clothing/Macros/macro_heather_04_normal.uexp" 1613
"C:/Users/Margarida/Desktop/Thesis-Project-2025/Thesis_Project/Content/MetaHumans/Common/Materials/Textures/Clothing/Macros/macro_linen_rbess3s_4K_02.ubulk" 1614
"C:/Users/Margarida/Desktop/Thesis-Project-2025/Thesis_Project/Content/MetaHumans/Common/Materials/Textures/Clothing/Macros/macro_linen_rbess3s_4K_02.uasset" 1615
"C:/Users/Margarida/Desktop/Thesis-Project-2025/Thesis_Project/Content/MetaHumans/Common/Materials/Textures/Clothing/Macros/macro_linen_rbess3s_4K_02.uexp" 1616
"C:/Users/Margarida/Desktop/Thesis-Project-2025/Thesis_Project/Content/MetaHumans/Common/Materials/RunningShoes/M_shs_runningshoes.uasset" 1617
"C:/Users/Margarida/Desktop/Thesis-Project-2025/Thesis_Project/Content/MetaHumans/Common/Materials/RunningShoes/M_shs_runningshoes.uexp" 1618
"../../../Engine/Plugins/Animation/ControlRig/Content/Controls/DefaultGizmoLibraryNormalized.uasset" 1619
"../../../Engine/Plugins/Animation/ControlRig/Content/Controls/DefaultGizmoLibraryNormalized.uexp" 1620
"C:/Users/Margarida/Desktop/Thesis-Project-2025/Thesis_Project/Content/MetaHumans/Common/Shared/Animation/CR_PlaceHolder.uasset" 1621
"C:/Users/Margarida/Desktop/Thesis-Project-2025/Thesis_Project/Content/MetaHumans/Common/Shared/Animation/CR_PlaceHolder.uexp" 1622
"C:/Users/Margarida/Desktop/Thesis-Project-2025/Thesis_Project/Content/MetaHumans/Common/Shared/Animation/ABP_Clothing_PostProcess.uasset" 1623
"C:/Users/Margarida/Desktop/Thesis-Project-2025/Thesis_Project/Content/MetaHumans/Common/Shared/Animation/ABP_Clothing_PostProcess.uexp" 1624
"C:/Users/Margarida/Desktop/Thesis-Project-2025/Thesis_Project/Content/MetaHumans/Common/Female/Medium/NormalWeight/Shoes/CasualSneakers/mh_casualsneakers_Skeleton.uasset" 1625
"C:/Users/Margarida/Desktop/Thesis-Project-2025/Thesis_Project/Content/MetaHumans/Common/Female/Medium/NormalWeight/Shoes/CasualSneakers/mh_casualsneakers_Skeleton.uexp" 1626
"C:/Users/Margarida/Desktop/Thesis-Project-2025/Thesis_Project/Content/MetaHumans/Common/Female/Medium/NormalWeight/Shoes/CasualSneakers/mh_casualsneakers_Skeleton_ABP_Cinematic.uasset" 1627
"C:/Users/Margarida/Desktop/Thesis-Project-2025/Thesis_Project/Content/MetaHumans/Common/Female/Medium/NormalWeight/Shoes/CasualSneakers/mh_casualsneakers_Skeleton_ABP_Cinematic.uexp" 1628
"C:/Users/Margarida/Desktop/Thesis-Project-2025/Thesis_Project/Content/MetaHumans/Common/Female/Short/Overweight/Shoes/RunningShoes/f_srt_ovw_shs_runningshoes_Physics.uasset" 1629
"C:/Users/Margarida/Desktop/Thesis-Project-2025/Thesis_Project/Content/MetaHumans/Common/Female/Short/Overweight/Shoes/RunningShoes/f_srt_ovw_shs_runningshoes_Physics.uexp" 1630
"C:/Users/Margarida/Desktop/Thesis-Project-2025/Thesis_Project/Content/MetaHumans/Common/Female/Short/Overweight/Shoes/RunningShoes/f_srt_ovw_shs_runningshoes_Cinematic.uasset" 1631
"C:/Users/Margarida/Desktop/Thesis-Project-2025/Thesis_Project/Content/MetaHumans/Common/Female/Short/Overweight/Shoes/RunningShoes/f_srt_ovw_shs_runningshoes_Cinematic.uexp" 1632
"C:/Users/Margarida/Desktop/Thesis-Project-2025/Thesis_Project/Content/MetaHumans/Common/Materials/RigidBody_PhysicsMaterial.uasset" 1633
"C:/Users/Margarida/Desktop/Thesis-Project-2025/Thesis_Project/Content/MetaHumans/Common/Materials/RigidBody_PhysicsMaterial.uexp" 1634
"C:/Users/Margarida/Desktop/Thesis-Project-2025/Thesis_Project/Content/MetaHumans/Common/Female/Short/Overweight/Tops/Hoodie/Meshes/f_srt_ovw_top_hoodie_strings_Physics.uasset" 1635
"C:/Users/Margarida/Desktop/Thesis-Project-2025/Thesis_Project/Content/MetaHumans/Common/Female/Short/Overweight/Tops/Hoodie/Meshes/f_srt_ovw_top_hoodie_strings_Physics.uexp" 1636
"C:/Users/Margarida/Desktop/Thesis-Project-2025/Thesis_Project/Content/MetaHumans/Common/Materials/Hoodie/top_hoodie_AO.ubulk" 1637
"C:/Users/Margarida/Desktop/Thesis-Project-2025/Thesis_Project/Content/MetaHumans/Common/Materials/Hoodie/top_hoodie_AO.uasset" 1638
"C:/Users/Margarida/Desktop/Thesis-Project-2025/Thesis_Project/Content/MetaHumans/Common/Materials/Hoodie/top_hoodie_AO.uexp" 1639
"C:/Users/Margarida/Desktop/Thesis-Project-2025/Thesis_Project/Content/MetaHumans/Common/Materials/Hoodie/top_hoodie_Mask.ubulk" 1640
"C:/Users/Margarida/Desktop/Thesis-Project-2025/Thesis_Project/Content/MetaHumans/Common/Materials/Hoodie/top_hoodie_Mask.uasset" 1641
"C:/Users/Margarida/Desktop/Thesis-Project-2025/Thesis_Project/Content/MetaHumans/Common/Materials/Hoodie/top_hoodie_Mask.uexp" 1642
"C:/Users/Margarida/Desktop/Thesis-Project-2025/Thesis_Project/Content/MetaHumans/Common/Materials/Hoodie/top_hoodie_N.ubulk" 1643
"C:/Users/Margarida/Desktop/Thesis-Project-2025/Thesis_Project/Content/MetaHumans/Common/Materials/Hoodie/top_hoodie_N.uasset" 1644
"C:/Users/Margarida/Desktop/Thesis-Project-2025/Thesis_Project/Content/MetaHumans/Common/Materials/Hoodie/top_hoodie_N.uexp" 1645
"C:/Users/Margarida/Desktop/Thesis-Project-2025/Thesis_Project/Content/MetaHumans/Common/Materials/Textures/Clothing/Micros/micro_doubleKnit_front_AOHCA_M.ubulk" 1646
"C:/Users/Margarida/Desktop/Thesis-Project-2025/Thesis_Project/Content/MetaHumans/Common/Materials/Textures/Clothing/Micros/micro_doubleKnit_front_AOHCA_M.uasset" 1647
"C:/Users/Margarida/Desktop/Thesis-Project-2025/Thesis_Project/Content/MetaHumans/Common/Materials/Textures/Clothing/Micros/micro_doubleKnit_front_AOHCA_M.uexp" 1648
"C:/Users/Margarida/Desktop/Thesis-Project-2025/Thesis_Project/Content/MetaHumans/Common/Materials/Textures/Clothing/Micros/micro_knit_front_AOHCA_M.ubulk" 1649
"C:/Users/Margarida/Desktop/Thesis-Project-2025/Thesis_Project/Content/MetaHumans/Common/Materials/Textures/Clothing/Micros/micro_knit_front_AOHCA_M.uasset" 1650
"C:/Users/Margarida/Desktop/Thesis-Project-2025/Thesis_Project/Content/MetaHumans/Common/Materials/Textures/Clothing/Micros/micro_knit_front_AOHCA_M.uexp" 1651
"C:/Users/Margarida/Desktop/Thesis-Project-2025/Thesis_Project/Content/MetaHumans/Common/Materials/Hoodie/M_top_hoodie.uasset" 1652
"C:/Users/Margarida/Desktop/Thesis-Project-2025/Thesis_Project/Content/MetaHumans/Common/Materials/Hoodie/M_top_hoodie.uexp" 1653
"C:/Users/Margarida/Desktop/Thesis-Project-2025/Thesis_Project/Content/MetaHumans/Common/Female/Short/Overweight/Tops/Hoodie/Meshes/f_srt_ovw_top_hoodie_Skeleton.uasset" 1654
"C:/Users/Margarida/Desktop/Thesis-Project-2025/Thesis_Project/Content/MetaHumans/Common/Female/Short/Overweight/Tops/Hoodie/Meshes/f_srt_ovw_top_hoodie_Skeleton.uexp" 1655
"C:/Users/Margarida/Desktop/Thesis-Project-2025/Thesis_Project/Content/MetaHumans/Common/Female/Short/Overweight/Tops/Hoodie/Meshes/f_srt_ovw_top_hoodie_bake.uasset" 1656
"C:/Users/Margarida/Desktop/Thesis-Project-2025/Thesis_Project/Content/MetaHumans/Common/Female/Short/Overweight/Tops/Hoodie/Meshes/f_srt_ovw_top_hoodie_bake.uexp" 1657
"C:/Users/Margarida/Desktop/Thesis-Project-2025/Thesis_Project/Content/MetaHumans/Common/Female/Medium/NormalWeight/Tops/Hoodie/Meshes/f_med_nrw_top_hoodie_CtrlRig.uasset" 1658
"C:/Users/Margarida/Desktop/Thesis-Project-2025/Thesis_Project/Content/MetaHumans/Common/Female/Medium/NormalWeight/Tops/Hoodie/Meshes/f_med_nrw_top_hoodie_CtrlRig.uexp" 1659
"C:/Users/Margarida/Desktop/Thesis-Project-2025/Thesis_Project/Content/MetaHumans/Common/Female/Short/Overweight/Tops/Hoodie/Meshes/f_srt_ovw_top_hoodie_AnimBP_Cinematic.uasset" 1660
"C:/Users/Margarida/Desktop/Thesis-Project-2025/Thesis_Project/Content/MetaHumans/Common/Female/Short/Overweight/Tops/Hoodie/Meshes/f_srt_ovw_top_hoodie_AnimBP_Cinematic.uexp" 1661
"C:/Users/Margarida/Desktop/Thesis-Project-2025/Thesis_Project/Content/MetaHumans/Common/Female/Short/Overweight/Tops/Hoodie/Meshes/f_srt_ovw_top_hoodie_Cinematic.uasset" 1662
"C:/Users/Margarida/Desktop/Thesis-Project-2025/Thesis_Project/Content/MetaHumans/Common/Female/Short/Overweight/Tops/Hoodie/Meshes/f_srt_ovw_top_hoodie_Cinematic.uexp" 1663
"C:/Users/Margarida/Desktop/Thesis-Project-2025/Thesis_Project/Content/MetaHumans/Common/Female/Textures/female_001/8K/female_body_cavity_map.uexp" 1664
"C:/Users/Margarida/Desktop/Thesis-Project-2025/Thesis_Project/Content/MetaHumans/Common/Female/Textures/female_001/8K/female_body_cavity_map.ubulk" 1665
"C:/Users/Margarida/Desktop/Thesis-Project-2025/Thesis_Project/Content/MetaHumans/Common/Female/Textures/female_001/8K/female_body_cavity_map.uasset" 1666
"C:/Users/Margarida/Desktop/Thesis-Project-2025/Thesis_Project/Content/MetaHumans/Common/Female/Textures/female_001/8K/female_body_cavity_map.uptnl" 1667
"C:/Users/Margarida/Desktop/Thesis-Project-2025/Thesis_Project/Content/MetaHumans/Common/Female/Textures/female_001/8K/female_body_normal_map.uexp" 1668
"C:/Users/Margarida/Desktop/Thesis-Project-2025/Thesis_Project/Content/MetaHumans/Common/Female/Textures/female_001/8K/female_body_normal_map.ubulk" 1669
"C:/Users/Margarida/Desktop/Thesis-Project-2025/Thesis_Project/Content/MetaHumans/Common/Female/Textures/female_001/8K/female_body_normal_map.uasset" 1670
"C:/Users/Margarida/Desktop/Thesis-Project-2025/Thesis_Project/Content/MetaHumans/Common/Female/Textures/female_001/8K/female_body_normal_map.uptnl" 1671
"C:/Users/Margarida/Desktop/Thesis-Project-2025/Thesis_Project/Content/MetaHumans/Common/Female/Textures/female_001/8K/female_body_roughness_map.uexp" 1672
"C:/Users/Margarida/Desktop/Thesis-Project-2025/Thesis_Project/Content/MetaHumans/Common/Female/Textures/female_001/8K/female_body_roughness_map.ubulk" 1673
"C:/Users/Margarida/Desktop/Thesis-Project-2025/Thesis_Project/Content/MetaHumans/Common/Female/Textures/female_001/8K/female_body_roughness_map.uasset" 1674
"C:/Users/Margarida/Desktop/Thesis-Project-2025/Thesis_Project/Content/MetaHumans/Common/Female/Textures/female_001/8K/female_body_roughness_map.uptnl" 1675
"C:/Users/Margarida/Desktop/Thesis-Project-2025/Thesis_Project/Content/MetaHumans/Common/Female/Textures/Shared/8K/female_body_mask_map.uexp" 1676
"C:/Users/Margarida/Desktop/Thesis-Project-2025/Thesis_Project/Content/MetaHumans/Common/Female/Textures/Shared/8K/female_body_mask_map.ubulk" 1677
"C:/Users/Margarida/Desktop/Thesis-Project-2025/Thesis_Project/Content/MetaHumans/Common/Female/Textures/Shared/8K/female_body_mask_map.uasset" 1678
"C:/Users/Margarida/Desktop/Thesis-Project-2025/Thesis_Project/Content/MetaHumans/Common/Female/Textures/Shared/8K/female_body_mask_map.uptnl" 1679
"C:/Users/Margarida/Desktop/Thesis-Project-2025/Thesis_Project/Content/MetaHumans/Common/Female/Textures/Shared/8K/female_underwear_color_map.uexp" 1680
"C:/Users/Margarida/Desktop/Thesis-Project-2025/Thesis_Project/Content/MetaHumans/Common/Female/Textures/Shared/8K/female_underwear_color_map.ubulk" 1681
"C:/Users/Margarida/Desktop/Thesis-Project-2025/Thesis_Project/Content/MetaHumans/Common/Female/Textures/Shared/8K/female_underwear_color_map.uasset" 1682
"C:/Users/Margarida/Desktop/Thesis-Project-2025/Thesis_Project/Content/MetaHumans/Common/Female/Textures/Shared/8K/female_underwear_color_map.uptnl" 1683
"C:/Users/Margarida/Desktop/Thesis-Project-2025/Thesis_Project/Content/MetaHumans/Common/Textures/T_FlatNormal.ubulk" 1684
"C:/Users/Margarida/Desktop/Thesis-Project-2025/Thesis_Project/Content/MetaHumans/Common/Textures/T_FlatNormal.uasset" 1685
"C:/Users/Margarida/Desktop/Thesis-Project-2025/Thesis_Project/Content/MetaHumans/Common/Textures/T_FlatNormal.uexp" 1686
"C:/Users/Margarida/Desktop/Thesis-Project-2025/Thesis_Project/Content/MetaHumans/Common/Textures/T_BodyHideMask.ubulk" 1687
"C:/Users/Margarida/Desktop/Thesis-Project-2025/Thesis_Project/Content/MetaHumans/Common/Textures/T_BodyHideMask.uasset" 1688
"C:/Users/Margarida/Desktop/Thesis-Project-2025/Thesis_Project/Content/MetaHumans/Common/Textures/T_BodyHideMask.uexp" 1689
"C:/Users/Margarida/Desktop/Thesis-Project-2025/Thesis_Project/Content/MetaHumans/Common/Textures/DefaultTexture_VT.ubulk" 1690
"C:/Users/Margarida/Desktop/Thesis-Project-2025/Thesis_Project/Content/MetaHumans/Common/Textures/DefaultTexture_VT.uasset" 1691
"C:/Users/Margarida/Desktop/Thesis-Project-2025/Thesis_Project/Content/MetaHumans/Common/Textures/DefaultTexture_VT.uexp" 1692
"C:/Users/Margarida/Desktop/Thesis-Project-2025/Thesis_Project/Content/MetaHumans/Common/Materials/Textures/T_SkinMicroNormal.ubulk" 1693
"C:/Users/Margarida/Desktop/Thesis-Project-2025/Thesis_Project/Content/MetaHumans/Common/Materials/Textures/T_SkinMicroNormal.uasset" 1694
"C:/Users/Margarida/Desktop/Thesis-Project-2025/Thesis_Project/Content/MetaHumans/Common/Materials/Textures/T_SkinMicroNormal.uexp" 1695
"C:/Users/Margarida/Desktop/Thesis-Project-2025/Thesis_Project/Content/MetaHumans/Common/Materials/DefaultTexture_LinearColor.ubulk" 1696
"C:/Users/Margarida/Desktop/Thesis-Project-2025/Thesis_Project/Content/MetaHumans/Common/Materials/DefaultTexture_LinearColor.uasset" 1697
"C:/Users/Margarida/Desktop/Thesis-Project-2025/Thesis_Project/Content/MetaHumans/Common/Materials/DefaultTexture_LinearColor.uexp" 1698
"C:/Users/Margarida/Desktop/Thesis-Project-2025/Thesis_Project/Content/MetaHumans/Common/Face/SubsurfaceProfiles/SSP_Head.uasset" 1699
"C:/Users/Margarida/Desktop/Thesis-Project-2025/Thesis_Project/Content/MetaHumans/Common/Face/SubsurfaceProfiles/SSP_Head.uexp" 1700
"C:/Users/Margarida/Desktop/Thesis-Project-2025/Thesis_Project/Content/MetaHumans/Common/Materials/M_BodySkin.uasset" 1701
"C:/Users/Margarida/Desktop/Thesis-Project-2025/Thesis_Project/Content/MetaHumans/Common/Materials/M_BodySkin.uexp" 1702
"C:/Users/Margarida/Desktop/Thesis-Project-2025/Thesis_Project/Content/MetaHumans/Common/Materials/MI_BodySynthesized.uasset" 1703
"C:/Users/Margarida/Desktop/Thesis-Project-2025/Thesis_Project/Content/MetaHumans/Common/Materials/MI_BodySynthesized.uexp" 1704
"C:/Users/Margarida/Desktop/Thesis-Project-2025/Thesis_Project/Content/MetaHumans/Fei/Body/BodyBaseColor.ubulk" 1705
"C:/Users/Margarida/Desktop/Thesis-Project-2025/Thesis_Project/Content/MetaHumans/Fei/Body/BodyBaseColor.uasset" 1706
"C:/Users/Margarida/Desktop/Thesis-Project-2025/Thesis_Project/Content/MetaHumans/Fei/Body/BodyBaseColor.uexp" 1707
"C:/Users/Margarida/Desktop/Thesis-Project-2025/Thesis_Project/Content/MetaHumans/Fei/Materials/MI_BodySynthesized.uasset" 1708
"C:/Users/Margarida/Desktop/Thesis-Project-2025/Thesis_Project/Content/MetaHumans/Fei/Materials/MI_BodySynthesized.uexp" 1709
"C:/Users/Margarida/Desktop/Thesis-Project-2025/Thesis_Project/Content/MetaHumans/Common/Controls/MHGizmoLibrary.uasset" 1710
"C:/Users/Margarida/Desktop/Thesis-Project-2025/Thesis_Project/Content/MetaHumans/Common/Controls/MHGizmoLibrary.uexp" 1711
"C:/Users/Margarida/Desktop/Thesis-Project-2025/Thesis_Project/Content/MetaHumans/Common/Face/HeadMovementIK_Proc_CtrlRig.uasset" 1712
"C:/Users/Margarida/Desktop/Thesis-Project-2025/Thesis_Project/Content/MetaHumans/Common/Face/HeadMovementIK_Proc_CtrlRig.uexp" 1713
"C:/Users/Margarida/Desktop/Thesis-Project-2025/Thesis_Project/Content/MetaHumans/Common/Common/metahuman_proc_ControlRig.uasset" 1714
"C:/Users/Margarida/Desktop/Thesis-Project-2025/Thesis_Project/Content/MetaHumans/Common/Common/metahuman_proc_ControlRig.uexp" 1715
"C:/Users/Margarida/Desktop/Thesis-Project-2025/Thesis_Project/Content/MetaHumans/Common/Female/Short/Overweight/Poses/f_srt_ovw_upperarm_r_pose.uasset" 1716
"C:/Users/Margarida/Desktop/Thesis-Project-2025/Thesis_Project/Content/MetaHumans/Common/Female/Short/Overweight/Poses/f_srt_ovw_upperarm_r_pose.uexp" 1717
"C:/Users/Margarida/Desktop/Thesis-Project-2025/Thesis_Project/Content/MetaHumans/Common/Female/Short/Overweight/Poses/f_srt_ovw_upperarm_l_pose.uasset" 1718
"C:/Users/Margarida/Desktop/Thesis-Project-2025/Thesis_Project/Content/MetaHumans/Common/Female/Short/Overweight/Poses/f_srt_ovw_upperarm_l_pose.uexp" 1719
"C:/Users/Margarida/Desktop/Thesis-Project-2025/Thesis_Project/Content/MetaHumans/Common/Female/Short/Overweight/Poses/f_srt_ovw_thumb_03_r_pose.uasset" 1720
"C:/Users/Margarida/Desktop/Thesis-Project-2025/Thesis_Project/Content/MetaHumans/Common/Female/Short/Overweight/Poses/f_srt_ovw_thumb_03_r_pose.uexp" 1721
"C:/Users/Margarida/Desktop/Thesis-Project-2025/Thesis_Project/Content/MetaHumans/Common/Female/Short/Overweight/Poses/f_srt_ovw_thumb_03_l_pose.uasset" 1722
"C:/Users/Margarida/Desktop/Thesis-Project-2025/Thesis_Project/Content/MetaHumans/Common/Female/Short/Overweight/Poses/f_srt_ovw_thumb_03_l_pose.uexp" 1723
"C:/Users/Margarida/Desktop/Thesis-Project-2025/Thesis_Project/Content/MetaHumans/Common/Female/Short/Overweight/Poses/f_srt_ovw_thumb_02_r_pose.uasset" 1724
"C:/Users/Margarida/Desktop/Thesis-Project-2025/Thesis_Project/Content/MetaHumans/Common/Female/Short/Overweight/Poses/f_srt_ovw_thumb_02_r_pose.uexp" 1725
"C:/Users/Margarida/Desktop/Thesis-Project-2025/Thesis_Project/Content/MetaHumans/Common/Female/Short/Overweight/Poses/f_srt_ovw_thumb_02_l_pose.uasset" 1726
"C:/Users/Margarida/Desktop/Thesis-Project-2025/Thesis_Project/Content/MetaHumans/Common/Female/Short/Overweight/Poses/f_srt_ovw_thumb_02_l_pose.uexp" 1727
"C:/Users/Margarida/Desktop/Thesis-Project-2025/Thesis_Project/Content/MetaHumans/Common/Female/Short/Overweight/Poses/f_srt_ovw_thumb_01_r_pose.uasset" 1728
"C:/Users/Margarida/Desktop/Thesis-Project-2025/Thesis_Project/Content/MetaHumans/Common/Female/Short/Overweight/Poses/f_srt_ovw_thumb_01_r_pose.uexp" 1729
"C:/Users/Margarida/Desktop/Thesis-Project-2025/Thesis_Project/Content/MetaHumans/Common/Female/Short/Overweight/Poses/f_srt_ovw_thumb_01_l_pose.uasset" 1730
"C:/Users/Margarida/Desktop/Thesis-Project-2025/Thesis_Project/Content/MetaHumans/Common/Female/Short/Overweight/Poses/f_srt_ovw_thumb_01_l_pose.uexp" 1731
"C:/Users/Margarida/Desktop/Thesis-Project-2025/Thesis_Project/Content/MetaHumans/Common/Female/Short/Overweight/Poses/f_srt_ovw_thigh_r_pose.uasset" 1732
"C:/Users/Margarida/Desktop/Thesis-Project-2025/Thesis_Project/Content/MetaHumans/Common/Female/Short/Overweight/Poses/f_srt_ovw_thigh_r_pose.uexp" 1733
"C:/Users/Margarida/Desktop/Thesis-Project-2025/Thesis_Project/Content/MetaHumans/Common/Female/Short/Overweight/Poses/f_srt_ovw_thigh_l_pose.uasset" 1734
"C:/Users/Margarida/Desktop/Thesis-Project-2025/Thesis_Project/Content/MetaHumans/Common/Female/Short/Overweight/Poses/f_srt_ovw_thigh_l_pose.uexp" 1735
"C:/Users/Margarida/Desktop/Thesis-Project-2025/Thesis_Project/Content/MetaHumans/Common/Female/Short/Overweight/Poses/f_srt_ovw_ring_03_r_pose.uasset" 1736
"C:/Users/Margarida/Desktop/Thesis-Project-2025/Thesis_Project/Content/MetaHumans/Common/Female/Short/Overweight/Poses/f_srt_ovw_ring_03_r_pose.uexp" 1737
"C:/Users/Margarida/Desktop/Thesis-Project-2025/Thesis_Project/Content/MetaHumans/Common/Female/Short/Overweight/Poses/f_srt_ovw_ring_03_l_pose.uasset" 1738
"C:/Users/Margarida/Desktop/Thesis-Project-2025/Thesis_Project/Content/MetaHumans/Common/Female/Short/Overweight/Poses/f_srt_ovw_ring_03_l_pose.uexp" 1739
"C:/Users/Margarida/Desktop/Thesis-Project-2025/Thesis_Project/Content/MetaHumans/Common/Female/Short/Overweight/Poses/f_srt_ovw_ring_02_r_pose.uasset" 1740
"C:/Users/Margarida/Desktop/Thesis-Project-2025/Thesis_Project/Content/MetaHumans/Common/Female/Short/Overweight/Poses/f_srt_ovw_ring_02_r_pose.uexp" 1741
"C:/Users/Margarida/Desktop/Thesis-Project-2025/Thesis_Project/Content/MetaHumans/Common/Female/Short/Overweight/Poses/f_srt_ovw_ring_02_l_pose.uasset" 1742
"C:/Users/Margarida/Desktop/Thesis-Project-2025/Thesis_Project/Content/MetaHumans/Common/Female/Short/Overweight/Poses/f_srt_ovw_ring_02_l_pose.uexp" 1743
"C:/Users/Margarida/Desktop/Thesis-Project-2025/Thesis_Project/Content/MetaHumans/Common/Female/Short/Overweight/Poses/f_srt_ovw_ring_01_r_pose.uasset" 1744
"C:/Users/Margarida/Desktop/Thesis-Project-2025/Thesis_Project/Content/MetaHumans/Common/Female/Short/Overweight/Poses/f_srt_ovw_ring_01_r_pose.uexp" 1745
"C:/Users/Margarida/Desktop/Thesis-Project-2025/Thesis_Project/Content/MetaHumans/Common/Female/Short/Overweight/Poses/f_srt_ovw_ring_01_l_pose.uasset" 1746
"C:/Users/Margarida/Desktop/Thesis-Project-2025/Thesis_Project/Content/MetaHumans/Common/Female/Short/Overweight/Poses/f_srt_ovw_ring_01_l_pose.uexp" 1747
"C:/Users/Margarida/Desktop/Thesis-Project-2025/Thesis_Project/Content/MetaHumans/Common/Female/Short/Overweight/Poses/f_srt_ovw_pinky_03_r_pose.uasset" 1748
"C:/Users/Margarida/Desktop/Thesis-Project-2025/Thesis_Project/Content/MetaHumans/Common/Female/Short/Overweight/Poses/f_srt_ovw_pinky_03_r_pose.uexp" 1749
"C:/Users/Margarida/Desktop/Thesis-Project-2025/Thesis_Project/Content/MetaHumans/Common/Female/Short/Overweight/Poses/f_srt_ovw_pinky_03_l_pose.uasset" 1750
"C:/Users/Margarida/Desktop/Thesis-Project-2025/Thesis_Project/Content/MetaHumans/Common/Female/Short/Overweight/Poses/f_srt_ovw_pinky_03_l_pose.uexp" 1751
"C:/Users/Margarida/Desktop/Thesis-Project-2025/Thesis_Project/Content/MetaHumans/Common/Female/Short/Overweight/Poses/f_srt_ovw_pinky_02_r_pose.uasset" 1752
"C:/Users/Margarida/Desktop/Thesis-Project-2025/Thesis_Project/Content/MetaHumans/Common/Female/Short/Overweight/Poses/f_srt_ovw_pinky_02_r_pose.uexp" 1753
"C:/Users/Margarida/Desktop/Thesis-Project-2025/Thesis_Project/Content/MetaHumans/Common/Female/Short/Overweight/Poses/f_srt_ovw_pinky_02_l_pose.uasset" 1754
"C:/Users/Margarida/Desktop/Thesis-Project-2025/Thesis_Project/Content/MetaHumans/Common/Female/Short/Overweight/Poses/f_srt_ovw_pinky_02_l_pose.uexp" 1755
"C:/Users/Margarida/Desktop/Thesis-Project-2025/Thesis_Project/Content/MetaHumans/Common/Female/Short/Overweight/Poses/f_srt_ovw_pinky_01_r_pose.uasset" 1756
"C:/Users/Margarida/Desktop/Thesis-Project-2025/Thesis_Project/Content/MetaHumans/Common/Female/Short/Overweight/Poses/f_srt_ovw_pinky_01_r_pose.uexp" 1757
"C:/Users/Margarida/Desktop/Thesis-Project-2025/Thesis_Project/Content/MetaHumans/Common/Female/Short/Overweight/Poses/f_srt_ovw_pinky_01_l_pose.uasset" 1758
"C:/Users/Margarida/Desktop/Thesis-Project-2025/Thesis_Project/Content/MetaHumans/Common/Female/Short/Overweight/Poses/f_srt_ovw_pinky_01_l_pose.uexp" 1759
"C:/Users/Margarida/Desktop/Thesis-Project-2025/Thesis_Project/Content/MetaHumans/Common/Female/Short/Overweight/Poses/f_srt_ovw_middle_03_r_pose.uasset" 1760
"C:/Users/Margarida/Desktop/Thesis-Project-2025/Thesis_Project/Content/MetaHumans/Common/Female/Short/Overweight/Poses/f_srt_ovw_middle_03_r_pose.uexp" 1761
"C:/Users/Margarida/Desktop/Thesis-Project-2025/Thesis_Project/Content/MetaHumans/Common/Female/Short/Overweight/Poses/f_srt_ovw_middle_03_l_pose.uasset" 1762
"C:/Users/Margarida/Desktop/Thesis-Project-2025/Thesis_Project/Content/MetaHumans/Common/Female/Short/Overweight/Poses/f_srt_ovw_middle_03_l_pose.uexp" 1763
"C:/Users/Margarida/Desktop/Thesis-Project-2025/Thesis_Project/Content/MetaHumans/Common/Female/Short/Overweight/Poses/f_srt_ovw_middle_02_r_pose.uasset" 1764
"C:/Users/Margarida/Desktop/Thesis-Project-2025/Thesis_Project/Content/MetaHumans/Common/Female/Short/Overweight/Poses/f_srt_ovw_middle_02_r_pose.uexp" 1765
"C:/Users/Margarida/Desktop/Thesis-Project-2025/Thesis_Project/Content/MetaHumans/Common/Female/Short/Overweight/Poses/f_srt_ovw_middle_02_l_pose.uasset" 1766
"C:/Users/Margarida/Desktop/Thesis-Project-2025/Thesis_Project/Content/MetaHumans/Common/Female/Short/Overweight/Poses/f_srt_ovw_middle_02_l_pose.uexp" 1767
"C:/Users/Margarida/Desktop/Thesis-Project-2025/Thesis_Project/Content/MetaHumans/Common/Female/Short/Overweight/Poses/f_srt_ovw_middle_01_r_pose.uasset" 1768
"C:/Users/Margarida/Desktop/Thesis-Project-2025/Thesis_Project/Content/MetaHumans/Common/Female/Short/Overweight/Poses/f_srt_ovw_middle_01_r_pose.uexp" 1769
"C:/Users/Margarida/Desktop/Thesis-Project-2025/Thesis_Project/Content/MetaHumans/Common/Female/Short/Overweight/Poses/f_srt_ovw_middle_01_l_pose.uasset" 1770
"C:/Users/Margarida/Desktop/Thesis-Project-2025/Thesis_Project/Content/MetaHumans/Common/Female/Short/Overweight/Poses/f_srt_ovw_middle_01_l_pose.uexp" 1771
"C:/Users/Margarida/Desktop/Thesis-Project-2025/Thesis_Project/Content/MetaHumans/Common/Female/Short/Overweight/Poses/f_srt_ovw_lowerarm_r_pose.uasset" 1772
"C:/Users/Margarida/Desktop/Thesis-Project-2025/Thesis_Project/Content/MetaHumans/Common/Female/Short/Overweight/Poses/f_srt_ovw_lowerarm_r_pose.uexp" 1773
"C:/Users/Margarida/Desktop/Thesis-Project-2025/Thesis_Project/Content/MetaHumans/Common/Female/Short/Overweight/Poses/f_srt_ovw_lowerarm_l_pose.uasset" 1774
"C:/Users/Margarida/Desktop/Thesis-Project-2025/Thesis_Project/Content/MetaHumans/Common/Female/Short/Overweight/Poses/f_srt_ovw_lowerarm_l_pose.uexp" 1775
"C:/Users/Margarida/Desktop/Thesis-Project-2025/Thesis_Project/Content/MetaHumans/Common/Female/Short/Overweight/Poses/f_srt_ovw_index_03_r_pose.uasset" 1776
"C:/Users/Margarida/Desktop/Thesis-Project-2025/Thesis_Project/Content/MetaHumans/Common/Female/Short/Overweight/Poses/f_srt_ovw_index_03_r_pose.uexp" 1777
"C:/Users/Margarida/Desktop/Thesis-Project-2025/Thesis_Project/Content/MetaHumans/Common/Female/Short/Overweight/Poses/f_srt_ovw_index_03_l_pose.uasset" 1778
"C:/Users/Margarida/Desktop/Thesis-Project-2025/Thesis_Project/Content/MetaHumans/Common/Female/Short/Overweight/Poses/f_srt_ovw_index_03_l_pose.uexp" 1779
"C:/Users/Margarida/Desktop/Thesis-Project-2025/Thesis_Project/Content/MetaHumans/Common/Female/Short/Overweight/Poses/f_srt_ovw_index_02_r_pose.uasset" 1780
"C:/Users/Margarida/Desktop/Thesis-Project-2025/Thesis_Project/Content/MetaHumans/Common/Female/Short/Overweight/Poses/f_srt_ovw_index_02_r_pose.uexp" 1781
"C:/Users/Margarida/Desktop/Thesis-Project-2025/Thesis_Project/Content/MetaHumans/Common/Female/Short/Overweight/Poses/f_srt_ovw_index_02_l_pose.uasset" 1782
"C:/Users/Margarida/Desktop/Thesis-Project-2025/Thesis_Project/Content/MetaHumans/Common/Female/Short/Overweight/Poses/f_srt_ovw_index_02_l_pose.uexp" 1783
"C:/Users/Margarida/Desktop/Thesis-Project-2025/Thesis_Project/Content/MetaHumans/Common/Female/Short/Overweight/Poses/f_srt_ovw_index_01_r_pose.uasset" 1784
"C:/Users/Margarida/Desktop/Thesis-Project-2025/Thesis_Project/Content/MetaHumans/Common/Female/Short/Overweight/Poses/f_srt_ovw_index_01_r_pose.uexp" 1785
"C:/Users/Margarida/Desktop/Thesis-Project-2025/Thesis_Project/Content/MetaHumans/Common/Female/Short/Overweight/Poses/f_srt_ovw_index_01_l_pose.uasset" 1786
"C:/Users/Margarida/Desktop/Thesis-Project-2025/Thesis_Project/Content/MetaHumans/Common/Female/Short/Overweight/Poses/f_srt_ovw_index_01_l_pose.uexp" 1787
"C:/Users/Margarida/Desktop/Thesis-Project-2025/Thesis_Project/Content/MetaHumans/Common/Female/Short/Overweight/Poses/f_srt_ovw_hand_r_pose.uasset" 1788
"C:/Users/Margarida/Desktop/Thesis-Project-2025/Thesis_Project/Content/MetaHumans/Common/Female/Short/Overweight/Poses/f_srt_ovw_hand_r_pose.uexp" 1789
"C:/Users/Margarida/Desktop/Thesis-Project-2025/Thesis_Project/Content/MetaHumans/Common/Female/Short/Overweight/Poses/f_srt_ovw_hand_l_pose.uasset" 1790
"C:/Users/Margarida/Desktop/Thesis-Project-2025/Thesis_Project/Content/MetaHumans/Common/Female/Short/Overweight/Poses/f_srt_ovw_hand_l_pose.uexp" 1791
"C:/Users/Margarida/Desktop/Thesis-Project-2025/Thesis_Project/Content/MetaHumans/Common/Female/Short/Overweight/Poses/f_srt_ovw_foot_r_pose.uasset" 1792
"C:/Users/Margarida/Desktop/Thesis-Project-2025/Thesis_Project/Content/MetaHumans/Common/Female/Short/Overweight/Poses/f_srt_ovw_foot_r_pose.uexp" 1793
"C:/Users/Margarida/Desktop/Thesis-Project-2025/Thesis_Project/Content/MetaHumans/Common/Female/Short/Overweight/Poses/f_srt_ovw_foot_l_pose.uasset" 1794
"C:/Users/Margarida/Desktop/Thesis-Project-2025/Thesis_Project/Content/MetaHumans/Common/Female/Short/Overweight/Poses/f_srt_ovw_foot_l_pose.uexp" 1795
"C:/Users/Margarida/Desktop/Thesis-Project-2025/Thesis_Project/Content/MetaHumans/Common/Female/Short/Overweight/Poses/f_srt_ovw_clavicle_r_pose.uasset" 1796
"C:/Users/Margarida/Desktop/Thesis-Project-2025/Thesis_Project/Content/MetaHumans/Common/Female/Short/Overweight/Poses/f_srt_ovw_clavicle_r_pose.uexp" 1797
"C:/Users/Margarida/Desktop/Thesis-Project-2025/Thesis_Project/Content/MetaHumans/Common/Female/Short/Overweight/Poses/f_srt_ovw_clavicle_l_pose.uasset" 1798
"C:/Users/Margarida/Desktop/Thesis-Project-2025/Thesis_Project/Content/MetaHumans/Common/Female/Short/Overweight/Poses/f_srt_ovw_clavicle_l_pose.uexp" 1799
"C:/Users/Margarida/Desktop/Thesis-Project-2025/Thesis_Project/Content/MetaHumans/Common/Female/Short/Overweight/Poses/f_srt_ovw_calf_r_pose.uasset" 1800
"C:/Users/Margarida/Desktop/Thesis-Project-2025/Thesis_Project/Content/MetaHumans/Common/Female/Short/Overweight/Poses/f_srt_ovw_calf_r_pose.uexp" 1801
"C:/Users/Margarida/Desktop/Thesis-Project-2025/Thesis_Project/Content/MetaHumans/Common/Female/Short/Overweight/Poses/f_srt_ovw_calf_l_pose.uasset" 1802
"C:/Users/Margarida/Desktop/Thesis-Project-2025/Thesis_Project/Content/MetaHumans/Common/Female/Short/Overweight/Poses/f_srt_ovw_calf_l_pose.uexp" 1803
"C:/Users/Margarida/Desktop/Thesis-Project-2025/Thesis_Project/Content/MetaHumans/Common/Female/Short/Overweight/Body/f_srt_ovw_animbp_Cinematic.uasset" 1804
"C:/Users/Margarida/Desktop/Thesis-Project-2025/Thesis_Project/Content/MetaHumans/Common/Female/Short/Overweight/Body/f_srt_ovw_animbp_Cinematic.uexp" 1805
"C:/Users/Margarida/Desktop/Thesis-Project-2025/Thesis_Project/Content/MetaHumans/Common/Female/Short/Overweight/Body/f_srt_ovw_body_Physics.uasset" 1806
"C:/Users/Margarida/Desktop/Thesis-Project-2025/Thesis_Project/Content/MetaHumans/Common/Female/Short/Overweight/Body/f_srt_ovw_body_Physics.uexp" 1807
"C:/Users/Margarida/Desktop/Thesis-Project-2025/Thesis_Project/Content/MetaHumans/Fei/Body/f_srt_ovw_body.uasset" 1808
"C:/Users/Margarida/Desktop/Thesis-Project-2025/Thesis_Project/Content/MetaHumans/Fei/Body/f_srt_ovw_body.uexp" 1809
"C:/Users/Margarida/Desktop/Thesis-Project-2025/Thesis_Project/Content/MetaHumans/Common/MaleHair/Textures/Eyelashes_S_Thin_Coverage.ubulk" 1810
"C:/Users/Margarida/Desktop/Thesis-Project-2025/Thesis_Project/Content/MetaHumans/Common/MaleHair/Textures/Eyelashes_S_Thin_Coverage.uasset" 1811
"C:/Users/Margarida/Desktop/Thesis-Project-2025/Thesis_Project/Content/MetaHumans/Common/MaleHair/Textures/Eyelashes_S_Thin_Coverage.uexp" 1812
"C:/Users/Margarida/Desktop/Thesis-Project-2025/Thesis_Project/Content/MetaHumans/Common/Materials/T_Black_Linear.uasset" 1813
"C:/Users/Margarida/Desktop/Thesis-Project-2025/Thesis_Project/Content/MetaHumans/Common/Materials/T_Black_Linear.uexp" 1814
"C:/Users/Margarida/Desktop/Thesis-Project-2025/Thesis_Project/Content/MetaHumans/Common/Materials/MF_YCbCrAdjustments_BoostRedness.uasset" 1815
"C:/Users/Margarida/Desktop/Thesis-Project-2025/Thesis_Project/Content/MetaHumans/Common/Materials/MF_YCbCrAdjustments_BoostRedness.uexp" 1816
"C:/Users/Margarida/Desktop/Thesis-Project-2025/Thesis_Project/Content/MetaHumans/Common/Materials/MF_YCbCr2RGB.uasset" 1817
"C:/Users/Margarida/Desktop/Thesis-Project-2025/Thesis_Project/Content/MetaHumans/Common/Materials/MF_YCbCr2RGB.uexp" 1818
"C:/Users/Margarida/Desktop/Thesis-Project-2025/Thesis_Project/Content/MetaHumans/Common/Materials/MF_RGB2YCbCr.uasset" 1819
"C:/Users/Margarida/Desktop/Thesis-Project-2025/Thesis_Project/Content/MetaHumans/Common/Materials/MF_RGB2YCbCr.uexp" 1820
"C:/Users/Margarida/Desktop/Thesis-Project-2025/Thesis_Project/Content/MetaHumans/Common/Materials/MF_RedHairBoost.uasset" 1821
"C:/Users/Margarida/Desktop/Thesis-Project-2025/Thesis_Project/Content/MetaHumans/Common/Materials/MF_RedHairBoost.uexp" 1822
"C:/Users/Margarida/Desktop/Thesis-Project-2025/Thesis_Project/Content/MetaHumans/Common/Materials/M_Eyelashes_Cards.uasset" 1823
"C:/Users/Margarida/Desktop/Thesis-Project-2025/Thesis_Project/Content/MetaHumans/Common/Materials/M_Eyelashes_Cards.uexp" 1824
"C:/Users/Margarida/Desktop/Thesis-Project-2025/Thesis_Project/Content/MetaHumans/Common/Materials/M_EyeLash_HigherLODs_Inst.uasset" 1825
"C:/Users/Margarida/Desktop/Thesis-Project-2025/Thesis_Project/Content/MetaHumans/Common/Materials/M_EyeLash_HigherLODs_Inst.uexp" 1826
"C:/Users/Margarida/Desktop/Thesis-Project-2025/Thesis_Project/Content/MetaHumans/Fei/Materials/M_EyeLash_HigherLODs_Inst.uasset" 1827
"C:/Users/Margarida/Desktop/Thesis-Project-2025/Thesis_Project/Content/MetaHumans/Fei/Materials/M_EyeLash_HigherLODs_Inst.uexp" 1828
"C:/Users/Margarida/Desktop/Thesis-Project-2025/Thesis_Project/Content/MetaHumans/Common/Materials/M_EyelashLowerLODs_Inst.uasset" 1829
"C:/Users/Margarida/Desktop/Thesis-Project-2025/Thesis_Project/Content/MetaHumans/Common/Materials/M_EyelashLowerLODs_Inst.uexp" 1830
"C:/Users/Margarida/Desktop/Thesis-Project-2025/Thesis_Project/Content/MetaHumans/Fei/Materials/M_EyelashLowerLODs_Inst.uasset" 1831
"C:/Users/Margarida/Desktop/Thesis-Project-2025/Thesis_Project/Content/MetaHumans/Fei/Materials/M_EyelashLowerLODs_Inst.uexp" 1832
"C:/Users/Margarida/Desktop/Thesis-Project-2025/Thesis_Project/Content/MetaHumans/Common/Materials/HighlightsTextures/HighlightMask_strips.ubulk" 1833
"C:/Users/Margarida/Desktop/Thesis-Project-2025/Thesis_Project/Content/MetaHumans/Common/Materials/HighlightsTextures/HighlightMask_strips.uasset" 1834
"C:/Users/Margarida/Desktop/Thesis-Project-2025/Thesis_Project/Content/MetaHumans/Common/Materials/HighlightsTextures/HighlightMask_strips.uexp" 1835
"C:/Users/Margarida/Desktop/Thesis-Project-2025/Thesis_Project/Content/MetaHumans/Fei/Face/FaceNormal_MAIN.uexp" 1836
"C:/Users/Margarida/Desktop/Thesis-Project-2025/Thesis_Project/Content/MetaHumans/Fei/Face/FaceNormal_MAIN.ubulk" 1837
"C:/Users/Margarida/Desktop/Thesis-Project-2025/Thesis_Project/Content/MetaHumans/Fei/Face/FaceNormal_MAIN.uasset" 1838
"C:/Users/Margarida/Desktop/Thesis-Project-2025/Thesis_Project/Content/MetaHumans/Fei/Face/FaceNormal_MAIN.uptnl" 1839
"C:/Users/Margarida/Desktop/Thesis-Project-2025/Thesis_Project/Content/MetaHumans/Fei/Face/FaceRoughness_MAIN.ubulk" 1840
"C:/Users/Margarida/Desktop/Thesis-Project-2025/Thesis_Project/Content/MetaHumans/Fei/Face/FaceRoughness_MAIN.uasset" 1841
"C:/Users/Margarida/Desktop/Thesis-Project-2025/Thesis_Project/Content/MetaHumans/Fei/Face/FaceRoughness_MAIN.uexp" 1842
"C:/Users/Margarida/Desktop/Thesis-Project-2025/Thesis_Project/Content/MetaHumans/Fei/Face/FaceNormal_WM3.uexp" 1843
"C:/Users/Margarida/Desktop/Thesis-Project-2025/Thesis_Project/Content/MetaHumans/Fei/Face/FaceNormal_WM3.ubulk" 1844
"C:/Users/Margarida/Desktop/Thesis-Project-2025/Thesis_Project/Content/MetaHumans/Fei/Face/FaceNormal_WM3.uasset" 1845
"C:/Users/Margarida/Desktop/Thesis-Project-2025/Thesis_Project/Content/MetaHumans/Fei/Face/FaceNormal_WM3.uptnl" 1846
"C:/Users/Margarida/Desktop/Thesis-Project-2025/Thesis_Project/Content/MetaHumans/Fei/Face/FaceNormal_WM2.uexp" 1847
"C:/Users/Margarida/Desktop/Thesis-Project-2025/Thesis_Project/Content/MetaHumans/Fei/Face/FaceNormal_WM2.ubulk" 1848
"C:/Users/Margarida/Desktop/Thesis-Project-2025/Thesis_Project/Content/MetaHumans/Fei/Face/FaceNormal_WM2.uasset" 1849
"C:/Users/Margarida/Desktop/Thesis-Project-2025/Thesis_Project/Content/MetaHumans/Fei/Face/FaceNormal_WM2.uptnl" 1850
"C:/Users/Margarida/Desktop/Thesis-Project-2025/Thesis_Project/Content/MetaHumans/Fei/Face/FaceNormal_WM1.uexp" 1851
"C:/Users/Margarida/Desktop/Thesis-Project-2025/Thesis_Project/Content/MetaHumans/Fei/Face/FaceNormal_WM1.ubulk" 1852
"C:/Users/Margarida/Desktop/Thesis-Project-2025/Thesis_Project/Content/MetaHumans/Fei/Face/FaceNormal_WM1.uasset" 1853
"C:/Users/Margarida/Desktop/Thesis-Project-2025/Thesis_Project/Content/MetaHumans/Fei/Face/FaceNormal_WM1.uptnl" 1854
"C:/Users/Margarida/Desktop/Thesis-Project-2025/Thesis_Project/Content/MetaHumans/Fei/Face/FaceFoundationBlusherMask.ubulk" 1855
"C:/Users/Margarida/Desktop/Thesis-Project-2025/Thesis_Project/Content/MetaHumans/Fei/Face/FaceFoundationBlusherMask.uasset" 1856
"C:/Users/Margarida/Desktop/Thesis-Project-2025/Thesis_Project/Content/MetaHumans/Fei/Face/FaceFoundationBlusherMask.uexp" 1857
"C:/Users/Margarida/Desktop/Thesis-Project-2025/Thesis_Project/Content/MetaHumans/Fei/Face/FaceEyeLipstickMask.ubulk" 1858
"C:/Users/Margarida/Desktop/Thesis-Project-2025/Thesis_Project/Content/MetaHumans/Fei/Face/FaceEyeLipstickMask.uasset" 1859
"C:/Users/Margarida/Desktop/Thesis-Project-2025/Thesis_Project/Content/MetaHumans/Fei/Face/FaceEyeLipstickMask.uexp" 1860
"C:/Users/Margarida/Desktop/Thesis-Project-2025/Thesis_Project/Content/MetaHumans/Fei/Face/FaceColor_MAIN.ubulk" 1861
"C:/Users/Margarida/Desktop/Thesis-Project-2025/Thesis_Project/Content/MetaHumans/Fei/Face/FaceColor_MAIN.uasset" 1862
"C:/Users/Margarida/Desktop/Thesis-Project-2025/Thesis_Project/Content/MetaHumans/Fei/Face/FaceColor_MAIN.uexp" 1863
"C:/Users/Margarida/Desktop/Thesis-Project-2025/Thesis_Project/Content/MetaHumans/Fei/Face/FaceColor_CM3.ubulk" 1864
"C:/Users/Margarida/Desktop/Thesis-Project-2025/Thesis_Project/Content/MetaHumans/Fei/Face/FaceColor_CM3.uasset" 1865
"C:/Users/Margarida/Desktop/Thesis-Project-2025/Thesis_Project/Content/MetaHumans/Fei/Face/FaceColor_CM3.uexp" 1866
"C:/Users/Margarida/Desktop/Thesis-Project-2025/Thesis_Project/Content/MetaHumans/Fei/Face/FaceColor_CM2.ubulk" 1867
"C:/Users/Margarida/Desktop/Thesis-Project-2025/Thesis_Project/Content/MetaHumans/Fei/Face/FaceColor_CM2.uasset" 1868
"C:/Users/Margarida/Desktop/Thesis-Project-2025/Thesis_Project/Content/MetaHumans/Fei/Face/FaceColor_CM2.uexp" 1869
"C:/Users/Margarida/Desktop/Thesis-Project-2025/Thesis_Project/Content/MetaHumans/Fei/Face/FaceColor_CM1.ubulk" 1870
"C:/Users/Margarida/Desktop/Thesis-Project-2025/Thesis_Project/Content/MetaHumans/Fei/Face/FaceColor_CM1.uasset" 1871
"C:/Users/Margarida/Desktop/Thesis-Project-2025/Thesis_Project/Content/MetaHumans/Fei/Face/FaceColor_CM1.uexp" 1872
"C:/Users/Margarida/Desktop/Thesis-Project-2025/Thesis_Project/Content/MetaHumans/Fei/Face/FaceCavity_MAIN.uexp" 1873
"C:/Users/Margarida/Desktop/Thesis-Project-2025/Thesis_Project/Content/MetaHumans/Fei/Face/FaceCavity_MAIN.ubulk" 1874
"C:/Users/Margarida/Desktop/Thesis-Project-2025/Thesis_Project/Content/MetaHumans/Fei/Face/FaceCavity_MAIN.uasset" 1875
"C:/Users/Margarida/Desktop/Thesis-Project-2025/Thesis_Project/Content/MetaHumans/Fei/Face/FaceCavity_MAIN.uptnl" 1876
"C:/Users/Margarida/Desktop/Thesis-Project-2025/Thesis_Project/Content/MetaHumans/Fei/Face/FaceBakedGroomRootTipGradientRegionMasks.ubulk" 1877
"C:/Users/Margarida/Desktop/Thesis-Project-2025/Thesis_Project/Content/MetaHumans/Fei/Face/FaceBakedGroomRootTipGradientRegionMasks.uasset" 1878
"C:/Users/Margarida/Desktop/Thesis-Project-2025/Thesis_Project/Content/MetaHumans/Fei/Face/FaceBakedGroomRootTipGradientRegionMasks.uexp" 1879
"C:/Users/Margarida/Desktop/Thesis-Project-2025/Thesis_Project/Content/MetaHumans/Fei/Face/FaceBakedGroomAttributeMap.ubulk" 1880
"C:/Users/Margarida/Desktop/Thesis-Project-2025/Thesis_Project/Content/MetaHumans/Fei/Face/FaceBakedGroomAttributeMap.uasset" 1881
"C:/Users/Margarida/Desktop/Thesis-Project-2025/Thesis_Project/Content/MetaHumans/Fei/Face/FaceBakedGroomAttributeMap.uexp" 1882
"C:/Users/Margarida/Desktop/Thesis-Project-2025/Thesis_Project/Content/MetaHumans/Common/Face/Textures/Default_SecColors.uasset" 1883
"C:/Users/Margarida/Desktop/Thesis-Project-2025/Thesis_Project/Content/MetaHumans/Common/Face/Textures/Default_SecColors.uexp" 1884
"../../../Engine/Content/Functions/Engine_MaterialFunctions02/Utility/MakeFloat4.uasset" 1885
"../../../Engine/Content/Functions/Engine_MaterialFunctions02/Utility/MakeFloat4.uexp" 1886
"../../../Engine/Content/Functions/Engine_MaterialFunctions01/Gradient/LinearGradient.uasset" 1887
"../../../Engine/Content/Functions/Engine_MaterialFunctions01/Gradient/LinearGradient.uexp" 1888
"../../../Engine/Content/Functions/Engine_MaterialFunctions01/ImageAdjustment/CheapContrast.uasset" 1889
"../../../Engine/Content/Functions/Engine_MaterialFunctions01/ImageAdjustment/CheapContrast.uexp" 1890
"C:/Users/Margarida/Desktop/Thesis-Project-2025/Thesis_Project/Content/MetaHumans/Common/Materials/MF_Variation.uasset" 1891
"C:/Users/Margarida/Desktop/Thesis-Project-2025/Thesis_Project/Content/MetaHumans/Common/Materials/MF_Variation.uexp" 1892
"C:/Users/Margarida/Desktop/Thesis-Project-2025/Thesis_Project/Content/MetaHumans/Common/Materials/MF_Hair_Color.uasset" 1893
"C:/Users/Margarida/Desktop/Thesis-Project-2025/Thesis_Project/Content/MetaHumans/Common/Materials/MF_Hair_Color.uexp" 1894
"C:/Users/Margarida/Desktop/Thesis-Project-2025/Thesis_Project/Content/MetaHumans/Common/Materials/MF_Hair_SecondaryColors.uasset" 1895
"C:/Users/Margarida/Desktop/Thesis-Project-2025/Thesis_Project/Content/MetaHumans/Common/Materials/MF_Hair_SecondaryColors.uexp" 1896
"C:/Users/Margarida/Desktop/Thesis-Project-2025/Thesis_Project/Content/MetaHumans/Common/Materials/MF_Hair_SaltAndPeper.uasset" 1897
"C:/Users/Margarida/Desktop/Thesis-Project-2025/Thesis_Project/Content/MetaHumans/Common/Materials/MF_Hair_SaltAndPeper.uexp" 1898
"C:/Users/Margarida/Desktop/Thesis-Project-2025/Thesis_Project/Content/MetaHumans/Common/Materials/MF_Hair_ColorBlending.uasset" 1899
"C:/Users/Margarida/Desktop/Thesis-Project-2025/Thesis_Project/Content/MetaHumans/Common/Materials/MF_Hair_ColorBlending.uexp" 1900
"C:/Users/Margarida/Desktop/Thesis-Project-2025/Thesis_Project/Content/MetaHumans/Common/Face/Textures/T_MH_BentNormal_AO.ubulk" 1901
"C:/Users/Margarida/Desktop/Thesis-Project-2025/Thesis_Project/Content/MetaHumans/Common/Face/Textures/T_MH_BentNormal_AO.uasset" 1902
"C:/Users/Margarida/Desktop/Thesis-Project-2025/Thesis_Project/Content/MetaHumans/Common/Face/Textures/T_MH_BentNormal_AO.uexp" 1903
"C:/Users/Margarida/Desktop/Thesis-Project-2025/Thesis_Project/Content/MetaHumans/Common/Face/Textures/T_DefaultTextureLinear.ubulk" 1904
"C:/Users/Margarida/Desktop/Thesis-Project-2025/Thesis_Project/Content/MetaHumans/Common/Face/Textures/T_DefaultTextureLinear.uasset" 1905
"C:/Users/Margarida/Desktop/Thesis-Project-2025/Thesis_Project/Content/MetaHumans/Common/Face/Textures/T_DefaultTextureLinear.uexp" 1906
"C:/Users/Margarida/Desktop/Thesis-Project-2025/Thesis_Project/Content/MetaHumans/Common/Face/Textures/T_1x1_BakedGroomTextureBase.uasset" 1907
"C:/Users/Margarida/Desktop/Thesis-Project-2025/Thesis_Project/Content/MetaHumans/Common/Face/Textures/T_1x1_BakedGroomTextureBase.uexp" 1908
"C:/Users/Margarida/Desktop/Thesis-Project-2025/Thesis_Project/Content/MetaHumans/Common/Face/Textures/Utilities/AnimMasks/T_head_wm1_msk_04.ubulk" 1909
"C:/Users/Margarida/Desktop/Thesis-Project-2025/Thesis_Project/Content/MetaHumans/Common/Face/Textures/Utilities/AnimMasks/T_head_wm1_msk_04.uasset" 1910
"C:/Users/Margarida/Desktop/Thesis-Project-2025/Thesis_Project/Content/MetaHumans/Common/Face/Textures/Utilities/AnimMasks/T_head_wm1_msk_04.uexp" 1911
"C:/Users/Margarida/Desktop/Thesis-Project-2025/Thesis_Project/Content/MetaHumans/Common/Face/Textures/Utilities/AnimMasks/T_head_wm1_msk_03.ubulk" 1912
"C:/Users/Margarida/Desktop/Thesis-Project-2025/Thesis_Project/Content/MetaHumans/Common/Face/Textures/Utilities/AnimMasks/T_head_wm1_msk_03.uasset" 1913
"C:/Users/Margarida/Desktop/Thesis-Project-2025/Thesis_Project/Content/MetaHumans/Common/Face/Textures/Utilities/AnimMasks/T_head_wm1_msk_03.uexp" 1914
"C:/Users/Margarida/Desktop/Thesis-Project-2025/Thesis_Project/Content/MetaHumans/Common/Face/Textures/Utilities/AnimMasks/T_head_wm1_msk_02.ubulk" 1915
"C:/Users/Margarida/Desktop/Thesis-Project-2025/Thesis_Project/Content/MetaHumans/Common/Face/Textures/Utilities/AnimMasks/T_head_wm1_msk_02.uasset" 1916
"C:/Users/Margarida/Desktop/Thesis-Project-2025/Thesis_Project/Content/MetaHumans/Common/Face/Textures/Utilities/AnimMasks/T_head_wm1_msk_02.uexp" 1917
"C:/Users/Margarida/Desktop/Thesis-Project-2025/Thesis_Project/Content/MetaHumans/Common/Face/Textures/Utilities/AnimMasks/T_head_wm1_msk_01.ubulk" 1918
"C:/Users/Margarida/Desktop/Thesis-Project-2025/Thesis_Project/Content/MetaHumans/Common/Face/Textures/Utilities/AnimMasks/T_head_wm1_msk_01.uasset" 1919
"C:/Users/Margarida/Desktop/Thesis-Project-2025/Thesis_Project/Content/MetaHumans/Common/Face/Textures/Utilities/AnimMasks/T_head_wm1_msk_01.uexp" 1920
"C:/Users/Margarida/Desktop/Thesis-Project-2025/Thesis_Project/Content/MetaHumans/Common/Face/Textures/Utilities/AnimMasks/T_head_wm13_msk_01.ubulk" 1921
"C:/Users/Margarida/Desktop/Thesis-Project-2025/Thesis_Project/Content/MetaHumans/Common/Face/Textures/Utilities/AnimMasks/T_head_wm13_msk_01.uasset" 1922
"C:/Users/Margarida/Desktop/Thesis-Project-2025/Thesis_Project/Content/MetaHumans/Common/Face/Textures/Utilities/AnimMasks/T_head_wm13_msk_01.uexp" 1923
"C:/Users/Margarida/Desktop/Thesis-Project-2025/Thesis_Project/Content/MetaHumans/Common/Face/MaterialFunctions/Head/MF_HeadMask_01.uasset" 1924
"C:/Users/Margarida/Desktop/Thesis-Project-2025/Thesis_Project/Content/MetaHumans/Common/Face/MaterialFunctions/Head/MF_HeadMask_01.uexp" 1925
"C:/Users/Margarida/Desktop/Thesis-Project-2025/Thesis_Project/Content/MetaHumans/Common/Face/Textures/Utilities/AnimMasks/T_head_wm3_msk_02.ubulk" 1926
"C:/Users/Margarida/Desktop/Thesis-Project-2025/Thesis_Project/Content/MetaHumans/Common/Face/Textures/Utilities/AnimMasks/T_head_wm3_msk_02.uasset" 1927
"C:/Users/Margarida/Desktop/Thesis-Project-2025/Thesis_Project/Content/MetaHumans/Common/Face/Textures/Utilities/AnimMasks/T_head_wm3_msk_02.uexp" 1928
"C:/Users/Margarida/Desktop/Thesis-Project-2025/Thesis_Project/Content/MetaHumans/Common/Face/Textures/Utilities/AnimMasks/T_head_wm3_msk_01.ubulk" 1929
"C:/Users/Margarida/Desktop/Thesis-Project-2025/Thesis_Project/Content/MetaHumans/Common/Face/Textures/Utilities/AnimMasks/T_head_wm3_msk_01.uasset" 1930
"C:/Users/Margarida/Desktop/Thesis-Project-2025/Thesis_Project/Content/MetaHumans/Common/Face/Textures/Utilities/AnimMasks/T_head_wm3_msk_01.uexp" 1931
"C:/Users/Margarida/Desktop/Thesis-Project-2025/Thesis_Project/Content/MetaHumans/Common/Face/Textures/Utilities/AnimMasks/T_head_wm2_msk_02.ubulk" 1932
"C:/Users/Margarida/Desktop/Thesis-Project-2025/Thesis_Project/Content/MetaHumans/Common/Face/Textures/Utilities/AnimMasks/T_head_wm2_msk_02.uasset" 1933
"C:/Users/Margarida/Desktop/Thesis-Project-2025/Thesis_Project/Content/MetaHumans/Common/Face/Textures/Utilities/AnimMasks/T_head_wm2_msk_02.uexp" 1934
"C:/Users/Margarida/Desktop/Thesis-Project-2025/Thesis_Project/Content/MetaHumans/Common/Face/Textures/Utilities/AnimMasks/T_head_wm2_msk_01.ubulk" 1935
"C:/Users/Margarida/Desktop/Thesis-Project-2025/Thesis_Project/Content/MetaHumans/Common/Face/Textures/Utilities/AnimMasks/T_head_wm2_msk_01.uasset" 1936
"C:/Users/Margarida/Desktop/Thesis-Project-2025/Thesis_Project/Content/MetaHumans/Common/Face/Textures/Utilities/AnimMasks/T_head_wm2_msk_01.uexp" 1937
"C:/Users/Margarida/Desktop/Thesis-Project-2025/Thesis_Project/Content/MetaHumans/Common/Face/Textures/Utilities/AnimMasks/T_head_wm_msk_Array.uasset" 1938
"C:/Users/Margarida/Desktop/Thesis-Project-2025/Thesis_Project/Content/MetaHumans/Common/Face/Textures/Utilities/AnimMasks/T_head_wm_msk_Array.uexp" 1939
"C:/Users/Margarida/Desktop/Thesis-Project-2025/Thesis_Project/Content/MetaHumans/Common/Face/MaterialFunctions/Head/MF_HeadMask_TexArraySample.uasset" 1940
"C:/Users/Margarida/Desktop/Thesis-Project-2025/Thesis_Project/Content/MetaHumans/Common/Face/MaterialFunctions/Head/MF_HeadMask_TexArraySample.uexp" 1941
"C:/Users/Margarida/Desktop/Thesis-Project-2025/Thesis_Project/Content/MetaHumans/Common/Face/MaterialFunctions/Head/MF_HeadMask_01A.uasset" 1942
"C:/Users/Margarida/Desktop/Thesis-Project-2025/Thesis_Project/Content/MetaHumans/Common/Face/MaterialFunctions/Head/MF_HeadMask_01A.uexp" 1943
"C:/Users/Margarida/Desktop/Thesis-Project-2025/Thesis_Project/Content/MetaHumans/Common/Face/Textures/Utilities/AnimMasks/T_head_wm2_msk_03.ubulk" 1944
"C:/Users/Margarida/Desktop/Thesis-Project-2025/Thesis_Project/Content/MetaHumans/Common/Face/Textures/Utilities/AnimMasks/T_head_wm2_msk_03.uasset" 1945
"C:/Users/Margarida/Desktop/Thesis-Project-2025/Thesis_Project/Content/MetaHumans/Common/Face/Textures/Utilities/AnimMasks/T_head_wm2_msk_03.uexp" 1946
"C:/Users/Margarida/Desktop/Thesis-Project-2025/Thesis_Project/Content/MetaHumans/Common/Face/MaterialFunctions/Head/MF_HeadMask_02.uasset" 1947
"C:/Users/Margarida/Desktop/Thesis-Project-2025/Thesis_Project/Content/MetaHumans/Common/Face/MaterialFunctions/Head/MF_HeadMask_02.uexp" 1948
"C:/Users/Margarida/Desktop/Thesis-Project-2025/Thesis_Project/Content/MetaHumans/Common/Face/MaterialFunctions/Head/MF_HeadMask_02A.uasset" 1949
"C:/Users/Margarida/Desktop/Thesis-Project-2025/Thesis_Project/Content/MetaHumans/Common/Face/MaterialFunctions/Head/MF_HeadMask_02A.uexp" 1950
"C:/Users/Margarida/Desktop/Thesis-Project-2025/Thesis_Project/Content/MetaHumans/Common/Face/MaterialFunctions/Head/MF_HeadMask_03.uasset" 1951
"C:/Users/Margarida/Desktop/Thesis-Project-2025/Thesis_Project/Content/MetaHumans/Common/Face/MaterialFunctions/Head/MF_HeadMask_03.uexp" 1952
"C:/Users/Margarida/Desktop/Thesis-Project-2025/Thesis_Project/Content/MetaHumans/Common/Face/MaterialFunctions/Head/MF_HeadMask_03A.uasset" 1953
"C:/Users/Margarida/Desktop/Thesis-Project-2025/Thesis_Project/Content/MetaHumans/Common/Face/MaterialFunctions/Head/MF_HeadMask_03A.uexp" 1954
"C:/Users/Margarida/Desktop/Thesis-Project-2025/Thesis_Project/Content/MetaHumans/Common/Face/MaterialFunctions/MF_AnimatedMaps.uasset" 1955
"C:/Users/Margarida/Desktop/Thesis-Project-2025/Thesis_Project/Content/MetaHumans/Common/Face/MaterialFunctions/MF_AnimatedMaps.uexp" 1956
"C:/Users/Margarida/Desktop/Thesis-Project-2025/Thesis_Project/Content/MetaHumans/Common/Face/Textures/RoughnessRegionsMasks/T_RoughnessRegions_007.uasset" 1957
"C:/Users/Margarida/Desktop/Thesis-Project-2025/Thesis_Project/Content/MetaHumans/Common/Face/Textures/RoughnessRegionsMasks/T_RoughnessRegions_007.uexp" 1958
"C:/Users/Margarida/Desktop/Thesis-Project-2025/Thesis_Project/Content/MetaHumans/Common/Face/Textures/RoughnessRegionsMasks/T_RoughnessRegions_006.uasset" 1959
"C:/Users/Margarida/Desktop/Thesis-Project-2025/Thesis_Project/Content/MetaHumans/Common/Face/Textures/RoughnessRegionsMasks/T_RoughnessRegions_006.uexp" 1960
"C:/Users/Margarida/Desktop/Thesis-Project-2025/Thesis_Project/Content/MetaHumans/Common/Face/Textures/RoughnessRegionsMasks/T_RoughnessRegions_005.uasset" 1961
"C:/Users/Margarida/Desktop/Thesis-Project-2025/Thesis_Project/Content/MetaHumans/Common/Face/Textures/RoughnessRegionsMasks/T_RoughnessRegions_005.uexp" 1962
"C:/Users/Margarida/Desktop/Thesis-Project-2025/Thesis_Project/Content/MetaHumans/Common/Face/Textures/RoughnessRegionsMasks/T_RoughnessRegions_004.uasset" 1963
"C:/Users/Margarida/Desktop/Thesis-Project-2025/Thesis_Project/Content/MetaHumans/Common/Face/Textures/RoughnessRegionsMasks/T_RoughnessRegions_004.uexp" 1964
"C:/Users/Margarida/Desktop/Thesis-Project-2025/Thesis_Project/Content/MetaHumans/Common/Face/Textures/RoughnessRegionsMasks/T_RoughnessRegions_003.uasset" 1965
"C:/Users/Margarida/Desktop/Thesis-Project-2025/Thesis_Project/Content/MetaHumans/Common/Face/Textures/RoughnessRegionsMasks/T_RoughnessRegions_003.uexp" 1966
"C:/Users/Margarida/Desktop/Thesis-Project-2025/Thesis_Project/Content/MetaHumans/Common/Face/Textures/RoughnessRegionsMasks/T_RoughnessRegions_002.uasset" 1967
"C:/Users/Margarida/Desktop/Thesis-Project-2025/Thesis_Project/Content/MetaHumans/Common/Face/Textures/RoughnessRegionsMasks/T_RoughnessRegions_002.uexp" 1968
"C:/Users/Margarida/Desktop/Thesis-Project-2025/Thesis_Project/Content/MetaHumans/Common/Face/Textures/RoughnessRegionsMasks/T_RoughnessRegions_001.uasset" 1969
"C:/Users/Margarida/Desktop/Thesis-Project-2025/Thesis_Project/Content/MetaHumans/Common/Face/Textures/RoughnessRegionsMasks/T_RoughnessRegions_001.uexp" 1970
"C:/Users/Margarida/Desktop/Thesis-Project-2025/Thesis_Project/Content/MetaHumans/Common/Face/MaterialFunctions/Head/MF_RoughnessMult.uasset" 1971
"C:/Users/Margarida/Desktop/Thesis-Project-2025/Thesis_Project/Content/MetaHumans/Common/Face/MaterialFunctions/Head/MF_RoughnessMult.uexp" 1972
"C:/Users/Margarida/Desktop/Thesis-Project-2025/Thesis_Project/Content/MetaHumans/Common/Face/ArtistDelights/SkinAccents/T_SkinAccentRegions_002.ubulk" 1973
"C:/Users/Margarida/Desktop/Thesis-Project-2025/Thesis_Project/Content/MetaHumans/Common/Face/ArtistDelights/SkinAccents/T_SkinAccentRegions_002.uasset" 1974
"C:/Users/Margarida/Desktop/Thesis-Project-2025/Thesis_Project/Content/MetaHumans/Common/Face/ArtistDelights/SkinAccents/T_SkinAccentRegions_002.uexp" 1975
"C:/Users/Margarida/Desktop/Thesis-Project-2025/Thesis_Project/Content/MetaHumans/Common/Face/MaterialFunctions/Grooms/MF_BakedGroomTexturesCombined.uasset" 1976
"C:/Users/Margarida/Desktop/Thesis-Project-2025/Thesis_Project/Content/MetaHumans/Common/Face/MaterialFunctions/Grooms/MF_BakedGroomTexturesCombined.uexp" 1977
"C:/Users/Margarida/Desktop/Thesis-Project-2025/Thesis_Project/Content/MetaHumans/Common/Face/Materials/Baked/M_Head_Baked.uasset" 1978
"C:/Users/Margarida/Desktop/Thesis-Project-2025/Thesis_Project/Content/MetaHumans/Common/Face/Materials/Baked/M_Head_Baked.uexp" 1979
"C:/Users/Margarida/Desktop/Thesis-Project-2025/Thesis_Project/Content/MetaHumans/Common/Face/Materials/Baked/MI_HeadSynthesized_Baked.uasset" 1980
"C:/Users/Margarida/Desktop/Thesis-Project-2025/Thesis_Project/Content/MetaHumans/Common/Face/Materials/Baked/MI_HeadSynthesized_Baked.uexp" 1981
"C:/Users/Margarida/Desktop/Thesis-Project-2025/Thesis_Project/Content/MetaHumans/Fei/Face/Materials/Baked/MI_HeadSynthesized_Baked.uasset" 1982
"C:/Users/Margarida/Desktop/Thesis-Project-2025/Thesis_Project/Content/MetaHumans/Fei/Face/Materials/Baked/MI_HeadSynthesized_Baked.uexp" 1983
"C:/Users/Margarida/Desktop/Thesis-Project-2025/Thesis_Project/Content/MetaHumans/Fei/Face/Materials/Baked/MI_HeadSynthesized_Baked_LOD1.uasset" 1984
"C:/Users/Margarida/Desktop/Thesis-Project-2025/Thesis_Project/Content/MetaHumans/Fei/Face/Materials/Baked/MI_HeadSynthesized_Baked_LOD1.uexp" 1985
"C:/Users/Margarida/Desktop/Thesis-Project-2025/Thesis_Project/Content/MetaHumans/Fei/Face/Materials/Baked/MI_HeadSynthesized_Baked_LOD2.uasset" 1986
"C:/Users/Margarida/Desktop/Thesis-Project-2025/Thesis_Project/Content/MetaHumans/Fei/Face/Materials/Baked/MI_HeadSynthesized_Baked_LOD2.uexp" 1987
"C:/Users/Margarida/Desktop/Thesis-Project-2025/Thesis_Project/Content/MetaHumans/Fei/Face/T_BakedNormal_LOD3.ubulk" 1988
"C:/Users/Margarida/Desktop/Thesis-Project-2025/Thesis_Project/Content/MetaHumans/Fei/Face/T_BakedNormal_LOD3.uasset" 1989
"C:/Users/Margarida/Desktop/Thesis-Project-2025/Thesis_Project/Content/MetaHumans/Fei/Face/T_BakedNormal_LOD3.uexp" 1990
"C:/Users/Margarida/Desktop/Thesis-Project-2025/Thesis_Project/Content/MetaHumans/Fei/Face/Materials/Baked/MI_HeadSynthesized_Baked_LOD3.uasset" 1991
"C:/Users/Margarida/Desktop/Thesis-Project-2025/Thesis_Project/Content/MetaHumans/Fei/Face/Materials/Baked/MI_HeadSynthesized_Baked_LOD3.uexp" 1992
"C:/Users/Margarida/Desktop/Thesis-Project-2025/Thesis_Project/Content/MetaHumans/Fei/Face/T_BakedNormal_LOD4.ubulk" 1993
"C:/Users/Margarida/Desktop/Thesis-Project-2025/Thesis_Project/Content/MetaHumans/Fei/Face/T_BakedNormal_LOD4.uasset" 1994
"C:/Users/Margarida/Desktop/Thesis-Project-2025/Thesis_Project/Content/MetaHumans/Fei/Face/T_BakedNormal_LOD4.uexp" 1995
"C:/Users/Margarida/Desktop/Thesis-Project-2025/Thesis_Project/Content/MetaHumans/Fei/Face/Materials/Baked/MI_HeadSynthesized_Baked_LOD4.uasset" 1996
"C:/Users/Margarida/Desktop/Thesis-Project-2025/Thesis_Project/Content/MetaHumans/Fei/Face/Materials/Baked/MI_HeadSynthesized_Baked_LOD4.uexp" 1997
"C:/Users/Margarida/Desktop/Thesis-Project-2025/Thesis_Project/Content/MetaHumans/Fei/Face/T_BakedNormal_LOD5.ubulk" 1998
"C:/Users/Margarida/Desktop/Thesis-Project-2025/Thesis_Project/Content/MetaHumans/Fei/Face/T_BakedNormal_LOD5.uasset" 1999
"C:/Users/Margarida/Desktop/Thesis-Project-2025/Thesis_Project/Content/MetaHumans/Fei/Face/T_BakedNormal_LOD5.uexp" 2000
"C:/Users/Margarida/Desktop/Thesis-Project-2025/Thesis_Project/Content/MetaHumans/Fei/Face/FaceNormal_MAIN_LOD.uexp" 2001
"C:/Users/Margarida/Desktop/Thesis-Project-2025/Thesis_Project/Content/MetaHumans/Fei/Face/FaceNormal_MAIN_LOD.ubulk" 2002
"C:/Users/Margarida/Desktop/Thesis-Project-2025/Thesis_Project/Content/MetaHumans/Fei/Face/FaceNormal_MAIN_LOD.uasset" 2003
"C:/Users/Margarida/Desktop/Thesis-Project-2025/Thesis_Project/Content/MetaHumans/Fei/Face/FaceNormal_MAIN_LOD.uptnl" 2004
"C:/Users/Margarida/Desktop/Thesis-Project-2025/Thesis_Project/Content/MetaHumans/Fei/Face/FaceRoughness_MAIN_LOD.ubulk" 2005
"C:/Users/Margarida/Desktop/Thesis-Project-2025/Thesis_Project/Content/MetaHumans/Fei/Face/FaceRoughness_MAIN_LOD.uasset" 2006
"C:/Users/Margarida/Desktop/Thesis-Project-2025/Thesis_Project/Content/MetaHumans/Fei/Face/FaceRoughness_MAIN_LOD.uexp" 2007
"C:/Users/Margarida/Desktop/Thesis-Project-2025/Thesis_Project/Content/MetaHumans/Fei/Face/FaceColor_MAIN_LOD.ubulk" 2008
"C:/Users/Margarida/Desktop/Thesis-Project-2025/Thesis_Project/Content/MetaHumans/Fei/Face/FaceColor_MAIN_LOD.uasset" 2009
"C:/Users/Margarida/Desktop/Thesis-Project-2025/Thesis_Project/Content/MetaHumans/Fei/Face/FaceColor_MAIN_LOD.uexp" 2010
"C:/Users/Margarida/Desktop/Thesis-Project-2025/Thesis_Project/Content/MetaHumans/Fei/Face/FaceBakedGroomRootTipGradientRegionMasks_LOD.ubulk" 2011
"C:/Users/Margarida/Desktop/Thesis-Project-2025/Thesis_Project/Content/MetaHumans/Fei/Face/FaceBakedGroomRootTipGradientRegionMasks_LOD.uasset" 2012
"C:/Users/Margarida/Desktop/Thesis-Project-2025/Thesis_Project/Content/MetaHumans/Fei/Face/FaceBakedGroomRootTipGradientRegionMasks_LOD.uexp" 2013
"C:/Users/Margarida/Desktop/Thesis-Project-2025/Thesis_Project/Content/MetaHumans/Fei/Face/FaceBakedGroomAttributeMap_LOD.ubulk" 2014
"C:/Users/Margarida/Desktop/Thesis-Project-2025/Thesis_Project/Content/MetaHumans/Fei/Face/FaceBakedGroomAttributeMap_LOD.uasset" 2015
"C:/Users/Margarida/Desktop/Thesis-Project-2025/Thesis_Project/Content/MetaHumans/Fei/Face/FaceBakedGroomAttributeMap_LOD.uexp" 2016
"C:/Users/Margarida/Desktop/Thesis-Project-2025/Thesis_Project/Content/MetaHumans/Fei/Face/Materials/Baked/MI_HeadSynthesized_Baked_LOD5.uasset" 2017
"C:/Users/Margarida/Desktop/Thesis-Project-2025/Thesis_Project/Content/MetaHumans/Fei/Face/Materials/Baked/MI_HeadSynthesized_Baked_LOD5.uexp" 2018
"C:/Users/Margarida/Desktop/Thesis-Project-2025/Thesis_Project/Content/MetaHumans/Common/Materials/SP_TeethCharacterCreator.uasset" 2019
"C:/Users/Margarida/Desktop/Thesis-Project-2025/Thesis_Project/Content/MetaHumans/Common/Materials/SP_TeethCharacterCreator.uexp" 2020
"../../../Engine/Content/Functions/Engine_MaterialFunctions02/SmoothStep.uasset" 2021
"../../../Engine/Content/Functions/Engine_MaterialFunctions02/SmoothStep.uexp" 2022
"C:/Users/Margarida/Desktop/Thesis-Project-2025/Thesis_Project/Content/MetaHumans/Common/Materials/Textures/gums_div_001.ubulk" 2023
"C:/Users/Margarida/Desktop/Thesis-Project-2025/Thesis_Project/Content/MetaHumans/Common/Materials/Textures/gums_div_001.uasset" 2024
"C:/Users/Margarida/Desktop/Thesis-Project-2025/Thesis_Project/Content/MetaHumans/Common/Materials/Textures/gums_div_001.uexp" 2025
"C:/Users/Margarida/Desktop/Thesis-Project-2025/Thesis_Project/Content/MetaHumans/Common/Materials/Textures/skin_n.uasset" 2026
"C:/Users/Margarida/Desktop/Thesis-Project-2025/Thesis_Project/Content/MetaHumans/Common/Materials/Textures/skin_n.uexp" 2027
"C:/Users/Margarida/Desktop/Thesis-Project-2025/Thesis_Project/Content/MetaHumans/Common/Materials/Textures/T_Teeth_mouthOcc.ubulk" 2028
"C:/Users/Margarida/Desktop/Thesis-Project-2025/Thesis_Project/Content/MetaHumans/Common/Materials/Textures/T_Teeth_mouthOcc.uasset" 2029
"C:/Users/Margarida/Desktop/Thesis-Project-2025/Thesis_Project/Content/MetaHumans/Common/Materials/Textures/T_Teeth_mouthOcc.uexp" 2030
"C:/Users/Margarida/Desktop/Thesis-Project-2025/Thesis_Project/Content/MetaHumans/Common/Materials/Textures/teeth_color_map_001.ubulk" 2031
"C:/Users/Margarida/Desktop/Thesis-Project-2025/Thesis_Project/Content/MetaHumans/Common/Materials/Textures/teeth_color_map_001.uasset" 2032
"C:/Users/Margarida/Desktop/Thesis-Project-2025/Thesis_Project/Content/MetaHumans/Common/Materials/Textures/teeth_color_map_001.uexp" 2033
"C:/Users/Margarida/Desktop/Thesis-Project-2025/Thesis_Project/Content/MetaHumans/Common/Materials/Textures/teeth_masks_001.ubulk" 2034
"C:/Users/Margarida/Desktop/Thesis-Project-2025/Thesis_Project/Content/MetaHumans/Common/Materials/Textures/teeth_masks_001.uasset" 2035
"C:/Users/Margarida/Desktop/Thesis-Project-2025/Thesis_Project/Content/MetaHumans/Common/Materials/Textures/teeth_masks_001.uexp" 2036
"C:/Users/Margarida/Desktop/Thesis-Project-2025/Thesis_Project/Content/MetaHumans/Common/Materials/Textures/teeth_normal_map.ubulk" 2037
"C:/Users/Margarida/Desktop/Thesis-Project-2025/Thesis_Project/Content/MetaHumans/Common/Materials/Textures/teeth_normal_map.uasset" 2038
"C:/Users/Margarida/Desktop/Thesis-Project-2025/Thesis_Project/Content/MetaHumans/Common/Materials/Textures/teeth_normal_map.uexp" 2039
"C:/Users/Margarida/Desktop/Thesis-Project-2025/Thesis_Project/Content/MetaHumans/Common/Materials/Textures/teeth_sharpNormal_map.ubulk" 2040
"C:/Users/Margarida/Desktop/Thesis-Project-2025/Thesis_Project/Content/MetaHumans/Common/Materials/Textures/teeth_sharpNormal_map.uasset" 2041
"C:/Users/Margarida/Desktop/Thesis-Project-2025/Thesis_Project/Content/MetaHumans/Common/Materials/Textures/teeth_sharpNormal_map.uexp" 2042
"C:/Users/Margarida/Desktop/Thesis-Project-2025/Thesis_Project/Content/MetaHumans/Common/Materials/Textures/TeethGumsNormal.ubulk" 2043
"C:/Users/Margarida/Desktop/Thesis-Project-2025/Thesis_Project/Content/MetaHumans/Common/Materials/Textures/TeethGumsNormal.uasset" 2044
"C:/Users/Margarida/Desktop/Thesis-Project-2025/Thesis_Project/Content/MetaHumans/Common/Materials/Textures/TeethGumsNormal.uexp" 2045
"../../../Engine/Content/Functions/Engine_MaterialFunctions02/Utility/CustomReflectionVector.uasset" 2046
"../../../Engine/Content/Functions/Engine_MaterialFunctions02/Utility/CustomReflectionVector.uexp" 2047
"../../../Engine/Content/Functions/Engine_MaterialFunctions02/Masking/ThresholdWithRange.uasset" 2048
"../../../Engine/Content/Functions/Engine_MaterialFunctions02/Masking/ThresholdWithRange.uexp" 2049
"C:/Users/Margarida/Desktop/Thesis-Project-2025/Thesis_Project/Content/MetaHumans/Common/Materials/Textures/teeth_color_picker_001.ubulk" 2050
"C:/Users/Margarida/Desktop/Thesis-Project-2025/Thesis_Project/Content/MetaHumans/Common/Materials/Textures/teeth_color_picker_001.uasset" 2051
"C:/Users/Margarida/Desktop/Thesis-Project-2025/Thesis_Project/Content/MetaHumans/Common/Materials/Textures/teeth_color_picker_001.uexp" 2052
"C:/Users/Margarida/Desktop/Thesis-Project-2025/Thesis_Project/Content/MetaHumans/Common/Materials/Textures/plaque_color_picker.ubulk" 2053
"C:/Users/Margarida/Desktop/Thesis-Project-2025/Thesis_Project/Content/MetaHumans/Common/Materials/Textures/plaque_color_picker.uasset" 2054
"C:/Users/Margarida/Desktop/Thesis-Project-2025/Thesis_Project/Content/MetaHumans/Common/Materials/Textures/plaque_color_picker.uexp" 2055
"C:/Users/Margarida/Desktop/Thesis-Project-2025/Thesis_Project/Content/MetaHumans/Common/Materials/Textures/gums_color_picker.ubulk" 2056
"C:/Users/Margarida/Desktop/Thesis-Project-2025/Thesis_Project/Content/MetaHumans/Common/Materials/Textures/gums_color_picker.uasset" 2057
"C:/Users/Margarida/Desktop/Thesis-Project-2025/Thesis_Project/Content/MetaHumans/Common/Materials/Textures/gums_color_picker.uexp" 2058
"C:/Users/Margarida/Desktop/Thesis-Project-2025/Thesis_Project/Content/MetaHumans/Common/Materials/M_Teeth.uasset" 2059
"C:/Users/Margarida/Desktop/Thesis-Project-2025/Thesis_Project/Content/MetaHumans/Common/Materials/M_Teeth.uexp" 2060
"C:/Users/Margarida/Desktop/Thesis-Project-2025/Thesis_Project/Content/MetaHumans/Common/Materials/M_TeethCharacterCreator_Inst.uasset" 2061
"C:/Users/Margarida/Desktop/Thesis-Project-2025/Thesis_Project/Content/MetaHumans/Common/Materials/M_TeethCharacterCreator_Inst.uexp" 2062
"C:/Users/Margarida/Desktop/Thesis-Project-2025/Thesis_Project/Content/MetaHumans/Fei/Materials/M_TeethCharacterCreator_Inst.uasset" 2063
"C:/Users/Margarida/Desktop/Thesis-Project-2025/Thesis_Project/Content/MetaHumans/Fei/Materials/M_TeethCharacterCreator_Inst.uexp" 2064
"C:/Users/Margarida/Desktop/Thesis-Project-2025/Thesis_Project/Content/MetaHumans/Common/Face/Neck_CtrlRig.uasset" 2065
"C:/Users/Margarida/Desktop/Thesis-Project-2025/Thesis_Project/Content/MetaHumans/Common/Face/Neck_CtrlRig.uexp" 2066
"C:/Users/Margarida/Desktop/Thesis-Project-2025/Thesis_Project/Content/MetaHumans/Common/Face/Face_PostProcess_AnimBP.uasset" 2067
"C:/Users/Margarida/Desktop/Thesis-Project-2025/Thesis_Project/Content/MetaHumans/Common/Face/Face_PostProcess_AnimBP.uexp" 2068
"C:/Users/Margarida/Desktop/Thesis-Project-2025/Thesis_Project/Content/MetaHumans/Common/Face/neckPoses/neckCorr_f_srt_ovw_RBFSolver_pose.uasset" 2069
"C:/Users/Margarida/Desktop/Thesis-Project-2025/Thesis_Project/Content/MetaHumans/Common/Face/neckPoses/neckCorr_f_srt_ovw_RBFSolver_pose.uexp" 2070
"C:/Users/Margarida/Desktop/Thesis-Project-2025/Thesis_Project/Content/MetaHumans/Fei/Face/ABP_Fei_FaceMesh_PostProcess.uasset" 2071
"C:/Users/Margarida/Desktop/Thesis-Project-2025/Thesis_Project/Content/MetaHumans/Fei/Face/ABP_Fei_FaceMesh_PostProcess.uexp" 2072
"C:/Users/Margarida/Desktop/Thesis-Project-2025/Thesis_Project/Content/MetaHumans/Common/Face/SubsurfaceProfiles/SSP_Eye_Inner.uasset" 2073
"C:/Users/Margarida/Desktop/Thesis-Project-2025/Thesis_Project/Content/MetaHumans/Common/Face/SubsurfaceProfiles/SSP_Eye_Inner.uexp" 2074
"../../../Engine/Content/Functions/Engine_MaterialFunctions02/Math/CreateThirdOrthogonalVector.uasset" 2075
"../../../Engine/Content/Functions/Engine_MaterialFunctions02/Math/CreateThirdOrthogonalVector.uexp" 2076
"../../../Engine/Content/Functions/Engine_MaterialFunctions02/TangentBasis.uasset" 2077
"../../../Engine/Content/Functions/Engine_MaterialFunctions02/TangentBasis.uexp" 2078
"../../../Engine/Content/Functions/Engine_MaterialFunctions02/Math/InverseTransformMatrix.uasset" 2079
"../../../Engine/Content/Functions/Engine_MaterialFunctions02/Math/InverseTransformMatrix.uexp" 2080
"../../../Engine/Content/Functions/Engine_MaterialFunctions02/Lerp_3Color.uasset" 2081
"../../../Engine/Content/Functions/Engine_MaterialFunctions02/Lerp_3Color.uexp" 2082
"../../../Engine/Content/EngineVolumetrics/Fogsheet/Materials/T_EV_BlankWhite_01.uasset" 2083
"../../../Engine/Content/EngineVolumetrics/Fogsheet/Materials/T_EV_BlankWhite_01.uexp" 2084
"../../../Engine/Content/Functions/Engine_MaterialFunctions02/Math/TransformToZVector.uasset" 2085
"../../../Engine/Content/Functions/Engine_MaterialFunctions02/Math/TransformToZVector.uexp" 2086
"C:/Users/Margarida/Desktop/Thesis-Project-2025/Thesis_Project/Content/MetaHumans/Common/Face/Textures/IrisTextures/iris_001/T_Iris_A_H.ubulk" 2087
"C:/Users/Margarida/Desktop/Thesis-Project-2025/Thesis_Project/Content/MetaHumans/Common/Face/Textures/IrisTextures/iris_001/T_Iris_A_H.uasset" 2088
"C:/Users/Margarida/Desktop/Thesis-Project-2025/Thesis_Project/Content/MetaHumans/Common/Face/Textures/IrisTextures/iris_001/T_Iris_A_H.uexp" 2089
"C:/Users/Margarida/Desktop/Thesis-Project-2025/Thesis_Project/Content/MetaHumans/Common/Face/Textures/IrisTextures/iris_001/T_Iris_A_M.ubulk" 2090
"C:/Users/Margarida/Desktop/Thesis-Project-2025/Thesis_Project/Content/MetaHumans/Common/Face/Textures/IrisTextures/iris_001/T_Iris_A_M.uasset" 2091
"C:/Users/Margarida/Desktop/Thesis-Project-2025/Thesis_Project/Content/MetaHumans/Common/Face/Textures/IrisTextures/iris_001/T_Iris_A_M.uexp" 2092
"C:/Users/Margarida/Desktop/Thesis-Project-2025/Thesis_Project/Content/MetaHumans/Common/Face/Textures/T_Veins_D.ubulk" 2093
"C:/Users/Margarida/Desktop/Thesis-Project-2025/Thesis_Project/Content/MetaHumans/Common/Face/Textures/T_Veins_D.uasset" 2094
"C:/Users/Margarida/Desktop/Thesis-Project-2025/Thesis_Project/Content/MetaHumans/Common/Face/Textures/T_Veins_D.uexp" 2095
"C:/Users/Margarida/Desktop/Thesis-Project-2025/Thesis_Project/Content/MetaHumans/Common/Face/Textures/T_TilingNoise_001.ubulk" 2096
"C:/Users/Margarida/Desktop/Thesis-Project-2025/Thesis_Project/Content/MetaHumans/Common/Face/Textures/T_TilingNoise_001.uasset" 2097
"C:/Users/Margarida/Desktop/Thesis-Project-2025/Thesis_Project/Content/MetaHumans/Common/Face/Textures/T_TilingNoise_001.uexp" 2098
"C:/Users/Margarida/Desktop/Thesis-Project-2025/Thesis_Project/Content/MetaHumans/Common/Face/Textures/T_sclera_tint_picker.ubulk" 2099
"C:/Users/Margarida/Desktop/Thesis-Project-2025/Thesis_Project/Content/MetaHumans/Common/Face/Textures/T_sclera_tint_picker.uasset" 2100
"C:/Users/Margarida/Desktop/Thesis-Project-2025/Thesis_Project/Content/MetaHumans/Common/Face/Textures/T_sclera_tint_picker.uexp" 2101
"C:/Users/Margarida/Desktop/Thesis-Project-2025/Thesis_Project/Content/MetaHumans/Common/Face/Textures/T_Sclera_N.ubulk" 2102
"C:/Users/Margarida/Desktop/Thesis-Project-2025/Thesis_Project/Content/MetaHumans/Common/Face/Textures/T_Sclera_N.uasset" 2103
"C:/Users/Margarida/Desktop/Thesis-Project-2025/Thesis_Project/Content/MetaHumans/Common/Face/Textures/T_Sclera_N.uexp" 2104
"C:/Users/Margarida/Desktop/Thesis-Project-2025/Thesis_Project/Content/MetaHumans/Common/Face/Textures/T_Sclera_D.ubulk" 2105
"C:/Users/Margarida/Desktop/Thesis-Project-2025/Thesis_Project/Content/MetaHumans/Common/Face/Textures/T_Sclera_D.uasset" 2106
"C:/Users/Margarida/Desktop/Thesis-Project-2025/Thesis_Project/Content/MetaHumans/Common/Face/Textures/T_Sclera_D.uexp" 2107
"C:/Users/Margarida/Desktop/Thesis-Project-2025/Thesis_Project/Content/MetaHumans/Common/Face/Textures/T_iris_color_picker.ubulk" 2108
"C:/Users/Margarida/Desktop/Thesis-Project-2025/Thesis_Project/Content/MetaHumans/Common/Face/Textures/T_iris_color_picker.uasset" 2109
"C:/Users/Margarida/Desktop/Thesis-Project-2025/Thesis_Project/Content/MetaHumans/Common/Face/Textures/T_iris_color_picker.uexp" 2110
"C:/Users/Margarida/Desktop/Thesis-Project-2025/Thesis_Project/Content/MetaHumans/Common/Face/Textures/T_Eye_N.ubulk" 2111
"C:/Users/Margarida/Desktop/Thesis-Project-2025/Thesis_Project/Content/MetaHumans/Common/Face/Textures/T_Eye_N.uasset" 2112
"C:/Users/Margarida/Desktop/Thesis-Project-2025/Thesis_Project/Content/MetaHumans/Common/Face/Textures/T_Eye_N.uexp" 2113
"C:/Users/Margarida/Desktop/Thesis-Project-2025/Thesis_Project/Content/MetaHumans/Common/Face/Textures/T_EyeMidPlaneDisplacement.ubulk" 2114
"C:/Users/Margarida/Desktop/Thesis-Project-2025/Thesis_Project/Content/MetaHumans/Common/Face/Textures/T_EyeMidPlaneDisplacement.uasset" 2115
"C:/Users/Margarida/Desktop/Thesis-Project-2025/Thesis_Project/Content/MetaHumans/Common/Face/Textures/T_EyeMidPlaneDisplacement.uexp" 2116
"C:/Users/Margarida/Desktop/Thesis-Project-2025/Thesis_Project/Content/MetaHumans/Common/Face/MaterialFunctions/Eye/MF_IrisUVMask.uasset" 2117
"C:/Users/Margarida/Desktop/Thesis-Project-2025/Thesis_Project/Content/MetaHumans/Common/Face/MaterialFunctions/Eye/MF_IrisUVMask.uexp" 2118
"C:/Users/Margarida/Desktop/Thesis-Project-2025/Thesis_Project/Content/MetaHumans/Common/Face/MaterialFunctions/Eye/MF_RefractionDirection.uasset" 2119
"C:/Users/Margarida/Desktop/Thesis-Project-2025/Thesis_Project/Content/MetaHumans/Common/Face/MaterialFunctions/Eye/MF_RefractionDirection.uexp" 2120
"C:/Users/Margarida/Desktop/Thesis-Project-2025/Thesis_Project/Content/MetaHumans/Common/Face/MaterialFunctions/Eye/MF_EyeRefraction.uasset" 2121
"C:/Users/Margarida/Desktop/Thesis-Project-2025/Thesis_Project/Content/MetaHumans/Common/Face/MaterialFunctions/Eye/MF_EyeRefraction.uexp" 2122
"C:/Users/Margarida/Desktop/Thesis-Project-2025/Thesis_Project/Content/MetaHumans/Common/Face/MaterialFunctions/Eye/MF_IrisGenerator.uasset" 2123
"C:/Users/Margarida/Desktop/Thesis-Project-2025/Thesis_Project/Content/MetaHumans/Common/Face/MaterialFunctions/Eye/MF_IrisGenerator.uexp" 2124
"C:/Users/Margarida/Desktop/Thesis-Project-2025/Thesis_Project/Content/MetaHumans/Common/Face/MaterialFunctions/Eye/MF_ParallaxOcclusionMappingEye.uasset" 2125
"C:/Users/Margarida/Desktop/Thesis-Project-2025/Thesis_Project/Content/MetaHumans/Common/Face/MaterialFunctions/Eye/MF_ParallaxOcclusionMappingEye.uexp" 2126
"C:/Users/Margarida/Desktop/Thesis-Project-2025/Thesis_Project/Content/MetaHumans/Common/Face/Materials/M_EyeRefractive.uasset" 2127
"C:/Users/Margarida/Desktop/Thesis-Project-2025/Thesis_Project/Content/MetaHumans/Common/Face/Materials/M_EyeRefractive.uexp" 2128
"C:/Users/Margarida/Desktop/Thesis-Project-2025/Thesis_Project/Content/MetaHumans/Common/Face/Materials/MI_EyeRefractive_Inst_R.uasset" 2129
"C:/Users/Margarida/Desktop/Thesis-Project-2025/Thesis_Project/Content/MetaHumans/Common/Face/Materials/MI_EyeRefractive_Inst_R.uexp" 2130
"C:/Users/Margarida/Desktop/Thesis-Project-2025/Thesis_Project/Content/MetaHumans/Fei/Face/Materials/MI_EyeRefractive_Inst_R.uasset" 2131
"C:/Users/Margarida/Desktop/Thesis-Project-2025/Thesis_Project/Content/MetaHumans/Fei/Face/Materials/MI_EyeRefractive_Inst_R.uexp" 2132
"C:/Users/Margarida/Desktop/Thesis-Project-2025/Thesis_Project/Content/MetaHumans/Common/Face/Materials/MI_EyeRefractive_Inst_L.uasset" 2133
"C:/Users/Margarida/Desktop/Thesis-Project-2025/Thesis_Project/Content/MetaHumans/Common/Face/Materials/MI_EyeRefractive_Inst_L.uexp" 2134
"C:/Users/Margarida/Desktop/Thesis-Project-2025/Thesis_Project/Content/MetaHumans/Fei/Face/Materials/MI_EyeRefractive_Inst_L.uasset" 2135
"C:/Users/Margarida/Desktop/Thesis-Project-2025/Thesis_Project/Content/MetaHumans/Fei/Face/Materials/MI_EyeRefractive_Inst_L.uexp" 2136
"C:/Users/Margarida/Desktop/Thesis-Project-2025/Thesis_Project/Content/MetaHumans/Common/Face/Face_Archetype_Physics.uasset" 2137
"C:/Users/Margarida/Desktop/Thesis-Project-2025/Thesis_Project/Content/MetaHumans/Common/Face/Face_Archetype_Physics.uexp" 2138
"C:/Users/Margarida/Desktop/Thesis-Project-2025/Thesis_Project/Content/MetaHumans/Common/Face/Materials/M_Cartilage.uasset" 2139
"C:/Users/Margarida/Desktop/Thesis-Project-2025/Thesis_Project/Content/MetaHumans/Common/Face/Materials/M_Cartilage.uexp" 2140
"C:/Users/Margarida/Desktop/Thesis-Project-2025/Thesis_Project/Content/MetaHumans/Common/Face/Textures/T_lacrimal_n.ubulk" 2141
"C:/Users/Margarida/Desktop/Thesis-Project-2025/Thesis_Project/Content/MetaHumans/Common/Face/Textures/T_lacrimal_n.uasset" 2142
"C:/Users/Margarida/Desktop/Thesis-Project-2025/Thesis_Project/Content/MetaHumans/Common/Face/Textures/T_lacrimal_n.uexp" 2143
"C:/Users/Margarida/Desktop/Thesis-Project-2025/Thesis_Project/Content/MetaHumans/Common/Face/Textures/T_lacrimal_h.ubulk" 2144
"C:/Users/Margarida/Desktop/Thesis-Project-2025/Thesis_Project/Content/MetaHumans/Common/Face/Textures/T_lacrimal_h.uasset" 2145
"C:/Users/Margarida/Desktop/Thesis-Project-2025/Thesis_Project/Content/MetaHumans/Common/Face/Textures/T_lacrimal_h.uexp" 2146
"C:/Users/Margarida/Desktop/Thesis-Project-2025/Thesis_Project/Content/MetaHumans/Common/Face/Materials/M_lacrimal_fluid.uasset" 2147
"C:/Users/Margarida/Desktop/Thesis-Project-2025/Thesis_Project/Content/MetaHumans/Common/Face/Materials/M_lacrimal_fluid.uexp" 2148
"C:/Users/Margarida/Desktop/Thesis-Project-2025/Thesis_Project/Content/MetaHumans/Common/Face/Materials/MI_lacrimal_fluid_Inst.uasset" 2149
"C:/Users/Margarida/Desktop/Thesis-Project-2025/Thesis_Project/Content/MetaHumans/Common/Face/Materials/MI_lacrimal_fluid_Inst.uexp" 2150
"C:/Users/Margarida/Desktop/Thesis-Project-2025/Thesis_Project/Content/MetaHumans/Common/Face/MaterialFunctions/MF_PathTracingQualitySwitch.uasset" 2151
"C:/Users/Margarida/Desktop/Thesis-Project-2025/Thesis_Project/Content/MetaHumans/Common/Face/MaterialFunctions/MF_PathTracingQualitySwitch.uexp" 2152
"C:/Users/Margarida/Desktop/Thesis-Project-2025/Thesis_Project/Content/MetaHumans/Common/Face/Materials/M_EyeOcclusion.uasset" 2153
"C:/Users/Margarida/Desktop/Thesis-Project-2025/Thesis_Project/Content/MetaHumans/Common/Face/Materials/M_EyeOcclusion.uexp" 2154
"C:/Users/Margarida/Desktop/Thesis-Project-2025/Thesis_Project/Content/MetaHumans/Common/Face/Materials/MI_EyeOcclusion_Inst.uasset" 2155
"C:/Users/Margarida/Desktop/Thesis-Project-2025/Thesis_Project/Content/MetaHumans/Common/Face/Materials/MI_EyeOcclusion_Inst.uexp" 2156
"C:/Users/Margarida/Desktop/Thesis-Project-2025/Thesis_Project/Content/MetaHumans/Fei/Face/Fei_FaceMesh.uasset" 2157
"C:/Users/Margarida/Desktop/Thesis-Project-2025/Thesis_Project/Content/MetaHumans/Fei/Face/Fei_FaceMesh.uexp" 2158
"../../../Engine/Content/Functions/Engine_MaterialFunctions02/Utility/DitherTemporalAA.uasset" 2159
"../../../Engine/Content/Functions/Engine_MaterialFunctions02/Utility/DitherTemporalAA.uexp" 2160
"../../../Engine/Content/Functions/Engine_MaterialFunctions02/Math/Pi.uasset" 2161
"../../../Engine/Content/Functions/Engine_MaterialFunctions02/Math/Pi.uexp" 2162
"../../../Engine/Content/Functions/Engine_MaterialFunctions01/Coordinates/WorldUnitsInPixel.uasset" 2163
"../../../Engine/Content/Functions/Engine_MaterialFunctions01/Coordinates/WorldUnitsInPixel.uexp" 2164
"C:/Users/Margarida/Desktop/Thesis-Project-2025/Thesis_Project/Content/MetaHumans/Common/Textures/T_Black_Linear.uasset" 2165
"C:/Users/Margarida/Desktop/Thesis-Project-2025/Thesis_Project/Content/MetaHumans/Common/Textures/T_Black_Linear.uexp" 2166
"C:/Users/Margarida/Desktop/Thesis-Project-2025/Thesis_Project/Content/MetaHumans/Common/Materials/Textures/TilingNoise05.ubulk" 2167
"C:/Users/Margarida/Desktop/Thesis-Project-2025/Thesis_Project/Content/MetaHumans/Common/Materials/Textures/TilingNoise05.uasset" 2168
"C:/Users/Margarida/Desktop/Thesis-Project-2025/Thesis_Project/Content/MetaHumans/Common/Materials/Textures/TilingNoise05.uexp" 2169
"C:/Users/Margarida/Desktop/Thesis-Project-2025/Thesis_Project/Content/MetaHumans/Common/Materials/MF_HairAnisotropic.uasset" 2170
"C:/Users/Margarida/Desktop/Thesis-Project-2025/Thesis_Project/Content/MetaHumans/Common/Materials/MF_HairAnisotropic.uexp" 2171
"C:/Users/Margarida/Desktop/Thesis-Project-2025/Thesis_Project/Content/MetaHumans/Common/Materials/M_hair_v4.uasset" 2172
"C:/Users/Margarida/Desktop/Thesis-Project-2025/Thesis_Project/Content/MetaHumans/Common/Materials/M_hair_v4.uexp" 2173
"C:/Users/Margarida/Desktop/Thesis-Project-2025/Thesis_Project/Content/MetaHumans/Common/Materials/MI_Hair.uasset" 2174
"C:/Users/Margarida/Desktop/Thesis-Project-2025/Thesis_Project/Content/MetaHumans/Common/Materials/MI_Hair.uexp" 2175
"C:/Users/Margarida/Desktop/Thesis-Project-2025/Thesis_Project/Content/MetaHumans/Common/Materials/M_Facial_Hair.uasset" 2176
"C:/Users/Margarida/Desktop/Thesis-Project-2025/Thesis_Project/Content/MetaHumans/Common/Materials/M_Facial_Hair.uexp" 2177
"C:/Users/Margarida/Desktop/Thesis-Project-2025/Thesis_Project/Content/MetaHumans/Common/Materials/MI_Facial_Hair.uasset" 2178
"C:/Users/Margarida/Desktop/Thesis-Project-2025/Thesis_Project/Content/MetaHumans/Common/Materials/MI_Facial_Hair.uexp" 2179
"C:/Users/Margarida/Desktop/Thesis-Project-2025/Thesis_Project/Content/MetaHumans/Fei/FemaleHair/Hair/Eyebrows_M_Thick_CardsMesh_Group0_LOD4.ubulk" 2180
"C:/Users/Margarida/Desktop/Thesis-Project-2025/Thesis_Project/Content/MetaHumans/Fei/FemaleHair/Hair/Eyebrows_M_Thick_CardsMesh_Group0_LOD4.uasset" 2181
"C:/Users/Margarida/Desktop/Thesis-Project-2025/Thesis_Project/Content/MetaHumans/Fei/FemaleHair/Hair/Eyebrows_M_Thick_CardsMesh_Group0_LOD4.uexp" 2182
"C:/Users/Margarida/Desktop/Thesis-Project-2025/Thesis_Project/Content/MetaHumans/Fei/FemaleHair/Hair/Eyebrows_M_Thick_CardsMesh_Group0_LOD3.ubulk" 2183
"C:/Users/Margarida/Desktop/Thesis-Project-2025/Thesis_Project/Content/MetaHumans/Fei/FemaleHair/Hair/Eyebrows_M_Thick_CardsMesh_Group0_LOD3.uasset" 2184
"C:/Users/Margarida/Desktop/Thesis-Project-2025/Thesis_Project/Content/MetaHumans/Fei/FemaleHair/Hair/Eyebrows_M_Thick_CardsMesh_Group0_LOD3.uexp" 2185
"C:/Users/Margarida/Desktop/Thesis-Project-2025/Thesis_Project/Content/MetaHumans/Fei/FemaleHair/Hair/Eyebrows_M_Thick_CardsMesh_Group0_LOD2.ubulk" 2186
"C:/Users/Margarida/Desktop/Thesis-Project-2025/Thesis_Project/Content/MetaHumans/Fei/FemaleHair/Hair/Eyebrows_M_Thick_CardsMesh_Group0_LOD2.uasset" 2187
"C:/Users/Margarida/Desktop/Thesis-Project-2025/Thesis_Project/Content/MetaHumans/Fei/FemaleHair/Hair/Eyebrows_M_Thick_CardsMesh_Group0_LOD2.uexp" 2188
"C:/Users/Margarida/Desktop/Thesis-Project-2025/Thesis_Project/Content/MetaHumans/Fei/FemaleHair/Hair/Eyebrows_M_Thick_CardsMesh_Group0_LOD1.ubulk" 2189
"C:/Users/Margarida/Desktop/Thesis-Project-2025/Thesis_Project/Content/MetaHumans/Fei/FemaleHair/Hair/Eyebrows_M_Thick_CardsMesh_Group0_LOD1.uasset" 2190
"C:/Users/Margarida/Desktop/Thesis-Project-2025/Thesis_Project/Content/MetaHumans/Fei/FemaleHair/Hair/Eyebrows_M_Thick_CardsMesh_Group0_LOD1.uexp" 2191
"C:/Users/Margarida/Desktop/Thesis-Project-2025/Thesis_Project/Content/MetaHumans/Fei/FemaleHair/Hair/Eyebrows_M_Thick_CardsMesh_Group0_LOD0.ubulk" 2192
"C:/Users/Margarida/Desktop/Thesis-Project-2025/Thesis_Project/Content/MetaHumans/Fei/FemaleHair/Hair/Eyebrows_M_Thick_CardsMesh_Group0_LOD0.uasset" 2193
"C:/Users/Margarida/Desktop/Thesis-Project-2025/Thesis_Project/Content/MetaHumans/Fei/FemaleHair/Hair/Eyebrows_M_Thick_CardsMesh_Group0_LOD0.uexp" 2194
"C:/Users/Margarida/Desktop/Thesis-Project-2025/Thesis_Project/Content/MetaHumans/Common/FemaleHair/Textures/Eyebrows_M_Thick_CardsAtlas_Attribute.ubulk" 2195
"C:/Users/Margarida/Desktop/Thesis-Project-2025/Thesis_Project/Content/MetaHumans/Common/FemaleHair/Textures/Eyebrows_M_Thick_CardsAtlas_Attribute.uasset" 2196
"C:/Users/Margarida/Desktop/Thesis-Project-2025/Thesis_Project/Content/MetaHumans/Common/FemaleHair/Textures/Eyebrows_M_Thick_CardsAtlas_Attribute.uexp" 2197
"C:/Users/Margarida/Desktop/Thesis-Project-2025/Thesis_Project/Content/MetaHumans/Common/FemaleHair/Textures/Eyebrows_M_Thick_CardsAtlas_Tangent.ubulk" 2198
"C:/Users/Margarida/Desktop/Thesis-Project-2025/Thesis_Project/Content/MetaHumans/Common/FemaleHair/Textures/Eyebrows_M_Thick_CardsAtlas_Tangent.uasset" 2199
"C:/Users/Margarida/Desktop/Thesis-Project-2025/Thesis_Project/Content/MetaHumans/Common/FemaleHair/Textures/Eyebrows_M_Thick_CardsAtlas_Tangent.uexp" 2200
"C:/Users/Margarida/Desktop/Thesis-Project-2025/Thesis_Project/Content/MetaHumans/Fei/FemaleHair/Hair/Eyebrows_M_Thick.ubulk" 2201
"C:/Users/Margarida/Desktop/Thesis-Project-2025/Thesis_Project/Content/MetaHumans/Fei/FemaleHair/Hair/Eyebrows_M_Thick.uasset" 2202
"C:/Users/Margarida/Desktop/Thesis-Project-2025/Thesis_Project/Content/MetaHumans/Fei/FemaleHair/Hair/Eyebrows_M_Thick.uexp" 2203
"C:/Users/Margarida/Desktop/Thesis-Project-2025/Thesis_Project/Content/MetaHumans/Fei/FemaleHair/GroomBinding/Eyebrows_M_Thick_Binding.ubulk" 2204
"C:/Users/Margarida/Desktop/Thesis-Project-2025/Thesis_Project/Content/MetaHumans/Fei/FemaleHair/GroomBinding/Eyebrows_M_Thick_Binding.uasset" 2205
"C:/Users/Margarida/Desktop/Thesis-Project-2025/Thesis_Project/Content/MetaHumans/Fei/FemaleHair/GroomBinding/Eyebrows_M_Thick_Binding.uexp" 2206
"../../../Engine/Content/MapTemplates/TilingNoise05.ubulk" 2207
"../../../Engine/Content/MapTemplates/TilingNoise05.uasset" 2208
"../../../Engine/Content/MapTemplates/TilingNoise05.uexp" 2209
"C:/Users/Margarida/Desktop/Thesis-Project-2025/Thesis_Project/Content/MetaHumans/Common/Materials/Textures/skin_bar_color_picker.uasset" 2210
"C:/Users/Margarida/Desktop/Thesis-Project-2025/Thesis_Project/Content/MetaHumans/Common/Materials/Textures/skin_bar_color_picker.uexp" 2211
"C:/Users/Margarida/Desktop/Thesis-Project-2025/Thesis_Project/Content/MetaHumans/Common/Materials/M_PeachFuzzMaster.uasset" 2212
"C:/Users/Margarida/Desktop/Thesis-Project-2025/Thesis_Project/Content/MetaHumans/Common/Materials/M_PeachFuzzMaster.uexp" 2213
"C:/Users/Margarida/Desktop/Thesis-Project-2025/Thesis_Project/Content/MetaHumans/Common/Materials/MI_PeachFuzz.uasset" 2214
"C:/Users/Margarida/Desktop/Thesis-Project-2025/Thesis_Project/Content/MetaHumans/Common/Materials/MI_PeachFuzz.uexp" 2215
"C:/Users/Margarida/Desktop/Thesis-Project-2025/Thesis_Project/Content/MetaHumans/Fei/FemaleHair/Hair/Peachfuzz_M_Thin.ubulk" 2216
"C:/Users/Margarida/Desktop/Thesis-Project-2025/Thesis_Project/Content/MetaHumans/Fei/FemaleHair/Hair/Peachfuzz_M_Thin.uasset" 2217
"C:/Users/Margarida/Desktop/Thesis-Project-2025/Thesis_Project/Content/MetaHumans/Fei/FemaleHair/Hair/Peachfuzz_M_Thin.uexp" 2218
"C:/Users/Margarida/Desktop/Thesis-Project-2025/Thesis_Project/Content/MetaHumans/Fei/FemaleHair/GroomBinding/Peachfuzz_M_Thin_Binding.ubulk" 2219
"C:/Users/Margarida/Desktop/Thesis-Project-2025/Thesis_Project/Content/MetaHumans/Fei/FemaleHair/GroomBinding/Peachfuzz_M_Thin_Binding.uasset" 2220
"C:/Users/Margarida/Desktop/Thesis-Project-2025/Thesis_Project/Content/MetaHumans/Fei/FemaleHair/GroomBinding/Peachfuzz_M_Thin_Binding.uexp" 2221
"C:/Users/Margarida/Desktop/Thesis-Project-2025/Thesis_Project/Content/MetaHumans/Common/Materials/MI_Hair_Helmet.uasset" 2222
"C:/Users/Margarida/Desktop/Thesis-Project-2025/Thesis_Project/Content/MetaHumans/Common/Materials/MI_Hair_Helmet.uexp" 2223
"C:/Users/Margarida/Desktop/Thesis-Project-2025/Thesis_Project/Content/MetaHumans/Common/Materials/MI_Hair_Cards.uasset" 2224
"C:/Users/Margarida/Desktop/Thesis-Project-2025/Thesis_Project/Content/MetaHumans/Common/Materials/MI_Hair_Cards.uexp" 2225
"C:/Users/Margarida/Desktop/Thesis-Project-2025/Thesis_Project/Content/MetaHumans/Fei/FemaleHair_pfn/Helmets/Hair_S_UpdoBraids_Helmet_LOD7.ubulk" 2226
"C:/Users/Margarida/Desktop/Thesis-Project-2025/Thesis_Project/Content/MetaHumans/Fei/FemaleHair_pfn/Helmets/Hair_S_UpdoBraids_Helmet_LOD7.uasset" 2227
"C:/Users/Margarida/Desktop/Thesis-Project-2025/Thesis_Project/Content/MetaHumans/Fei/FemaleHair_pfn/Helmets/Hair_S_UpdoBraids_Helmet_LOD7.uexp" 2228
"C:/Users/Margarida/Desktop/Thesis-Project-2025/Thesis_Project/Content/MetaHumans/Fei/FemaleHair_pfn/Helmets/Hair_S_UpdoBraids_Helmet_LOD6.ubulk" 2229
"C:/Users/Margarida/Desktop/Thesis-Project-2025/Thesis_Project/Content/MetaHumans/Fei/FemaleHair_pfn/Helmets/Hair_S_UpdoBraids_Helmet_LOD6.uasset" 2230
"C:/Users/Margarida/Desktop/Thesis-Project-2025/Thesis_Project/Content/MetaHumans/Fei/FemaleHair_pfn/Helmets/Hair_S_UpdoBraids_Helmet_LOD6.uexp" 2231
"C:/Users/Margarida/Desktop/Thesis-Project-2025/Thesis_Project/Content/MetaHumans/Fei/FemaleHair_pfn/Helmets/Hair_S_UpdoBraids_Helmet_LOD5.ubulk" 2232
"C:/Users/Margarida/Desktop/Thesis-Project-2025/Thesis_Project/Content/MetaHumans/Fei/FemaleHair_pfn/Helmets/Hair_S_UpdoBraids_Helmet_LOD5.uasset" 2233
"C:/Users/Margarida/Desktop/Thesis-Project-2025/Thesis_Project/Content/MetaHumans/Fei/FemaleHair_pfn/Helmets/Hair_S_UpdoBraids_Helmet_LOD5.uexp" 2234
"C:/Users/Margarida/Desktop/Thesis-Project-2025/Thesis_Project/Content/MetaHumans/Fei/FemaleHair_pfn/Hair/Hair_S_UpdoBraids_CardsMesh_Group1_LOD4.ubulk" 2235
"C:/Users/Margarida/Desktop/Thesis-Project-2025/Thesis_Project/Content/MetaHumans/Fei/FemaleHair_pfn/Hair/Hair_S_UpdoBraids_CardsMesh_Group1_LOD4.uasset" 2236
"C:/Users/Margarida/Desktop/Thesis-Project-2025/Thesis_Project/Content/MetaHumans/Fei/FemaleHair_pfn/Hair/Hair_S_UpdoBraids_CardsMesh_Group1_LOD4.uexp" 2237
"C:/Users/Margarida/Desktop/Thesis-Project-2025/Thesis_Project/Content/MetaHumans/Fei/FemaleHair_pfn/Hair/Hair_S_UpdoBraids_CardsMesh_Group1_LOD3.ubulk" 2238
"C:/Users/Margarida/Desktop/Thesis-Project-2025/Thesis_Project/Content/MetaHumans/Fei/FemaleHair_pfn/Hair/Hair_S_UpdoBraids_CardsMesh_Group1_LOD3.uasset" 2239
"C:/Users/Margarida/Desktop/Thesis-Project-2025/Thesis_Project/Content/MetaHumans/Fei/FemaleHair_pfn/Hair/Hair_S_UpdoBraids_CardsMesh_Group1_LOD3.uexp" 2240
"C:/Users/Margarida/Desktop/Thesis-Project-2025/Thesis_Project/Content/MetaHumans/Fei/FemaleHair_pfn/Hair/Hair_S_UpdoBraids_CardsMesh_Group1_LOD2.ubulk" 2241
"C:/Users/Margarida/Desktop/Thesis-Project-2025/Thesis_Project/Content/MetaHumans/Fei/FemaleHair_pfn/Hair/Hair_S_UpdoBraids_CardsMesh_Group1_LOD2.uasset" 2242
"C:/Users/Margarida/Desktop/Thesis-Project-2025/Thesis_Project/Content/MetaHumans/Fei/FemaleHair_pfn/Hair/Hair_S_UpdoBraids_CardsMesh_Group1_LOD2.uexp" 2243
"C:/Users/Margarida/Desktop/Thesis-Project-2025/Thesis_Project/Content/MetaHumans/Fei/FemaleHair_pfn/Hair/Hair_S_UpdoBraids_CardsMesh_Group1_LOD1.ubulk" 2244
"C:/Users/Margarida/Desktop/Thesis-Project-2025/Thesis_Project/Content/MetaHumans/Fei/FemaleHair_pfn/Hair/Hair_S_UpdoBraids_CardsMesh_Group1_LOD1.uasset" 2245
"C:/Users/Margarida/Desktop/Thesis-Project-2025/Thesis_Project/Content/MetaHumans/Fei/FemaleHair_pfn/Hair/Hair_S_UpdoBraids_CardsMesh_Group1_LOD1.uexp" 2246
"C:/Users/Margarida/Desktop/Thesis-Project-2025/Thesis_Project/Content/MetaHumans/Fei/FemaleHair_pfn/Hair/Hair_S_UpdoBraids_CardsMesh_Group1_LOD0.ubulk" 2247
"C:/Users/Margarida/Desktop/Thesis-Project-2025/Thesis_Project/Content/MetaHumans/Fei/FemaleHair_pfn/Hair/Hair_S_UpdoBraids_CardsMesh_Group1_LOD0.uasset" 2248
"C:/Users/Margarida/Desktop/Thesis-Project-2025/Thesis_Project/Content/MetaHumans/Fei/FemaleHair_pfn/Hair/Hair_S_UpdoBraids_CardsMesh_Group1_LOD0.uexp" 2249
"C:/Users/Margarida/Desktop/Thesis-Project-2025/Thesis_Project/Content/MetaHumans/Fei/FemaleHair_pfn/Hair/Hair_S_UpdoBraids_CardsMesh_Group0_LOD4.ubulk" 2250
"C:/Users/Margarida/Desktop/Thesis-Project-2025/Thesis_Project/Content/MetaHumans/Fei/FemaleHair_pfn/Hair/Hair_S_UpdoBraids_CardsMesh_Group0_LOD4.uasset" 2251
"C:/Users/Margarida/Desktop/Thesis-Project-2025/Thesis_Project/Content/MetaHumans/Fei/FemaleHair_pfn/Hair/Hair_S_UpdoBraids_CardsMesh_Group0_LOD4.uexp" 2252
"C:/Users/Margarida/Desktop/Thesis-Project-2025/Thesis_Project/Content/MetaHumans/Fei/FemaleHair_pfn/Hair/Hair_S_UpdoBraids_CardsMesh_Group0_LOD3.ubulk" 2253
"C:/Users/Margarida/Desktop/Thesis-Project-2025/Thesis_Project/Content/MetaHumans/Fei/FemaleHair_pfn/Hair/Hair_S_UpdoBraids_CardsMesh_Group0_LOD3.uasset" 2254
"C:/Users/Margarida/Desktop/Thesis-Project-2025/Thesis_Project/Content/MetaHumans/Fei/FemaleHair_pfn/Hair/Hair_S_UpdoBraids_CardsMesh_Group0_LOD3.uexp" 2255
"C:/Users/Margarida/Desktop/Thesis-Project-2025/Thesis_Project/Content/MetaHumans/Fei/FemaleHair_pfn/Hair/Hair_S_UpdoBraids_CardsMesh_Group0_LOD2.ubulk" 2256
"C:/Users/Margarida/Desktop/Thesis-Project-2025/Thesis_Project/Content/MetaHumans/Fei/FemaleHair_pfn/Hair/Hair_S_UpdoBraids_CardsMesh_Group0_LOD2.uasset" 2257
"C:/Users/Margarida/Desktop/Thesis-Project-2025/Thesis_Project/Content/MetaHumans/Fei/FemaleHair_pfn/Hair/Hair_S_UpdoBraids_CardsMesh_Group0_LOD2.uexp" 2258
"C:/Users/Margarida/Desktop/Thesis-Project-2025/Thesis_Project/Content/MetaHumans/Fei/FemaleHair_pfn/Hair/Hair_S_UpdoBraids_CardsMesh_Group0_LOD1.ubulk" 2259
"C:/Users/Margarida/Desktop/Thesis-Project-2025/Thesis_Project/Content/MetaHumans/Fei/FemaleHair_pfn/Hair/Hair_S_UpdoBraids_CardsMesh_Group0_LOD1.uasset" 2260
"C:/Users/Margarida/Desktop/Thesis-Project-2025/Thesis_Project/Content/MetaHumans/Fei/FemaleHair_pfn/Hair/Hair_S_UpdoBraids_CardsMesh_Group0_LOD1.uexp" 2261
"C:/Users/Margarida/Desktop/Thesis-Project-2025/Thesis_Project/Content/MetaHumans/Fei/FemaleHair_pfn/Hair/Hair_S_UpdoBraids_CardsMesh_Group0_LOD0.ubulk" 2262
"C:/Users/Margarida/Desktop/Thesis-Project-2025/Thesis_Project/Content/MetaHumans/Fei/FemaleHair_pfn/Hair/Hair_S_UpdoBraids_CardsMesh_Group0_LOD0.uasset" 2263
"C:/Users/Margarida/Desktop/Thesis-Project-2025/Thesis_Project/Content/MetaHumans/Fei/FemaleHair_pfn/Hair/Hair_S_UpdoBraids_CardsMesh_Group0_LOD0.uexp" 2264
"C:/Users/Margarida/Desktop/Thesis-Project-2025/Thesis_Project/Content/MetaHumans/Common/FemaleHair_pfn/Textures/Hair_S_UpdoBraids_CardsAtlas_Attribute.ubulk" 2265
"C:/Users/Margarida/Desktop/Thesis-Project-2025/Thesis_Project/Content/MetaHumans/Common/FemaleHair_pfn/Textures/Hair_S_UpdoBraids_CardsAtlas_Attribute.uasset" 2266
"C:/Users/Margarida/Desktop/Thesis-Project-2025/Thesis_Project/Content/MetaHumans/Common/FemaleHair_pfn/Textures/Hair_S_UpdoBraids_CardsAtlas_Attribute.uexp" 2267
"C:/Users/Margarida/Desktop/Thesis-Project-2025/Thesis_Project/Content/MetaHumans/Common/FemaleHair_pfn/Textures/Hair_S_UpdoBraids_CardsAtlas_Tangent.ubulk" 2268
"C:/Users/Margarida/Desktop/Thesis-Project-2025/Thesis_Project/Content/MetaHumans/Common/FemaleHair_pfn/Textures/Hair_S_UpdoBraids_CardsAtlas_Tangent.uasset" 2269
"C:/Users/Margarida/Desktop/Thesis-Project-2025/Thesis_Project/Content/MetaHumans/Common/FemaleHair_pfn/Textures/Hair_S_UpdoBraids_CardsAtlas_Tangent.uexp" 2270
"C:/Users/Margarida/Desktop/Thesis-Project-2025/Thesis_Project/Content/MetaHumans/Common/FemaleHair_pfn/Textures/Helmets/Hair_S_UpdoBraids_ColorXYDepthGroupID.ubulk" 2271
"C:/Users/Margarida/Desktop/Thesis-Project-2025/Thesis_Project/Content/MetaHumans/Common/FemaleHair_pfn/Textures/Helmets/Hair_S_UpdoBraids_ColorXYDepthGroupID.uasset" 2272
"C:/Users/Margarida/Desktop/Thesis-Project-2025/Thesis_Project/Content/MetaHumans/Common/FemaleHair_pfn/Textures/Helmets/Hair_S_UpdoBraids_ColorXYDepthGroupID.uexp" 2273
"C:/Users/Margarida/Desktop/Thesis-Project-2025/Thesis_Project/Content/MetaHumans/Common/FemaleHair_pfn/Textures/Helmets/Hair_S_UpdoBraids_RooUVSeedCoverage.ubulk" 2274
"C:/Users/Margarida/Desktop/Thesis-Project-2025/Thesis_Project/Content/MetaHumans/Common/FemaleHair_pfn/Textures/Helmets/Hair_S_UpdoBraids_RooUVSeedCoverage.uasset" 2275
"C:/Users/Margarida/Desktop/Thesis-Project-2025/Thesis_Project/Content/MetaHumans/Common/FemaleHair_pfn/Textures/Helmets/Hair_S_UpdoBraids_RooUVSeedCoverage.uexp" 2276
"C:/Users/Margarida/Desktop/Thesis-Project-2025/Thesis_Project/Content/MetaHumans/Common/FemaleHair_pfn/Textures/Helmets/Hair_S_UpdoBraids_TangentCoordU.ubulk" 2277
"C:/Users/Margarida/Desktop/Thesis-Project-2025/Thesis_Project/Content/MetaHumans/Common/FemaleHair_pfn/Textures/Helmets/Hair_S_UpdoBraids_TangentCoordU.uasset" 2278
"C:/Users/Margarida/Desktop/Thesis-Project-2025/Thesis_Project/Content/MetaHumans/Common/FemaleHair_pfn/Textures/Helmets/Hair_S_UpdoBraids_TangentCoordU.uexp" 2279
"C:/Users/Margarida/Desktop/Thesis-Project-2025/Thesis_Project/Content/MetaHumans/Fei/FemaleHair_pfn/Hair/Hair_S_UpdoBraids.ubulk" 2280
"C:/Users/Margarida/Desktop/Thesis-Project-2025/Thesis_Project/Content/MetaHumans/Fei/FemaleHair_pfn/Hair/Hair_S_UpdoBraids.uasset" 2281
"C:/Users/Margarida/Desktop/Thesis-Project-2025/Thesis_Project/Content/MetaHumans/Fei/FemaleHair_pfn/Hair/Hair_S_UpdoBraids.uexp" 2282
"C:/Users/Margarida/Desktop/Thesis-Project-2025/Thesis_Project/Content/MetaHumans/Fei/FemaleHair_pfn/GroomBinding/Hair_S_UpdoBraids_Binding.ubulk" 2283
"C:/Users/Margarida/Desktop/Thesis-Project-2025/Thesis_Project/Content/MetaHumans/Fei/FemaleHair_pfn/GroomBinding/Hair_S_UpdoBraids_Binding.uasset" 2284
"C:/Users/Margarida/Desktop/Thesis-Project-2025/Thesis_Project/Content/MetaHumans/Fei/FemaleHair_pfn/GroomBinding/Hair_S_UpdoBraids_Binding.uexp" 2285
"C:/Users/Margarida/Desktop/Thesis-Project-2025/Thesis_Project/Content/MetaHumans/Fei/MaleHair/Hair/Eyelashes_S_Thin.ubulk" 2286
"C:/Users/Margarida/Desktop/Thesis-Project-2025/Thesis_Project/Content/MetaHumans/Fei/MaleHair/Hair/Eyelashes_S_Thin.uasset" 2287
"C:/Users/Margarida/Desktop/Thesis-Project-2025/Thesis_Project/Content/MetaHumans/Fei/MaleHair/Hair/Eyelashes_S_Thin.uexp" 2288
"C:/Users/Margarida/Desktop/Thesis-Project-2025/Thesis_Project/Content/MetaHumans/Fei/MaleHair/GroomBinding/Eyelashes_S_Thin_Binding.ubulk" 2289
"C:/Users/Margarida/Desktop/Thesis-Project-2025/Thesis_Project/Content/MetaHumans/Fei/MaleHair/GroomBinding/Eyelashes_S_Thin_Binding.uasset" 2290
"C:/Users/Margarida/Desktop/Thesis-Project-2025/Thesis_Project/Content/MetaHumans/Fei/MaleHair/GroomBinding/Eyelashes_S_Thin_Binding.uexp" 2291
"C:/Users/Margarida/Desktop/Thesis-Project-2025/Thesis_Project/Content/MetaHumans/Common/Materials/ClothingPrints/Graphics/AngryCatDoodle.ubulk" 2292
"C:/Users/Margarida/Desktop/Thesis-Project-2025/Thesis_Project/Content/MetaHumans/Common/Materials/ClothingPrints/Graphics/AngryCatDoodle.uasset" 2293
"C:/Users/Margarida/Desktop/Thesis-Project-2025/Thesis_Project/Content/MetaHumans/Common/Materials/ClothingPrints/Graphics/AngryCatDoodle.uexp" 2294
"C:/Users/Margarida/Desktop/Thesis-Project-2025/Thesis_Project/Content/MetaHumans/Fei/Materials/Hoodie/M_top_hoodie.uasset" 2295
"C:/Users/Margarida/Desktop/Thesis-Project-2025/Thesis_Project/Content/MetaHumans/Fei/Materials/Hoodie/M_top_hoodie.uexp" 2296
"C:/Users/Margarida/Desktop/Thesis-Project-2025/Thesis_Project/Content/MetaHumans/Fei/Materials/MI_Facial_Hair.uasset" 2297
"C:/Users/Margarida/Desktop/Thesis-Project-2025/Thesis_Project/Content/MetaHumans/Fei/Materials/MI_Facial_Hair.uexp" 2298
"C:/Users/Margarida/Desktop/Thesis-Project-2025/Thesis_Project/Content/MetaHumans/Fei/Materials/MI_Hair.uasset" 2299
"C:/Users/Margarida/Desktop/Thesis-Project-2025/Thesis_Project/Content/MetaHumans/Fei/Materials/MI_Hair.uexp" 2300
"C:/Users/Margarida/Desktop/Thesis-Project-2025/Thesis_Project/Content/MetaHumans/Fei/Materials/MI_Hair1.uasset" 2301
"C:/Users/Margarida/Desktop/Thesis-Project-2025/Thesis_Project/Content/MetaHumans/Fei/Materials/MI_Hair1.uexp" 2302
"C:/Users/Margarida/Desktop/Thesis-Project-2025/Thesis_Project/Content/MetaHumans/Fei/Materials/MI_Hair2.uasset" 2303
"C:/Users/Margarida/Desktop/Thesis-Project-2025/Thesis_Project/Content/MetaHumans/Fei/Materials/MI_Hair2.uexp" 2304
"C:/Users/Margarida/Desktop/Thesis-Project-2025/Thesis_Project/Content/MetaHumans/Fei/Materials/MI_Hair_Cards.uasset" 2305
"C:/Users/Margarida/Desktop/Thesis-Project-2025/Thesis_Project/Content/MetaHumans/Fei/Materials/MI_Hair_Cards.uexp" 2306
"C:/Users/Margarida/Desktop/Thesis-Project-2025/Thesis_Project/Content/MetaHumans/Fei/Materials/MI_Hair_Helmet.uasset" 2307
"C:/Users/Margarida/Desktop/Thesis-Project-2025/Thesis_Project/Content/MetaHumans/Fei/Materials/MI_Hair_Helmet.uexp" 2308
"C:/Users/Margarida/Desktop/Thesis-Project-2025/Thesis_Project/Content/MetaHumans/Fei/Materials/MI_PeachFuzz.uasset" 2309
"C:/Users/Margarida/Desktop/Thesis-Project-2025/Thesis_Project/Content/MetaHumans/Fei/Materials/MI_PeachFuzz.uexp" 2310
"C:/Users/Margarida/Desktop/Thesis-Project-2025/Thesis_Project/Content/MetaHumans/Fei/Materials/RunningShoes/M_shs_runningshoes.uasset" 2311
"C:/Users/Margarida/Desktop/Thesis-Project-2025/Thesis_Project/Content/MetaHumans/Fei/Materials/RunningShoes/M_shs_runningshoes.uexp" 2312
"C:/Users/Margarida/Desktop/Thesis-Project-2025/Thesis_Project/Content/MetaHumans/Fei/Materials/Yogapants/F_ovw_btm_yogaPants_full.uasset" 2313
"C:/Users/Margarida/Desktop/Thesis-Project-2025/Thesis_Project/Content/MetaHumans/Fei/Materials/Yogapants/F_ovw_btm_yogaPants_full.uexp" 2314
"C:/Users/Margarida/Desktop/Thesis-Project-2025/Thesis_Project/Content/MetaHumans/Fei/BP_Fei.uasset" 2315
"C:/Users/Margarida/Desktop/Thesis-Project-2025/Thesis_Project/Content/MetaHumans/Fei/BP_Fei.uexp" 2316
"C:/Users/Margarida/Desktop/Thesis-Project-2025/Thesis_Project/Content/Room/SkeletalMeshes/SK_FanBlades_Skeleton.uasset" 2317
"C:/Users/Margarida/Desktop/Thesis-Project-2025/Thesis_Project/Content/Room/SkeletalMeshes/SK_FanBlades_Skeleton.uexp" 2318
"C:/Users/Margarida/Desktop/Thesis-Project-2025/Thesis_Project/Content/Room/Animations/FanBladeRotation.uasset" 2319
"C:/Users/Margarida/Desktop/Thesis-Project-2025/Thesis_Project/Content/Room/Animations/FanBladeRotation.uexp" 2320
"C:/Users/Margarida/Desktop/Thesis-Project-2025/Thesis_Project/Content/Room/SkeletalMeshes/SK_Mobile_Skeleton.uasset" 2321
"C:/Users/Margarida/Desktop/Thesis-Project-2025/Thesis_Project/Content/Room/SkeletalMeshes/SK_Mobile_Skeleton.uexp" 2322
"C:/Users/Margarida/Desktop/Thesis-Project-2025/Thesis_Project/Content/Room/Animations/MobileRotation.uasset" 2323
"C:/Users/Margarida/Desktop/Thesis-Project-2025/Thesis_Project/Content/Room/Animations/MobileRotation.uexp" 2324
"../../../Engine/Content/Functions/Engine_MaterialFunctions02/Texturing/CustomRotator.uasset" 2325
"../../../Engine/Content/Functions/Engine_MaterialFunctions02/Texturing/CustomRotator.uexp" 2326
"C:/Users/Margarida/Desktop/Thesis-Project-2025/Thesis_Project/Content/Room/textures/T_WoodShelf_RMA.ubulk" 2327
"C:/Users/Margarida/Desktop/Thesis-Project-2025/Thesis_Project/Content/Room/textures/T_WoodShelf_RMA.uasset" 2328
"C:/Users/Margarida/Desktop/Thesis-Project-2025/Thesis_Project/Content/Room/textures/T_WoodShelf_RMA.uexp" 2329
"C:/Users/Margarida/Desktop/Thesis-Project-2025/Thesis_Project/Content/Room/textures/T_WoodShelf_N.ubulk" 2330
"C:/Users/Margarida/Desktop/Thesis-Project-2025/Thesis_Project/Content/Room/textures/T_WoodShelf_N.uasset" 2331
"C:/Users/Margarida/Desktop/Thesis-Project-2025/Thesis_Project/Content/Room/textures/T_WoodShelf_N.uexp" 2332
"C:/Users/Margarida/Desktop/Thesis-Project-2025/Thesis_Project/Content/Room/textures/T_WoodFloor_BC.ubulk" 2333
"C:/Users/Margarida/Desktop/Thesis-Project-2025/Thesis_Project/Content/Room/textures/T_WoodFloor_BC.uasset" 2334
"C:/Users/Margarida/Desktop/Thesis-Project-2025/Thesis_Project/Content/Room/textures/T_WoodFloor_BC.uexp" 2335
"C:/Users/Margarida/Desktop/Thesis-Project-2025/Thesis_Project/Content/Room/textures/T_WoodFloor_AO.ubulk" 2336
"C:/Users/Margarida/Desktop/Thesis-Project-2025/Thesis_Project/Content/Room/textures/T_WoodFloor_AO.uasset" 2337
"C:/Users/Margarida/Desktop/Thesis-Project-2025/Thesis_Project/Content/Room/textures/T_WoodFloor_AO.uexp" 2338
"C:/Users/Margarida/Desktop/Thesis-Project-2025/Thesis_Project/Content/Room/textures/T_Wood2_R.ubulk" 2339
"C:/Users/Margarida/Desktop/Thesis-Project-2025/Thesis_Project/Content/Room/textures/T_Wood2_R.uasset" 2340
"C:/Users/Margarida/Desktop/Thesis-Project-2025/Thesis_Project/Content/Room/textures/T_Wood2_R.uexp" 2341
"C:/Users/Margarida/Desktop/Thesis-Project-2025/Thesis_Project/Content/Room/Materials/M_MasterMaterial.uasset" 2342
"C:/Users/Margarida/Desktop/Thesis-Project-2025/Thesis_Project/Content/Room/Materials/M_MasterMaterial.uexp" 2343
"C:/Users/Margarida/Desktop/Thesis-Project-2025/Thesis_Project/Content/Room/Materials/MI_Chrome1.uasset" 2344
"C:/Users/Margarida/Desktop/Thesis-Project-2025/Thesis_Project/Content/Room/Materials/MI_Chrome1.uexp" 2345
"C:/Users/Margarida/Desktop/Thesis-Project-2025/Thesis_Project/Content/Room/Materials/MI_SteelDark.uasset" 2346
"C:/Users/Margarida/Desktop/Thesis-Project-2025/Thesis_Project/Content/Room/Materials/MI_SteelDark.uexp" 2347
"C:/Users/Margarida/Desktop/Thesis-Project-2025/Thesis_Project/Content/Room/Materials/MI_Steel.uasset" 2348
"C:/Users/Margarida/Desktop/Thesis-Project-2025/Thesis_Project/Content/Room/Materials/MI_Steel.uexp" 2349
"C:/Users/Margarida/Desktop/Thesis-Project-2025/Thesis_Project/Content/Room/SkeletalMeshes/SK_Cradle_Skeleton.uasset" 2350
"C:/Users/Margarida/Desktop/Thesis-Project-2025/Thesis_Project/Content/Room/SkeletalMeshes/SK_Cradle_Skeleton.uexp" 2351
"C:/Users/Margarida/Desktop/Thesis-Project-2025/Thesis_Project/Content/Room/SkeletalMeshes/SK_Cradle_PhysicsAsset.uasset" 2352
"C:/Users/Margarida/Desktop/Thesis-Project-2025/Thesis_Project/Content/Room/SkeletalMeshes/SK_Cradle_PhysicsAsset.uexp" 2353
"C:/Users/Margarida/Desktop/Thesis-Project-2025/Thesis_Project/Content/Room/SkeletalMeshes/SK_Cradle.uasset" 2354
"C:/Users/Margarida/Desktop/Thesis-Project-2025/Thesis_Project/Content/Room/SkeletalMeshes/SK_Cradle.uexp" 2355
"C:/Users/Margarida/Desktop/Thesis-Project-2025/Thesis_Project/Content/Room/Meshes/SM_CradleBase.ubulk" 2356
"C:/Users/Margarida/Desktop/Thesis-Project-2025/Thesis_Project/Content/Room/Meshes/SM_CradleBase.uasset" 2357
"C:/Users/Margarida/Desktop/Thesis-Project-2025/Thesis_Project/Content/Room/Meshes/SM_CradleBase.uexp" 2358
"C:/Users/Margarida/Desktop/Thesis-Project-2025/Thesis_Project/Content/Room/Animations/Anim_Cradle_Loop.uasset" 2359
"C:/Users/Margarida/Desktop/Thesis-Project-2025/Thesis_Project/Content/Room/Animations/Anim_Cradle_Loop.uexp" 2360
"C:/Users/Margarida/Desktop/Thesis-Project-2025/Thesis_Project/Content/Room/Blueprints/BP_NewtonsCradle.uasset" 2361
"C:/Users/Margarida/Desktop/Thesis-Project-2025/Thesis_Project/Content/Room/Blueprints/BP_NewtonsCradle.uexp" 2362
"C:/Users/Margarida/Desktop/Thesis-Project-2025/Thesis_Project/Content/Room/BuildingMeshes/SM_Ceiling.ubulk" 2363
"C:/Users/Margarida/Desktop/Thesis-Project-2025/Thesis_Project/Content/Room/BuildingMeshes/SM_Ceiling.uasset" 2364
"C:/Users/Margarida/Desktop/Thesis-Project-2025/Thesis_Project/Content/Room/BuildingMeshes/SM_Ceiling.uexp" 2365
"C:/Users/Margarida/Desktop/Thesis-Project-2025/Thesis_Project/Content/Room/BuildingMeshes/SM_CurtainFrame.ubulk" 2366
"C:/Users/Margarida/Desktop/Thesis-Project-2025/Thesis_Project/Content/Room/BuildingMeshes/SM_CurtainFrame.uasset" 2367
"C:/Users/Margarida/Desktop/Thesis-Project-2025/Thesis_Project/Content/Room/BuildingMeshes/SM_CurtainFrame.uexp" 2368
"C:/Users/Margarida/Desktop/Thesis-Project-2025/Thesis_Project/Content/Room/BuildingMeshes/SM_CurtainFrameTop.ubulk" 2369
"C:/Users/Margarida/Desktop/Thesis-Project-2025/Thesis_Project/Content/Room/BuildingMeshes/SM_CurtainFrameTop.uasset" 2370
"C:/Users/Margarida/Desktop/Thesis-Project-2025/Thesis_Project/Content/Room/BuildingMeshes/SM_CurtainFrameTop.uexp" 2371
"C:/Users/Margarida/Desktop/Thesis-Project-2025/Thesis_Project/Content/Room/BuildingMeshes/SM_Door.ubulk" 2372
"C:/Users/Margarida/Desktop/Thesis-Project-2025/Thesis_Project/Content/Room/BuildingMeshes/SM_Door.uasset" 2373
"C:/Users/Margarida/Desktop/Thesis-Project-2025/Thesis_Project/Content/Room/BuildingMeshes/SM_Door.uexp" 2374
"C:/Users/Margarida/Desktop/Thesis-Project-2025/Thesis_Project/Content/Room/BuildingMeshes/SM_DoorFrame_Inner.ubulk" 2375
"C:/Users/Margarida/Desktop/Thesis-Project-2025/Thesis_Project/Content/Room/BuildingMeshes/SM_DoorFrame_Inner.uasset" 2376
"C:/Users/Margarida/Desktop/Thesis-Project-2025/Thesis_Project/Content/Room/BuildingMeshes/SM_DoorFrame_Inner.uexp" 2377
"C:/Users/Margarida/Desktop/Thesis-Project-2025/Thesis_Project/Content/Room/BuildingMeshes/SM_DoorFrame_Outer.ubulk" 2378
"C:/Users/Margarida/Desktop/Thesis-Project-2025/Thesis_Project/Content/Room/BuildingMeshes/SM_DoorFrame_Outer.uasset" 2379
"C:/Users/Margarida/Desktop/Thesis-Project-2025/Thesis_Project/Content/Room/BuildingMeshes/SM_DoorFrame_Outer.uexp" 2380
"C:/Users/Margarida/Desktop/Thesis-Project-2025/Thesis_Project/Content/Room/BuildingMeshes/SM_DoorHandle.ubulk" 2381
"C:/Users/Margarida/Desktop/Thesis-Project-2025/Thesis_Project/Content/Room/BuildingMeshes/SM_DoorHandle.uasset" 2382
"C:/Users/Margarida/Desktop/Thesis-Project-2025/Thesis_Project/Content/Room/BuildingMeshes/SM_DoorHandle.uexp" 2383
"C:/Users/Margarida/Desktop/Thesis-Project-2025/Thesis_Project/Content/Room/BuildingMeshes/SM_Floor.ubulk" 2384
"C:/Users/Margarida/Desktop/Thesis-Project-2025/Thesis_Project/Content/Room/BuildingMeshes/SM_Floor.uasset" 2385
"C:/Users/Margarida/Desktop/Thesis-Project-2025/Thesis_Project/Content/Room/BuildingMeshes/SM_Floor.uexp" 2386
"C:/Users/Margarida/Desktop/Thesis-Project-2025/Thesis_Project/Content/Room/BuildingMeshes/SM_Wall_Back.ubulk" 2387
"C:/Users/Margarida/Desktop/Thesis-Project-2025/Thesis_Project/Content/Room/BuildingMeshes/SM_Wall_Back.uasset" 2388
"C:/Users/Margarida/Desktop/Thesis-Project-2025/Thesis_Project/Content/Room/BuildingMeshes/SM_Wall_Back.uexp" 2389
"C:/Users/Margarida/Desktop/Thesis-Project-2025/Thesis_Project/Content/Room/BuildingMeshes/SM_Wall_Front.ubulk" 2390
"C:/Users/Margarida/Desktop/Thesis-Project-2025/Thesis_Project/Content/Room/BuildingMeshes/SM_Wall_Front.uasset" 2391
"C:/Users/Margarida/Desktop/Thesis-Project-2025/Thesis_Project/Content/Room/BuildingMeshes/SM_Wall_Front.uexp" 2392
"C:/Users/Margarida/Desktop/Thesis-Project-2025/Thesis_Project/Content/Room/BuildingMeshes/SM_Wall_Left.ubulk" 2393
"C:/Users/Margarida/Desktop/Thesis-Project-2025/Thesis_Project/Content/Room/BuildingMeshes/SM_Wall_Left.uasset" 2394
"C:/Users/Margarida/Desktop/Thesis-Project-2025/Thesis_Project/Content/Room/BuildingMeshes/SM_Wall_Left.uexp" 2395
"C:/Users/Margarida/Desktop/Thesis-Project-2025/Thesis_Project/Content/Room/BuildingMeshes/SM_Wall_Right.ubulk" 2396
"C:/Users/Margarida/Desktop/Thesis-Project-2025/Thesis_Project/Content/Room/BuildingMeshes/SM_Wall_Right.uasset" 2397
"C:/Users/Margarida/Desktop/Thesis-Project-2025/Thesis_Project/Content/Room/BuildingMeshes/SM_Wall_Right.uexp" 2398
"C:/Users/Margarida/Desktop/Thesis-Project-2025/Thesis_Project/Content/Room/BuildingMeshes/SM_Windowframe.ubulk" 2399
"C:/Users/Margarida/Desktop/Thesis-Project-2025/Thesis_Project/Content/Room/BuildingMeshes/SM_Windowframe.uasset" 2400
"C:/Users/Margarida/Desktop/Thesis-Project-2025/Thesis_Project/Content/Room/BuildingMeshes/SM_Windowframe.uexp" 2401
"C:/Users/Margarida/Desktop/Thesis-Project-2025/Thesis_Project/Content/Room/BuildingMeshes/SM_WindowSill_DR.ubulk" 2402
"C:/Users/Margarida/Desktop/Thesis-Project-2025/Thesis_Project/Content/Room/BuildingMeshes/SM_WindowSill_DR.uasset" 2403
"C:/Users/Margarida/Desktop/Thesis-Project-2025/Thesis_Project/Content/Room/BuildingMeshes/SM_WindowSill_DR.uexp" 2404
"C:/Users/Margarida/Desktop/Thesis-Project-2025/Thesis_Project/Content/Room/BuildingMeshes/SM_WindowSill_LR.ubulk" 2405
"C:/Users/Margarida/Desktop/Thesis-Project-2025/Thesis_Project/Content/Room/BuildingMeshes/SM_WindowSill_LR.uasset" 2406
"C:/Users/Margarida/Desktop/Thesis-Project-2025/Thesis_Project/Content/Room/BuildingMeshes/SM_WindowSill_LR.uexp" 2407
"C:/Users/Margarida/Desktop/Thesis-Project-2025/Thesis_Project/Content/Room/textures/T_Pages1_BC.ubulk" 2408
"C:/Users/Margarida/Desktop/Thesis-Project-2025/Thesis_Project/Content/Room/textures/T_Pages1_BC.uasset" 2409
"C:/Users/Margarida/Desktop/Thesis-Project-2025/Thesis_Project/Content/Room/textures/T_Pages1_BC.uexp" 2410
"C:/Users/Margarida/Desktop/Thesis-Project-2025/Thesis_Project/Content/Room/Materials/MI_BookPages.uasset" 2411
"C:/Users/Margarida/Desktop/Thesis-Project-2025/Thesis_Project/Content/Room/Materials/MI_BookPages.uexp" 2412
"C:/Users/Margarida/Desktop/Thesis-Project-2025/Thesis_Project/Content/Room/textures/T_TheCat_BC.ubulk" 2413
"C:/Users/Margarida/Desktop/Thesis-Project-2025/Thesis_Project/Content/Room/textures/T_TheCat_BC.uasset" 2414
"C:/Users/Margarida/Desktop/Thesis-Project-2025/Thesis_Project/Content/Room/textures/T_TheCat_BC.uexp" 2415
"C:/Users/Margarida/Desktop/Thesis-Project-2025/Thesis_Project/Content/Room/Materials/MI_Book_TheCat.uasset" 2416
"C:/Users/Margarida/Desktop/Thesis-Project-2025/Thesis_Project/Content/Room/Materials/MI_Book_TheCat.uexp" 2417
"C:/Users/Margarida/Desktop/Thesis-Project-2025/Thesis_Project/Content/Room/textures/T_LookUpPhoto_BC.ubulk" 2418
"C:/Users/Margarida/Desktop/Thesis-Project-2025/Thesis_Project/Content/Room/textures/T_LookUpPhoto_BC.uasset" 2419
"C:/Users/Margarida/Desktop/Thesis-Project-2025/Thesis_Project/Content/Room/textures/T_LookUpPhoto_BC.uexp" 2420
"C:/Users/Margarida/Desktop/Thesis-Project-2025/Thesis_Project/Content/Room/Materials/MI_Book_LookUpPhoto.uasset" 2421
"C:/Users/Margarida/Desktop/Thesis-Project-2025/Thesis_Project/Content/Room/Materials/MI_Book_LookUpPhoto.uexp" 2422
"C:/Users/Margarida/Desktop/Thesis-Project-2025/Thesis_Project/Content/Room/textures/T_PetTherapy_BC.ubulk" 2423
"C:/Users/Margarida/Desktop/Thesis-Project-2025/Thesis_Project/Content/Room/textures/T_PetTherapy_BC.uasset" 2424
"C:/Users/Margarida/Desktop/Thesis-Project-2025/Thesis_Project/Content/Room/textures/T_PetTherapy_BC.uexp" 2425
"C:/Users/Margarida/Desktop/Thesis-Project-2025/Thesis_Project/Content/Room/Materials/MI_Book_PetTherapy.uasset" 2426
"C:/Users/Margarida/Desktop/Thesis-Project-2025/Thesis_Project/Content/Room/Materials/MI_Book_PetTherapy.uexp" 2427
"C:/Users/Margarida/Desktop/Thesis-Project-2025/Thesis_Project/Content/Room/textures/T_PhotoEssential_BC.ubulk" 2428
"C:/Users/Margarida/Desktop/Thesis-Project-2025/Thesis_Project/Content/Room/textures/T_PhotoEssential_BC.uasset" 2429
"C:/Users/Margarida/Desktop/Thesis-Project-2025/Thesis_Project/Content/Room/textures/T_PhotoEssential_BC.uexp" 2430
"C:/Users/Margarida/Desktop/Thesis-Project-2025/Thesis_Project/Content/Room/Materials/MI_Book_PhotoEssential.uasset" 2431
"C:/Users/Margarida/Desktop/Thesis-Project-2025/Thesis_Project/Content/Room/Materials/MI_Book_PhotoEssential.uexp" 2432
"C:/Users/Margarida/Desktop/Thesis-Project-2025/Thesis_Project/Content/Room/textures/T_PointOfView_BC.uasset" 2433
"C:/Users/Margarida/Desktop/Thesis-Project-2025/Thesis_Project/Content/Room/textures/T_PointOfView_BC.uexp" 2434
"C:/Users/Margarida/Desktop/Thesis-Project-2025/Thesis_Project/Content/Room/Materials/MI_Book_PointOfView.uasset" 2435
"C:/Users/Margarida/Desktop/Thesis-Project-2025/Thesis_Project/Content/Room/Materials/MI_Book_PointOfView.uexp" 2436
"C:/Users/Margarida/Desktop/Thesis-Project-2025/Thesis_Project/Content/Room/textures/T_RayTracing_BC.ubulk" 2437
"C:/Users/Margarida/Desktop/Thesis-Project-2025/Thesis_Project/Content/Room/textures/T_RayTracing_BC.uasset" 2438
"C:/Users/Margarida/Desktop/Thesis-Project-2025/Thesis_Project/Content/Room/textures/T_RayTracing_BC.uexp" 2439
"C:/Users/Margarida/Desktop/Thesis-Project-2025/Thesis_Project/Content/Room/Materials/MI_Book_UE4RayTrace.uasset" 2440
"C:/Users/Margarida/Desktop/Thesis-Project-2025/Thesis_Project/Content/Room/Materials/MI_Book_UE4RayTrace.uexp" 2441
"C:/Users/Margarida/Desktop/Thesis-Project-2025/Thesis_Project/Content/Room/textures/T_SciontiDesign_BC.ubulk" 2442
"C:/Users/Margarida/Desktop/Thesis-Project-2025/Thesis_Project/Content/Room/textures/T_SciontiDesign_BC.uasset" 2443
"C:/Users/Margarida/Desktop/Thesis-Project-2025/Thesis_Project/Content/Room/textures/T_SciontiDesign_BC.uexp" 2444
"C:/Users/Margarida/Desktop/Thesis-Project-2025/Thesis_Project/Content/Room/Materials/MI_Book_SciontiDesign.uasset" 2445
"C:/Users/Margarida/Desktop/Thesis-Project-2025/Thesis_Project/Content/Room/Materials/MI_Book_SciontiDesign.uexp" 2446
"C:/Users/Margarida/Desktop/Thesis-Project-2025/Thesis_Project/Content/Room/textures/T_UE4Book_BC.ubulk" 2447
"C:/Users/Margarida/Desktop/Thesis-Project-2025/Thesis_Project/Content/Room/textures/T_UE4Book_BC.uasset" 2448
"C:/Users/Margarida/Desktop/Thesis-Project-2025/Thesis_Project/Content/Room/textures/T_UE4Book_BC.uexp" 2449
"C:/Users/Margarida/Desktop/Thesis-Project-2025/Thesis_Project/Content/Room/Materials/MI_Book_UE4.uasset" 2450
"C:/Users/Margarida/Desktop/Thesis-Project-2025/Thesis_Project/Content/Room/Materials/MI_Book_UE4.uexp" 2451
"C:/Users/Margarida/Desktop/Thesis-Project-2025/Thesis_Project/Content/Room/Materials/MI_BookSolidGray.uasset" 2452
"C:/Users/Margarida/Desktop/Thesis-Project-2025/Thesis_Project/Content/Room/Materials/MI_BookSolidGray.uexp" 2453
"C:/Users/Margarida/Desktop/Thesis-Project-2025/Thesis_Project/Content/Room/Materials/MI_BookBlack.uasset" 2454
"C:/Users/Margarida/Desktop/Thesis-Project-2025/Thesis_Project/Content/Room/Materials/MI_BookBlack.uexp" 2455
"C:/Users/Margarida/Desktop/Thesis-Project-2025/Thesis_Project/Content/Room/textures/T_Pages2_BC.ubulk" 2456
"C:/Users/Margarida/Desktop/Thesis-Project-2025/Thesis_Project/Content/Room/textures/T_Pages2_BC.uasset" 2457
"C:/Users/Margarida/Desktop/Thesis-Project-2025/Thesis_Project/Content/Room/textures/T_Pages2_BC.uexp" 2458
"C:/Users/Margarida/Desktop/Thesis-Project-2025/Thesis_Project/Content/Room/Materials/MI_BookPages2.uasset" 2459
"C:/Users/Margarida/Desktop/Thesis-Project-2025/Thesis_Project/Content/Room/Materials/MI_BookPages2.uexp" 2460
"C:/Users/Margarida/Desktop/Thesis-Project-2025/Thesis_Project/Content/Room/Materials/MI_BookSolidWhite.uasset" 2461
"C:/Users/Margarida/Desktop/Thesis-Project-2025/Thesis_Project/Content/Room/Materials/MI_BookSolidWhite.uexp" 2462
"C:/Users/Margarida/Desktop/Thesis-Project-2025/Thesis_Project/Content/Room/Plants/Textures/skratches00new1_2_2_Tex.ubulk" 2463
"C:/Users/Margarida/Desktop/Thesis-Project-2025/Thesis_Project/Content/Room/Plants/Textures/skratches00new1_2_2_Tex.uasset" 2464
"C:/Users/Margarida/Desktop/Thesis-Project-2025/Thesis_Project/Content/Room/Plants/Textures/skratches00new1_2_2_Tex.uexp" 2465
"C:/Users/Margarida/Desktop/Thesis-Project-2025/Thesis_Project/Content/Room/Materials/MI_Gold.uasset" 2466
"C:/Users/Margarida/Desktop/Thesis-Project-2025/Thesis_Project/Content/Room/Materials/MI_Gold.uexp" 2467
"C:/Users/Margarida/Desktop/Thesis-Project-2025/Thesis_Project/Content/Room/Materials/MI_Brass.uasset" 2468
"C:/Users/Margarida/Desktop/Thesis-Project-2025/Thesis_Project/Content/Room/Materials/MI_Brass.uexp" 2469
"C:/Users/Margarida/Desktop/Thesis-Project-2025/Thesis_Project/Content/Room/Materials/MI_White.uasset" 2470
"C:/Users/Margarida/Desktop/Thesis-Project-2025/Thesis_Project/Content/Room/Materials/MI_White.uexp" 2471
"C:/Users/Margarida/Desktop/Thesis-Project-2025/Thesis_Project/Content/Room/textures/T_Bulb_N.ubulk" 2472
"C:/Users/Margarida/Desktop/Thesis-Project-2025/Thesis_Project/Content/Room/textures/T_Bulb_N.uasset" 2473
"C:/Users/Margarida/Desktop/Thesis-Project-2025/Thesis_Project/Content/Room/textures/T_Bulb_N.uexp" 2474
"C:/Users/Margarida/Desktop/Thesis-Project-2025/Thesis_Project/Content/Room/textures/T_Bulb_BC.ubulk" 2475
"C:/Users/Margarida/Desktop/Thesis-Project-2025/Thesis_Project/Content/Room/textures/T_Bulb_BC.uasset" 2476
"C:/Users/Margarida/Desktop/Thesis-Project-2025/Thesis_Project/Content/Room/textures/T_Bulb_BC.uexp" 2477
"C:/Users/Margarida/Desktop/Thesis-Project-2025/Thesis_Project/Content/Room/Materials/MI_Bulb.uasset" 2478
"C:/Users/Margarida/Desktop/Thesis-Project-2025/Thesis_Project/Content/Room/Materials/MI_Bulb.uexp" 2479
"C:/Users/Margarida/Desktop/Thesis-Project-2025/Thesis_Project/Content/Room/Materials/MI_CandleWhite.uasset" 2480
"C:/Users/Margarida/Desktop/Thesis-Project-2025/Thesis_Project/Content/Room/Materials/MI_CandleWhite.uexp" 2481
"C:/Users/Margarida/Desktop/Thesis-Project-2025/Thesis_Project/Content/Room/textures/T_Wall_N.ubulk" 2482
"C:/Users/Margarida/Desktop/Thesis-Project-2025/Thesis_Project/Content/Room/textures/T_Wall_N.uasset" 2483
"C:/Users/Margarida/Desktop/Thesis-Project-2025/Thesis_Project/Content/Room/textures/T_Wall_N.uexp" 2484
"../../../Engine/Content/EngineResources/DefaultTexture_Low.uasset" 2485
"../../../Engine/Content/EngineResources/DefaultTexture_Low.uexp" 2486
"../../../Engine/Content/EngineMaterials/T_Default_Normal.ubulk" 2487
"../../../Engine/Content/EngineMaterials/T_Default_Normal.uasset" 2488
"../../../Engine/Content/EngineMaterials/T_Default_Normal.uexp" 2489
"../../../Engine/Content/Functions/Engine_MaterialFunctions02/3PointLevels.uasset" 2490
"../../../Engine/Content/Functions/Engine_MaterialFunctions02/3PointLevels.uexp" 2491
"../../../Engine/Content/Functions/Engine_MaterialFunctions01/ImageAdjustment/SCurve.uasset" 2492
"../../../Engine/Content/Functions/Engine_MaterialFunctions01/ImageAdjustment/SCurve.uexp" 2493
"C:/Users/Margarida/Desktop/Thesis-Project-2025/Thesis_Project/Content/Room/Materials/M_RTMasterMaterial.uasset" 2494
"C:/Users/Margarida/Desktop/Thesis-Project-2025/Thesis_Project/Content/Room/Materials/M_RTMasterMaterial.uexp" 2495
"C:/Users/Margarida/Desktop/Thesis-Project-2025/Thesis_Project/Content/Room/Materials/MI_Ceiling.uasset" 2496
"C:/Users/Margarida/Desktop/Thesis-Project-2025/Thesis_Project/Content/Room/Materials/MI_Ceiling.uexp" 2497
"C:/Users/Margarida/Desktop/Thesis-Project-2025/Thesis_Project/Content/Room/textures/T_Coat_RMA.ubulk" 2498
"C:/Users/Margarida/Desktop/Thesis-Project-2025/Thesis_Project/Content/Room/textures/T_Coat_RMA.uasset" 2499
"C:/Users/Margarida/Desktop/Thesis-Project-2025/Thesis_Project/Content/Room/textures/T_Coat_RMA.uexp" 2500
"C:/Users/Margarida/Desktop/Thesis-Project-2025/Thesis_Project/Content/Room/textures/T_Coat_N.ubulk" 2501
"C:/Users/Margarida/Desktop/Thesis-Project-2025/Thesis_Project/Content/Room/textures/T_Coat_N.uasset" 2502
"C:/Users/Margarida/Desktop/Thesis-Project-2025/Thesis_Project/Content/Room/textures/T_Coat_N.uexp" 2503
"C:/Users/Margarida/Desktop/Thesis-Project-2025/Thesis_Project/Content/Room/textures/T_Coat_BC.ubulk" 2504
"C:/Users/Margarida/Desktop/Thesis-Project-2025/Thesis_Project/Content/Room/textures/T_Coat_BC.uasset" 2505
"C:/Users/Margarida/Desktop/Thesis-Project-2025/Thesis_Project/Content/Room/textures/T_Coat_BC.uexp" 2506
"C:/Users/Margarida/Desktop/Thesis-Project-2025/Thesis_Project/Content/Room/Materials/MI_Coat.uasset" 2507
"C:/Users/Margarida/Desktop/Thesis-Project-2025/Thesis_Project/Content/Room/Materials/MI_Coat.uexp" 2508
"C:/Users/Margarida/Desktop/Thesis-Project-2025/Thesis_Project/Content/Room/textures/T_Fabric1_RMA.ubulk" 2509
"C:/Users/Margarida/Desktop/Thesis-Project-2025/Thesis_Project/Content/Room/textures/T_Fabric1_RMA.uasset" 2510
"C:/Users/Margarida/Desktop/Thesis-Project-2025/Thesis_Project/Content/Room/textures/T_Fabric1_RMA.uexp" 2511
"C:/Users/Margarida/Desktop/Thesis-Project-2025/Thesis_Project/Content/Room/textures/T_Fabric1_N.ubulk" 2512
"C:/Users/Margarida/Desktop/Thesis-Project-2025/Thesis_Project/Content/Room/textures/T_Fabric1_N.uasset" 2513
"C:/Users/Margarida/Desktop/Thesis-Project-2025/Thesis_Project/Content/Room/textures/T_Fabric1_N.uexp" 2514
"C:/Users/Margarida/Desktop/Thesis-Project-2025/Thesis_Project/Content/Room/textures/T_Fabric1_BC.ubulk" 2515
"C:/Users/Margarida/Desktop/Thesis-Project-2025/Thesis_Project/Content/Room/textures/T_Fabric1_BC.uasset" 2516
"C:/Users/Margarida/Desktop/Thesis-Project-2025/Thesis_Project/Content/Room/textures/T_Fabric1_BC.uexp" 2517
"C:/Users/Margarida/Desktop/Thesis-Project-2025/Thesis_Project/Content/Room/Materials/MI_CyanFabric.uasset" 2518
"C:/Users/Margarida/Desktop/Thesis-Project-2025/Thesis_Project/Content/Room/Materials/MI_CyanFabric.uexp" 2519
"C:/Users/Margarida/Desktop/Thesis-Project-2025/Thesis_Project/Content/Room/textures/T_DiningChairMetal_RMA.ubulk" 2520
"C:/Users/Margarida/Desktop/Thesis-Project-2025/Thesis_Project/Content/Room/textures/T_DiningChairMetal_RMA.uasset" 2521
"C:/Users/Margarida/Desktop/Thesis-Project-2025/Thesis_Project/Content/Room/textures/T_DiningChairMetal_RMA.uexp" 2522
"C:/Users/Margarida/Desktop/Thesis-Project-2025/Thesis_Project/Content/Room/textures/T_DiningChairMetal_N.ubulk" 2523
"C:/Users/Margarida/Desktop/Thesis-Project-2025/Thesis_Project/Content/Room/textures/T_DiningChairMetal_N.uasset" 2524
"C:/Users/Margarida/Desktop/Thesis-Project-2025/Thesis_Project/Content/Room/textures/T_DiningChairMetal_N.uexp" 2525
"C:/Users/Margarida/Desktop/Thesis-Project-2025/Thesis_Project/Content/Room/textures/T_DiningChairMetal_BC.ubulk" 2526
"C:/Users/Margarida/Desktop/Thesis-Project-2025/Thesis_Project/Content/Room/textures/T_DiningChairMetal_BC.uasset" 2527
"C:/Users/Margarida/Desktop/Thesis-Project-2025/Thesis_Project/Content/Room/textures/T_DiningChairMetal_BC.uexp" 2528
"C:/Users/Margarida/Desktop/Thesis-Project-2025/Thesis_Project/Content/Room/Materials/MI_DiningChairMetal.uasset" 2529
"C:/Users/Margarida/Desktop/Thesis-Project-2025/Thesis_Project/Content/Room/Materials/MI_DiningChairMetal.uexp" 2530
"C:/Users/Margarida/Desktop/Thesis-Project-2025/Thesis_Project/Content/Room/textures/T_DiningChairWood_RMA.ubulk" 2531
"C:/Users/Margarida/Desktop/Thesis-Project-2025/Thesis_Project/Content/Room/textures/T_DiningChairWood_RMA.uasset" 2532
"C:/Users/Margarida/Desktop/Thesis-Project-2025/Thesis_Project/Content/Room/textures/T_DiningChairWood_RMA.uexp" 2533
"C:/Users/Margarida/Desktop/Thesis-Project-2025/Thesis_Project/Content/Room/textures/T_DiningChairWood_N.ubulk" 2534
"C:/Users/Margarida/Desktop/Thesis-Project-2025/Thesis_Project/Content/Room/textures/T_DiningChairWood_N.uasset" 2535
"C:/Users/Margarida/Desktop/Thesis-Project-2025/Thesis_Project/Content/Room/textures/T_DiningChairWood_N.uexp" 2536
"C:/Users/Margarida/Desktop/Thesis-Project-2025/Thesis_Project/Content/Room/textures/T_DiningChairWood_BC.ubulk" 2537
"C:/Users/Margarida/Desktop/Thesis-Project-2025/Thesis_Project/Content/Room/textures/T_DiningChairWood_BC.uasset" 2538
"C:/Users/Margarida/Desktop/Thesis-Project-2025/Thesis_Project/Content/Room/textures/T_DiningChairWood_BC.uexp" 2539
"C:/Users/Margarida/Desktop/Thesis-Project-2025/Thesis_Project/Content/Room/Materials/MI_DiningChairWood.uasset" 2540
"C:/Users/Margarida/Desktop/Thesis-Project-2025/Thesis_Project/Content/Room/Materials/MI_DiningChairWood.uexp" 2541
"C:/Users/Margarida/Desktop/Thesis-Project-2025/Thesis_Project/Content/Room/Materials/MI_DiningChairWood2.uasset" 2542
"C:/Users/Margarida/Desktop/Thesis-Project-2025/Thesis_Project/Content/Room/Materials/MI_DiningChairWood2.uexp" 2543
"C:/Users/Margarida/Desktop/Thesis-Project-2025/Thesis_Project/Content/Room/textures/T_City_BC.uasset" 2544
"C:/Users/Margarida/Desktop/Thesis-Project-2025/Thesis_Project/Content/Room/textures/T_City_BC.uexp" 2545
"C:/Users/Margarida/Desktop/Thesis-Project-2025/Thesis_Project/Content/Room/Materials/MI_DiningFrame1.uasset" 2546
"C:/Users/Margarida/Desktop/Thesis-Project-2025/Thesis_Project/Content/Room/Materials/MI_DiningFrame1.uexp" 2547
"C:/Users/Margarida/Desktop/Thesis-Project-2025/Thesis_Project/Content/Room/textures/T_Bike_BC.ubulk" 2548
"C:/Users/Margarida/Desktop/Thesis-Project-2025/Thesis_Project/Content/Room/textures/T_Bike_BC.uasset" 2549
"C:/Users/Margarida/Desktop/Thesis-Project-2025/Thesis_Project/Content/Room/textures/T_Bike_BC.uexp" 2550
"C:/Users/Margarida/Desktop/Thesis-Project-2025/Thesis_Project/Content/Room/Materials/MI_LivingFrame_Handlebars.uasset" 2551
"C:/Users/Margarida/Desktop/Thesis-Project-2025/Thesis_Project/Content/Room/Materials/MI_LivingFrame_Handlebars.uexp" 2552
"C:/Users/Margarida/Desktop/Thesis-Project-2025/Thesis_Project/Content/Room/textures/T_Leaf1_BC.ubulk" 2553
"C:/Users/Margarida/Desktop/Thesis-Project-2025/Thesis_Project/Content/Room/textures/T_Leaf1_BC.uasset" 2554
"C:/Users/Margarida/Desktop/Thesis-Project-2025/Thesis_Project/Content/Room/textures/T_Leaf1_BC.uexp" 2555
"C:/Users/Margarida/Desktop/Thesis-Project-2025/Thesis_Project/Content/Room/Materials/MI_LivingFrame_Leaf1.uasset" 2556
"C:/Users/Margarida/Desktop/Thesis-Project-2025/Thesis_Project/Content/Room/Materials/MI_LivingFrame_Leaf1.uexp" 2557
"C:/Users/Margarida/Desktop/Thesis-Project-2025/Thesis_Project/Content/Room/textures/T_Leaf2_BC.ubulk" 2558
"C:/Users/Margarida/Desktop/Thesis-Project-2025/Thesis_Project/Content/Room/textures/T_Leaf2_BC.uasset" 2559
"C:/Users/Margarida/Desktop/Thesis-Project-2025/Thesis_Project/Content/Room/textures/T_Leaf2_BC.uexp" 2560
"C:/Users/Margarida/Desktop/Thesis-Project-2025/Thesis_Project/Content/Room/Materials/MI_LivingFrame_Leaf2.uasset" 2561
"C:/Users/Margarida/Desktop/Thesis-Project-2025/Thesis_Project/Content/Room/Materials/MI_LivingFrame_Leaf2.uexp" 2562
"C:/Users/Margarida/Desktop/Thesis-Project-2025/Thesis_Project/Content/Room/textures/T_Leaf4_BC.ubulk" 2563
"C:/Users/Margarida/Desktop/Thesis-Project-2025/Thesis_Project/Content/Room/textures/T_Leaf4_BC.uasset" 2564
"C:/Users/Margarida/Desktop/Thesis-Project-2025/Thesis_Project/Content/Room/textures/T_Leaf4_BC.uexp" 2565
"C:/Users/Margarida/Desktop/Thesis-Project-2025/Thesis_Project/Content/Room/Materials/MI_DiningFrame_Leaf1.uasset" 2566
"C:/Users/Margarida/Desktop/Thesis-Project-2025/Thesis_Project/Content/Room/Materials/MI_DiningFrame_Leaf1.uexp" 2567
"C:/Users/Margarida/Desktop/Thesis-Project-2025/Thesis_Project/Content/Room/textures/T_DiningTable_RMA.ubulk" 2568
"C:/Users/Margarida/Desktop/Thesis-Project-2025/Thesis_Project/Content/Room/textures/T_DiningTable_RMA.uasset" 2569
"C:/Users/Margarida/Desktop/Thesis-Project-2025/Thesis_Project/Content/Room/textures/T_DiningTable_RMA.uexp" 2570
"C:/Users/Margarida/Desktop/Thesis-Project-2025/Thesis_Project/Content/Room/textures/T_DiningTableWood_N.ubulk" 2571
"C:/Users/Margarida/Desktop/Thesis-Project-2025/Thesis_Project/Content/Room/textures/T_DiningTableWood_N.uasset" 2572
"C:/Users/Margarida/Desktop/Thesis-Project-2025/Thesis_Project/Content/Room/textures/T_DiningTableWood_N.uexp" 2573
"C:/Users/Margarida/Desktop/Thesis-Project-2025/Thesis_Project/Content/Room/textures/T_DiningTableWood_BC.ubulk" 2574
"C:/Users/Margarida/Desktop/Thesis-Project-2025/Thesis_Project/Content/Room/textures/T_DiningTableWood_BC.uasset" 2575
"C:/Users/Margarida/Desktop/Thesis-Project-2025/Thesis_Project/Content/Room/textures/T_DiningTableWood_BC.uexp" 2576
"C:/Users/Margarida/Desktop/Thesis-Project-2025/Thesis_Project/Content/Room/Materials/MI_DiningTableWood.uasset" 2577
"C:/Users/Margarida/Desktop/Thesis-Project-2025/Thesis_Project/Content/Room/Materials/MI_DiningTableWood.uexp" 2578
"C:/Users/Margarida/Desktop/Thesis-Project-2025/Thesis_Project/Content/Room/textures/T_WoodFloor_R.ubulk" 2579
"C:/Users/Margarida/Desktop/Thesis-Project-2025/Thesis_Project/Content/Room/textures/T_WoodFloor_R.uasset" 2580
"C:/Users/Margarida/Desktop/Thesis-Project-2025/Thesis_Project/Content/Room/textures/T_WoodFloor_R.uexp" 2581
"C:/Users/Margarida/Desktop/Thesis-Project-2025/Thesis_Project/Content/Room/textures/T_WoodFloor_N.ubulk" 2582
"C:/Users/Margarida/Desktop/Thesis-Project-2025/Thesis_Project/Content/Room/textures/T_WoodFloor_N.uasset" 2583
"C:/Users/Margarida/Desktop/Thesis-Project-2025/Thesis_Project/Content/Room/textures/T_WoodFloor_N.uexp" 2584
"C:/Users/Margarida/Desktop/Thesis-Project-2025/Thesis_Project/Content/Room/Materials/MI_Floor.uasset" 2585
"C:/Users/Margarida/Desktop/Thesis-Project-2025/Thesis_Project/Content/Room/Materials/MI_Floor.uexp" 2586
"C:/Users/Margarida/Desktop/Thesis-Project-2025/Thesis_Project/Content/Room/textures/T_UE4Painting_N.ubulk" 2587
"C:/Users/Margarida/Desktop/Thesis-Project-2025/Thesis_Project/Content/Room/textures/T_UE4Painting_N.uasset" 2588
"C:/Users/Margarida/Desktop/Thesis-Project-2025/Thesis_Project/Content/Room/textures/T_UE4Painting_N.uexp" 2589
"C:/Users/Margarida/Desktop/Thesis-Project-2025/Thesis_Project/Content/Room/textures/T_UE4Painting_BC.ubulk" 2590
"C:/Users/Margarida/Desktop/Thesis-Project-2025/Thesis_Project/Content/Room/textures/T_UE4Painting_BC.uasset" 2591
"C:/Users/Margarida/Desktop/Thesis-Project-2025/Thesis_Project/Content/Room/textures/T_UE4Painting_BC.uexp" 2592
"C:/Users/Margarida/Desktop/Thesis-Project-2025/Thesis_Project/Content/Room/Materials/MI_Frame_UE4.uasset" 2593
"C:/Users/Margarida/Desktop/Thesis-Project-2025/Thesis_Project/Content/Room/Materials/MI_Frame_UE4.uexp" 2594
"C:/Users/Margarida/Desktop/Thesis-Project-2025/Thesis_Project/Content/Room/Materials/M_GlassMaster.uasset" 2595
"C:/Users/Margarida/Desktop/Thesis-Project-2025/Thesis_Project/Content/Room/Materials/M_GlassMaster.uexp" 2596
"C:/Users/Margarida/Desktop/Thesis-Project-2025/Thesis_Project/Content/Room/Materials/MI_FrameGlass.uasset" 2597
"C:/Users/Margarida/Desktop/Thesis-Project-2025/Thesis_Project/Content/Room/Materials/MI_FrameGlass.uexp" 2598
"C:/Users/Margarida/Desktop/Thesis-Project-2025/Thesis_Project/Content/Room/textures/T_GetItDone_BC.ubulk" 2599
"C:/Users/Margarida/Desktop/Thesis-Project-2025/Thesis_Project/Content/Room/textures/T_GetItDone_BC.uasset" 2600
"C:/Users/Margarida/Desktop/Thesis-Project-2025/Thesis_Project/Content/Room/textures/T_GetItDone_BC.uexp" 2601
"C:/Users/Margarida/Desktop/Thesis-Project-2025/Thesis_Project/Content/Room/Materials/MI_WhiteGloss1.uasset" 2602
"C:/Users/Margarida/Desktop/Thesis-Project-2025/Thesis_Project/Content/Room/Materials/MI_WhiteGloss1.uexp" 2603
"C:/Users/Margarida/Desktop/Thesis-Project-2025/Thesis_Project/Content/Room/Materials/MI_GetItDone.uasset" 2604
"C:/Users/Margarida/Desktop/Thesis-Project-2025/Thesis_Project/Content/Room/Materials/MI_GetItDone.uexp" 2605
"C:/Users/Margarida/Desktop/Thesis-Project-2025/Thesis_Project/Content/Room/Materials/MI_GrayFabric1.uasset" 2606
"C:/Users/Margarida/Desktop/Thesis-Project-2025/Thesis_Project/Content/Room/Materials/MI_GrayFabric1.uexp" 2607
"C:/Users/Margarida/Desktop/Thesis-Project-2025/Thesis_Project/Content/Room/Materials/MI_GrayFabric2.uasset" 2608
"C:/Users/Margarida/Desktop/Thesis-Project-2025/Thesis_Project/Content/Room/Materials/MI_GrayFabric2.uexp" 2609
"C:/Users/Margarida/Desktop/Thesis-Project-2025/Thesis_Project/Content/Room/Materials/MI_GrayMatte.uasset" 2610
"C:/Users/Margarida/Desktop/Thesis-Project-2025/Thesis_Project/Content/Room/Materials/MI_GrayMatte.uexp" 2611
"C:/Users/Margarida/Desktop/Thesis-Project-2025/Thesis_Project/Content/Room/textures/T_Fabric2_RMA.ubulk" 2612
"C:/Users/Margarida/Desktop/Thesis-Project-2025/Thesis_Project/Content/Room/textures/T_Fabric2_RMA.uasset" 2613
"C:/Users/Margarida/Desktop/Thesis-Project-2025/Thesis_Project/Content/Room/textures/T_Fabric2_RMA.uexp" 2614
"C:/Users/Margarida/Desktop/Thesis-Project-2025/Thesis_Project/Content/Room/textures/T_Fabric2_N.ubulk" 2615
"C:/Users/Margarida/Desktop/Thesis-Project-2025/Thesis_Project/Content/Room/textures/T_Fabric2_N.uasset" 2616
"C:/Users/Margarida/Desktop/Thesis-Project-2025/Thesis_Project/Content/Room/textures/T_Fabric2_N.uexp" 2617
"C:/Users/Margarida/Desktop/Thesis-Project-2025/Thesis_Project/Content/Room/textures/T_Fabric2_BC.uasset" 2618
"C:/Users/Margarida/Desktop/Thesis-Project-2025/Thesis_Project/Content/Room/textures/T_Fabric2_BC.uexp" 2619
"C:/Users/Margarida/Desktop/Thesis-Project-2025/Thesis_Project/Content/Room/Materials/MI_GrayPatFabric.uasset" 2620
"C:/Users/Margarida/Desktop/Thesis-Project-2025/Thesis_Project/Content/Room/Materials/MI_GrayPatFabric.uexp" 2621
"C:/Users/Margarida/Desktop/Thesis-Project-2025/Thesis_Project/Content/Room/Materials/MI_GrayPatFabric2.uasset" 2622
"C:/Users/Margarida/Desktop/Thesis-Project-2025/Thesis_Project/Content/Room/Materials/MI_GrayPatFabric2.uexp" 2623
"C:/Users/Margarida/Desktop/Thesis-Project-2025/Thesis_Project/Content/Room/Materials/MI_GraySemiGloss.uasset" 2624
"C:/Users/Margarida/Desktop/Thesis-Project-2025/Thesis_Project/Content/Room/Materials/MI_GraySemiGloss.uexp" 2625
"C:/Users/Margarida/Desktop/Thesis-Project-2025/Thesis_Project/Content/Room/textures/T_WoodShelf_BC.ubulk" 2626
"C:/Users/Margarida/Desktop/Thesis-Project-2025/Thesis_Project/Content/Room/textures/T_WoodShelf_BC.uasset" 2627
"C:/Users/Margarida/Desktop/Thesis-Project-2025/Thesis_Project/Content/Room/textures/T_WoodShelf_BC.uexp" 2628
"C:/Users/Margarida/Desktop/Thesis-Project-2025/Thesis_Project/Content/Room/Materials/MI_WoodShelf.uasset" 2629
"C:/Users/Margarida/Desktop/Thesis-Project-2025/Thesis_Project/Content/Room/Materials/MI_WoodShelf.uexp" 2630
"C:/Users/Margarida/Desktop/Thesis-Project-2025/Thesis_Project/Content/Room/textures/T_WoodShelf2_R.ubulk" 2631
"C:/Users/Margarida/Desktop/Thesis-Project-2025/Thesis_Project/Content/Room/textures/T_WoodShelf2_R.uasset" 2632
"C:/Users/Margarida/Desktop/Thesis-Project-2025/Thesis_Project/Content/Room/textures/T_WoodShelf2_R.uexp" 2633
"C:/Users/Margarida/Desktop/Thesis-Project-2025/Thesis_Project/Content/Room/textures/T_WoodShelf2_N.ubulk" 2634
"C:/Users/Margarida/Desktop/Thesis-Project-2025/Thesis_Project/Content/Room/textures/T_WoodShelf2_N.uasset" 2635
"C:/Users/Margarida/Desktop/Thesis-Project-2025/Thesis_Project/Content/Room/textures/T_WoodShelf2_N.uexp" 2636
"C:/Users/Margarida/Desktop/Thesis-Project-2025/Thesis_Project/Content/Room/textures/T_WoodShelf2_BC.ubulk" 2637
"C:/Users/Margarida/Desktop/Thesis-Project-2025/Thesis_Project/Content/Room/textures/T_WoodShelf2_BC.uasset" 2638
"C:/Users/Margarida/Desktop/Thesis-Project-2025/Thesis_Project/Content/Room/textures/T_WoodShelf2_BC.uexp" 2639
"C:/Users/Margarida/Desktop/Thesis-Project-2025/Thesis_Project/Content/Room/Materials/MI_LadderShelfWood.uasset" 2640
"C:/Users/Margarida/Desktop/Thesis-Project-2025/Thesis_Project/Content/Room/Materials/MI_LadderShelfWood.uexp" 2641
"C:/Users/Margarida/Desktop/Thesis-Project-2025/Thesis_Project/Content/Room/Materials/MI_LightGrayMatte.uasset" 2642
"C:/Users/Margarida/Desktop/Thesis-Project-2025/Thesis_Project/Content/Room/Materials/MI_LightGrayMatte.uexp" 2643
"C:/Users/Margarida/Desktop/Thesis-Project-2025/Thesis_Project/Content/Room/textures/T_ArchVis2_BC.ubulk" 2644
"C:/Users/Margarida/Desktop/Thesis-Project-2025/Thesis_Project/Content/Room/textures/T_ArchVis2_BC.uasset" 2645
"C:/Users/Margarida/Desktop/Thesis-Project-2025/Thesis_Project/Content/Room/textures/T_ArchVis2_BC.uexp" 2646
"C:/Users/Margarida/Desktop/Thesis-Project-2025/Thesis_Project/Content/Room/Materials/MI_LivingFrame_AV.uasset" 2647
"C:/Users/Margarida/Desktop/Thesis-Project-2025/Thesis_Project/Content/Room/Materials/MI_LivingFrame_AV.uexp" 2648
"C:/Users/Margarida/Desktop/Thesis-Project-2025/Thesis_Project/Content/Room/textures/T_ArchVis_BC.ubulk" 2649
"C:/Users/Margarida/Desktop/Thesis-Project-2025/Thesis_Project/Content/Room/textures/T_ArchVis_BC.uasset" 2650
"C:/Users/Margarida/Desktop/Thesis-Project-2025/Thesis_Project/Content/Room/textures/T_ArchVis_BC.uexp" 2651
"C:/Users/Margarida/Desktop/Thesis-Project-2025/Thesis_Project/Content/Room/Materials/MI_LivingFrame_AV2.uasset" 2652
"C:/Users/Margarida/Desktop/Thesis-Project-2025/Thesis_Project/Content/Room/Materials/MI_LivingFrame_AV2.uexp" 2653
"C:/Users/Margarida/Desktop/Thesis-Project-2025/Thesis_Project/Content/Room/textures/T_Bridge_BC.ubulk" 2654
"C:/Users/Margarida/Desktop/Thesis-Project-2025/Thesis_Project/Content/Room/textures/T_Bridge_BC.uasset" 2655
"C:/Users/Margarida/Desktop/Thesis-Project-2025/Thesis_Project/Content/Room/textures/T_Bridge_BC.uexp" 2656
"C:/Users/Margarida/Desktop/Thesis-Project-2025/Thesis_Project/Content/Room/Materials/MI_LivingFrame_Bridge.uasset" 2657
"C:/Users/Margarida/Desktop/Thesis-Project-2025/Thesis_Project/Content/Room/Materials/MI_LivingFrame_Bridge.uexp" 2658
"C:/Users/Margarida/Desktop/Thesis-Project-2025/Thesis_Project/Content/Room/textures/T_Leaf3_BC.ubulk" 2659
"C:/Users/Margarida/Desktop/Thesis-Project-2025/Thesis_Project/Content/Room/textures/T_Leaf3_BC.uasset" 2660
"C:/Users/Margarida/Desktop/Thesis-Project-2025/Thesis_Project/Content/Room/textures/T_Leaf3_BC.uexp" 2661
"C:/Users/Margarida/Desktop/Thesis-Project-2025/Thesis_Project/Content/Room/Materials/MI_LivingFrame_Leaf3.uasset" 2662
"C:/Users/Margarida/Desktop/Thesis-Project-2025/Thesis_Project/Content/Room/Materials/MI_LivingFrame_Leaf3.uexp" 2663
"C:/Users/Margarida/Desktop/Thesis-Project-2025/Thesis_Project/Content/Room/Materials/MI_LivingFrame_Leaf4.uasset" 2664
"C:/Users/Margarida/Desktop/Thesis-Project-2025/Thesis_Project/Content/Room/Materials/MI_LivingFrame_Leaf4.uexp" 2665
"C:/Users/Margarida/Desktop/Thesis-Project-2025/Thesis_Project/Content/Room/textures/T_Building_BC.ubulk" 2666
"C:/Users/Margarida/Desktop/Thesis-Project-2025/Thesis_Project/Content/Room/textures/T_Building_BC.uasset" 2667
"C:/Users/Margarida/Desktop/Thesis-Project-2025/Thesis_Project/Content/Room/textures/T_Building_BC.uexp" 2668
"C:/Users/Margarida/Desktop/Thesis-Project-2025/Thesis_Project/Content/Room/Materials/MI_LivingFrame_Building.uasset" 2669
"C:/Users/Margarida/Desktop/Thesis-Project-2025/Thesis_Project/Content/Room/Materials/MI_LivingFrame_Building.uexp" 2670
"C:/Users/Margarida/Desktop/Thesis-Project-2025/Thesis_Project/Content/Room/textures/T_Cat_BC.uasset" 2671
"C:/Users/Margarida/Desktop/Thesis-Project-2025/Thesis_Project/Content/Room/textures/T_Cat_BC.uexp" 2672
"C:/Users/Margarida/Desktop/Thesis-Project-2025/Thesis_Project/Content/Room/Materials/MI_LivingFrame_Cat.uasset" 2673
"C:/Users/Margarida/Desktop/Thesis-Project-2025/Thesis_Project/Content/Room/Materials/MI_LivingFrame_Cat.uexp" 2674
"C:/Users/Margarida/Desktop/Thesis-Project-2025/Thesis_Project/Content/Room/textures/T_Dog_BC.ubulk" 2675
"C:/Users/Margarida/Desktop/Thesis-Project-2025/Thesis_Project/Content/Room/textures/T_Dog_BC.uasset" 2676
"C:/Users/Margarida/Desktop/Thesis-Project-2025/Thesis_Project/Content/Room/textures/T_Dog_BC.uexp" 2677
"C:/Users/Margarida/Desktop/Thesis-Project-2025/Thesis_Project/Content/Room/Materials/MI_LivingFrame_Dog.uasset" 2678
"C:/Users/Margarida/Desktop/Thesis-Project-2025/Thesis_Project/Content/Room/Materials/MI_LivingFrame_Dog.uexp" 2679
"C:/Users/Margarida/Desktop/Thesis-Project-2025/Thesis_Project/Content/Room/textures/T_MarbleTan_R.ubulk" 2680
"C:/Users/Margarida/Desktop/Thesis-Project-2025/Thesis_Project/Content/Room/textures/T_MarbleTan_R.uasset" 2681
"C:/Users/Margarida/Desktop/Thesis-Project-2025/Thesis_Project/Content/Room/textures/T_MarbleTan_R.uexp" 2682
"C:/Users/Margarida/Desktop/Thesis-Project-2025/Thesis_Project/Content/Room/textures/T_MarbleTan_N.ubulk" 2683
"C:/Users/Margarida/Desktop/Thesis-Project-2025/Thesis_Project/Content/Room/textures/T_MarbleTan_N.uasset" 2684
"C:/Users/Margarida/Desktop/Thesis-Project-2025/Thesis_Project/Content/Room/textures/T_MarbleTan_N.uexp" 2685
"C:/Users/Margarida/Desktop/Thesis-Project-2025/Thesis_Project/Content/Room/textures/T_MarbleTan_BC.ubulk" 2686
"C:/Users/Margarida/Desktop/Thesis-Project-2025/Thesis_Project/Content/Room/textures/T_MarbleTan_BC.uasset" 2687
"C:/Users/Margarida/Desktop/Thesis-Project-2025/Thesis_Project/Content/Room/textures/T_MarbleTan_BC.uexp" 2688
"C:/Users/Margarida/Desktop/Thesis-Project-2025/Thesis_Project/Content/Room/Materials/MI_Marble_Tan.uasset" 2689
"C:/Users/Margarida/Desktop/Thesis-Project-2025/Thesis_Project/Content/Room/Materials/MI_Marble_Tan.uexp" 2690
"C:/Users/Margarida/Desktop/Thesis-Project-2025/Thesis_Project/Content/Room/textures/T_MarbleWhite_R.ubulk" 2691
"C:/Users/Margarida/Desktop/Thesis-Project-2025/Thesis_Project/Content/Room/textures/T_MarbleWhite_R.uasset" 2692
"C:/Users/Margarida/Desktop/Thesis-Project-2025/Thesis_Project/Content/Room/textures/T_MarbleWhite_R.uexp" 2693
"C:/Users/Margarida/Desktop/Thesis-Project-2025/Thesis_Project/Content/Room/textures/T_MarbleWhite_N.ubulk" 2694
"C:/Users/Margarida/Desktop/Thesis-Project-2025/Thesis_Project/Content/Room/textures/T_MarbleWhite_N.uasset" 2695
"C:/Users/Margarida/Desktop/Thesis-Project-2025/Thesis_Project/Content/Room/textures/T_MarbleWhite_N.uexp" 2696
"C:/Users/Margarida/Desktop/Thesis-Project-2025/Thesis_Project/Content/Room/textures/T_MarbleWhite_BC.ubulk" 2697
"C:/Users/Margarida/Desktop/Thesis-Project-2025/Thesis_Project/Content/Room/textures/T_MarbleWhite_BC.uasset" 2698
"C:/Users/Margarida/Desktop/Thesis-Project-2025/Thesis_Project/Content/Room/textures/T_MarbleWhite_BC.uexp" 2699
"C:/Users/Margarida/Desktop/Thesis-Project-2025/Thesis_Project/Content/Room/Materials/MI_Marble_White.uasset" 2700
"C:/Users/Margarida/Desktop/Thesis-Project-2025/Thesis_Project/Content/Room/Materials/MI_Marble_White.uexp" 2701
"C:/Users/Margarida/Desktop/Thesis-Project-2025/Thesis_Project/Content/Room/textures/T_Newspaper_BC.ubulk" 2702
"C:/Users/Margarida/Desktop/Thesis-Project-2025/Thesis_Project/Content/Room/textures/T_Newspaper_BC.uasset" 2703
"C:/Users/Margarida/Desktop/Thesis-Project-2025/Thesis_Project/Content/Room/textures/T_Newspaper_BC.uexp" 2704
"C:/Users/Margarida/Desktop/Thesis-Project-2025/Thesis_Project/Content/Room/Materials/MI_Newspaper.uasset" 2705
"C:/Users/Margarida/Desktop/Thesis-Project-2025/Thesis_Project/Content/Room/Materials/MI_Newspaper.uexp" 2706
"C:/Users/Margarida/Desktop/Thesis-Project-2025/Thesis_Project/Content/Room/Materials/MI_PeachPatFabric.uasset" 2707
"C:/Users/Margarida/Desktop/Thesis-Project-2025/Thesis_Project/Content/Room/Materials/MI_PeachPatFabric.uexp" 2708
"C:/Users/Margarida/Desktop/Thesis-Project-2025/Thesis_Project/Content/Room/Materials/MI_WhiteFlat1.uasset" 2709
"C:/Users/Margarida/Desktop/Thesis-Project-2025/Thesis_Project/Content/Room/Materials/MI_WhiteFlat1.uexp" 2710
"C:/Users/Margarida/Desktop/Thesis-Project-2025/Thesis_Project/Content/Room/textures/T_Cat2_BC.ubulk" 2711
"C:/Users/Margarida/Desktop/Thesis-Project-2025/Thesis_Project/Content/Room/textures/T_Cat2_BC.uasset" 2712
"C:/Users/Margarida/Desktop/Thesis-Project-2025/Thesis_Project/Content/Room/textures/T_Cat2_BC.uexp" 2713
"C:/Users/Margarida/Desktop/Thesis-Project-2025/Thesis_Project/Content/Room/Materials/MI_Picture_Cat.uasset" 2714
"C:/Users/Margarida/Desktop/Thesis-Project-2025/Thesis_Project/Content/Room/Materials/MI_Picture_Cat.uexp" 2715
"C:/Users/Margarida/Desktop/Thesis-Project-2025/Thesis_Project/Content/Room/textures/T_Street_BC.ubulk" 2716
"C:/Users/Margarida/Desktop/Thesis-Project-2025/Thesis_Project/Content/Room/textures/T_Street_BC.uasset" 2717
"C:/Users/Margarida/Desktop/Thesis-Project-2025/Thesis_Project/Content/Room/textures/T_Street_BC.uexp" 2718
"C:/Users/Margarida/Desktop/Thesis-Project-2025/Thesis_Project/Content/Room/Materials/MI_Picture_Street.uasset" 2719
"C:/Users/Margarida/Desktop/Thesis-Project-2025/Thesis_Project/Content/Room/Materials/MI_Picture_Street.uexp" 2720
"C:/Users/Margarida/Desktop/Thesis-Project-2025/Thesis_Project/Content/Room/Materials/MI_PorcelainWhite.uasset" 2721
"C:/Users/Margarida/Desktop/Thesis-Project-2025/Thesis_Project/Content/Room/Materials/MI_PorcelainWhite.uexp" 2722
"C:/Users/Margarida/Desktop/Thesis-Project-2025/Thesis_Project/Content/Room/textures/T_Rug1_RMA.ubulk" 2723
"C:/Users/Margarida/Desktop/Thesis-Project-2025/Thesis_Project/Content/Room/textures/T_Rug1_RMA.uasset" 2724
"C:/Users/Margarida/Desktop/Thesis-Project-2025/Thesis_Project/Content/Room/textures/T_Rug1_RMA.uexp" 2725
"C:/Users/Margarida/Desktop/Thesis-Project-2025/Thesis_Project/Content/Room/textures/T_Rug1_N.ubulk" 2726
"C:/Users/Margarida/Desktop/Thesis-Project-2025/Thesis_Project/Content/Room/textures/T_Rug1_N.uasset" 2727
"C:/Users/Margarida/Desktop/Thesis-Project-2025/Thesis_Project/Content/Room/textures/T_Rug1_N.uexp" 2728
"C:/Users/Margarida/Desktop/Thesis-Project-2025/Thesis_Project/Content/Room/textures/T_Rug1_BC.ubulk" 2729
"C:/Users/Margarida/Desktop/Thesis-Project-2025/Thesis_Project/Content/Room/textures/T_Rug1_BC.uasset" 2730
"C:/Users/Margarida/Desktop/Thesis-Project-2025/Thesis_Project/Content/Room/textures/T_Rug1_BC.uexp" 2731
"C:/Users/Margarida/Desktop/Thesis-Project-2025/Thesis_Project/Content/Room/Materials/MI_Rug.uasset" 2732
"C:/Users/Margarida/Desktop/Thesis-Project-2025/Thesis_Project/Content/Room/Materials/MI_Rug.uexp" 2733
"C:/Users/Margarida/Desktop/Thesis-Project-2025/Thesis_Project/Content/Room/textures/T_Rug2_RMA.ubulk" 2734
"C:/Users/Margarida/Desktop/Thesis-Project-2025/Thesis_Project/Content/Room/textures/T_Rug2_RMA.uasset" 2735
"C:/Users/Margarida/Desktop/Thesis-Project-2025/Thesis_Project/Content/Room/textures/T_Rug2_RMA.uexp" 2736
"C:/Users/Margarida/Desktop/Thesis-Project-2025/Thesis_Project/Content/Room/textures/T_Rug2_N.ubulk" 2737
"C:/Users/Margarida/Desktop/Thesis-Project-2025/Thesis_Project/Content/Room/textures/T_Rug2_N.uasset" 2738
"C:/Users/Margarida/Desktop/Thesis-Project-2025/Thesis_Project/Content/Room/textures/T_Rug2_N.uexp" 2739
"C:/Users/Margarida/Desktop/Thesis-Project-2025/Thesis_Project/Content/Room/textures/T_Rug2_BC.ubulk" 2740
"C:/Users/Margarida/Desktop/Thesis-Project-2025/Thesis_Project/Content/Room/textures/T_Rug2_BC.uasset" 2741
"C:/Users/Margarida/Desktop/Thesis-Project-2025/Thesis_Project/Content/Room/textures/T_Rug2_BC.uexp" 2742
"C:/Users/Margarida/Desktop/Thesis-Project-2025/Thesis_Project/Content/Room/Materials/MI_Rug2.uasset" 2743
"C:/Users/Margarida/Desktop/Thesis-Project-2025/Thesis_Project/Content/Room/Materials/MI_Rug2.uexp" 2744
"C:/Users/Margarida/Desktop/Thesis-Project-2025/Thesis_Project/Content/Room/textures/T_Scribble_BC.ubulk" 2745
"C:/Users/Margarida/Desktop/Thesis-Project-2025/Thesis_Project/Content/Room/textures/T_Scribble_BC.uasset" 2746
"C:/Users/Margarida/Desktop/Thesis-Project-2025/Thesis_Project/Content/Room/textures/T_Scribble_BC.uexp" 2747
"C:/Users/Margarida/Desktop/Thesis-Project-2025/Thesis_Project/Content/Room/Materials/MI_Scribble.uasset" 2748
"C:/Users/Margarida/Desktop/Thesis-Project-2025/Thesis_Project/Content/Room/Materials/MI_Scribble.uexp" 2749
"C:/Users/Margarida/Desktop/Thesis-Project-2025/Thesis_Project/Content/Room/textures/T_Socket_N.ubulk" 2750
"C:/Users/Margarida/Desktop/Thesis-Project-2025/Thesis_Project/Content/Room/textures/T_Socket_N.uasset" 2751
"C:/Users/Margarida/Desktop/Thesis-Project-2025/Thesis_Project/Content/Room/textures/T_Socket_N.uexp" 2752
"C:/Users/Margarida/Desktop/Thesis-Project-2025/Thesis_Project/Content/Room/textures/T_Socket_M.ubulk" 2753
"C:/Users/Margarida/Desktop/Thesis-Project-2025/Thesis_Project/Content/Room/textures/T_Socket_M.uasset" 2754
"C:/Users/Margarida/Desktop/Thesis-Project-2025/Thesis_Project/Content/Room/textures/T_Socket_M.uexp" 2755
"C:/Users/Margarida/Desktop/Thesis-Project-2025/Thesis_Project/Content/Room/Materials/MI_Socket.uasset" 2756
"C:/Users/Margarida/Desktop/Thesis-Project-2025/Thesis_Project/Content/Room/Materials/MI_Socket.uexp" 2757
"C:/Users/Margarida/Desktop/Thesis-Project-2025/Thesis_Project/Content/Room/Materials/MI_SteelFrame.uasset" 2758
"C:/Users/Margarida/Desktop/Thesis-Project-2025/Thesis_Project/Content/Room/Materials/MI_SteelFrame.uexp" 2759
"C:/Users/Margarida/Desktop/Thesis-Project-2025/Thesis_Project/Content/Room/Materials/MI_TanRubber.uasset" 2760
"C:/Users/Margarida/Desktop/Thesis-Project-2025/Thesis_Project/Content/Room/Materials/MI_TanRubber.uexp" 2761
"C:/Users/Margarida/Desktop/Thesis-Project-2025/Thesis_Project/Content/Room/textures/T_UE4Bag_R.ubulk" 2762
"C:/Users/Margarida/Desktop/Thesis-Project-2025/Thesis_Project/Content/Room/textures/T_UE4Bag_R.uasset" 2763
"C:/Users/Margarida/Desktop/Thesis-Project-2025/Thesis_Project/Content/Room/textures/T_UE4Bag_R.uexp" 2764
"C:/Users/Margarida/Desktop/Thesis-Project-2025/Thesis_Project/Content/Room/textures/T_UE4Bag_N.ubulk" 2765
"C:/Users/Margarida/Desktop/Thesis-Project-2025/Thesis_Project/Content/Room/textures/T_UE4Bag_N.uasset" 2766
"C:/Users/Margarida/Desktop/Thesis-Project-2025/Thesis_Project/Content/Room/textures/T_UE4Bag_N.uexp" 2767
"C:/Users/Margarida/Desktop/Thesis-Project-2025/Thesis_Project/Content/Room/textures/T_UE4BagTeal_BC.ubulk" 2768
"C:/Users/Margarida/Desktop/Thesis-Project-2025/Thesis_Project/Content/Room/textures/T_UE4BagTeal_BC.uasset" 2769
"C:/Users/Margarida/Desktop/Thesis-Project-2025/Thesis_Project/Content/Room/textures/T_UE4BagTeal_BC.uexp" 2770
"C:/Users/Margarida/Desktop/Thesis-Project-2025/Thesis_Project/Content/Room/Materials/MI_UE4Bag.uasset" 2771
"C:/Users/Margarida/Desktop/Thesis-Project-2025/Thesis_Project/Content/Room/Materials/MI_UE4Bag.uexp" 2772
"C:/Users/Margarida/Desktop/Thesis-Project-2025/Thesis_Project/Content/Room/Materials/MI_Wall1.uasset" 2773
"C:/Users/Margarida/Desktop/Thesis-Project-2025/Thesis_Project/Content/Room/Materials/MI_Wall1.uexp" 2774
"C:/Users/Margarida/Desktop/Thesis-Project-2025/Thesis_Project/Content/Room/Materials/MI_Wall1FRONTDOOR.uasset" 2775
"C:/Users/Margarida/Desktop/Thesis-Project-2025/Thesis_Project/Content/Room/Materials/MI_Wall1FRONTDOOR.uexp" 2776
"C:/Users/Margarida/Desktop/Thesis-Project-2025/Thesis_Project/Content/Room/textures/T_Wall_RMA.ubulk" 2777
"C:/Users/Margarida/Desktop/Thesis-Project-2025/Thesis_Project/Content/Room/textures/T_Wall_RMA.uasset" 2778
"C:/Users/Margarida/Desktop/Thesis-Project-2025/Thesis_Project/Content/Room/textures/T_Wall_RMA.uexp" 2779
"C:/Users/Margarida/Desktop/Thesis-Project-2025/Thesis_Project/Content/Room/Materials/MI_Wall_Accent.uasset" 2780
"C:/Users/Margarida/Desktop/Thesis-Project-2025/Thesis_Project/Content/Room/Materials/MI_Wall_Accent.uexp" 2781
"C:/Users/Margarida/Desktop/Thesis-Project-2025/Thesis_Project/Content/Room/Materials/MI_WhiteDoor.uasset" 2782
"C:/Users/Margarida/Desktop/Thesis-Project-2025/Thesis_Project/Content/Room/Materials/MI_WhiteDoor.uexp" 2783
"C:/Users/Margarida/Desktop/Thesis-Project-2025/Thesis_Project/Content/Room/Materials/MI_WhiteSemiMatte.uasset" 2784
"C:/Users/Margarida/Desktop/Thesis-Project-2025/Thesis_Project/Content/Room/Materials/MI_WhiteSemiMatte.uexp" 2785
"C:/Users/Margarida/Desktop/Thesis-Project-2025/Thesis_Project/Content/Room/Materials/MI_WindowInside.uasset" 2786
"C:/Users/Margarida/Desktop/Thesis-Project-2025/Thesis_Project/Content/Room/Materials/MI_WindowInside.uexp" 2787
"C:/Users/Margarida/Desktop/Thesis-Project-2025/Thesis_Project/Content/Room/textures/T_Wood_RMA.ubulk" 2788
"C:/Users/Margarida/Desktop/Thesis-Project-2025/Thesis_Project/Content/Room/textures/T_Wood_RMA.uasset" 2789
"C:/Users/Margarida/Desktop/Thesis-Project-2025/Thesis_Project/Content/Room/textures/T_Wood_RMA.uexp" 2790
"C:/Users/Margarida/Desktop/Thesis-Project-2025/Thesis_Project/Content/Room/textures/T_Wood_N.ubulk" 2791
"C:/Users/Margarida/Desktop/Thesis-Project-2025/Thesis_Project/Content/Room/textures/T_Wood_N.uasset" 2792
"C:/Users/Margarida/Desktop/Thesis-Project-2025/Thesis_Project/Content/Room/textures/T_Wood_N.uexp" 2793
"C:/Users/Margarida/Desktop/Thesis-Project-2025/Thesis_Project/Content/Room/textures/T_Wood_BC.ubulk" 2794
"C:/Users/Margarida/Desktop/Thesis-Project-2025/Thesis_Project/Content/Room/textures/T_Wood_BC.uasset" 2795
"C:/Users/Margarida/Desktop/Thesis-Project-2025/Thesis_Project/Content/Room/textures/T_Wood_BC.uexp" 2796
"C:/Users/Margarida/Desktop/Thesis-Project-2025/Thesis_Project/Content/Room/Materials/MI_Wood1.uasset" 2797
"C:/Users/Margarida/Desktop/Thesis-Project-2025/Thesis_Project/Content/Room/Materials/MI_Wood1.uexp" 2798
"C:/Users/Margarida/Desktop/Thesis-Project-2025/Thesis_Project/Content/Room/Materials/MI_Wood2.uasset" 2799
"C:/Users/Margarida/Desktop/Thesis-Project-2025/Thesis_Project/Content/Room/Materials/MI_Wood2.uexp" 2800
"C:/Users/Margarida/Desktop/Thesis-Project-2025/Thesis_Project/Content/Room/Materials/MI_Wood3.uasset" 2801
"C:/Users/Margarida/Desktop/Thesis-Project-2025/Thesis_Project/Content/Room/Materials/MI_Wood3.uexp" 2802
"C:/Users/Margarida/Desktop/Thesis-Project-2025/Thesis_Project/Content/Room/Materials/MI_Wood4.uasset" 2803
"C:/Users/Margarida/Desktop/Thesis-Project-2025/Thesis_Project/Content/Room/Materials/MI_Wood4.uexp" 2804
"C:/Users/Margarida/Desktop/Thesis-Project-2025/Thesis_Project/Content/Room/textures/T_WoodVeneer2_R.ubulk" 2805
"C:/Users/Margarida/Desktop/Thesis-Project-2025/Thesis_Project/Content/Room/textures/T_WoodVeneer2_R.uasset" 2806
"C:/Users/Margarida/Desktop/Thesis-Project-2025/Thesis_Project/Content/Room/textures/T_WoodVeneer2_R.uexp" 2807
"C:/Users/Margarida/Desktop/Thesis-Project-2025/Thesis_Project/Content/Room/textures/T_WoodVeneer2_N.ubulk" 2808
"C:/Users/Margarida/Desktop/Thesis-Project-2025/Thesis_Project/Content/Room/textures/T_WoodVeneer2_N.uasset" 2809
"C:/Users/Margarida/Desktop/Thesis-Project-2025/Thesis_Project/Content/Room/textures/T_WoodVeneer2_N.uexp" 2810
"C:/Users/Margarida/Desktop/Thesis-Project-2025/Thesis_Project/Content/Room/textures/T_WoodVeneer2_BC.ubulk" 2811
"C:/Users/Margarida/Desktop/Thesis-Project-2025/Thesis_Project/Content/Room/textures/T_WoodVeneer2_BC.uasset" 2812
"C:/Users/Margarida/Desktop/Thesis-Project-2025/Thesis_Project/Content/Room/textures/T_WoodVeneer2_BC.uexp" 2813
"C:/Users/Margarida/Desktop/Thesis-Project-2025/Thesis_Project/Content/Room/textures/T_WoodVeneer_BC.ubulk" 2814
"C:/Users/Margarida/Desktop/Thesis-Project-2025/Thesis_Project/Content/Room/textures/T_WoodVeneer_BC.uasset" 2815
"C:/Users/Margarida/Desktop/Thesis-Project-2025/Thesis_Project/Content/Room/textures/T_WoodVeneer_BC.uexp" 2816
"C:/Users/Margarida/Desktop/Thesis-Project-2025/Thesis_Project/Content/Room/Materials/MI_WoodVeneer.uasset" 2817
"C:/Users/Margarida/Desktop/Thesis-Project-2025/Thesis_Project/Content/Room/Materials/MI_WoodVeneer.uexp" 2818
"C:/Users/Margarida/Desktop/Thesis-Project-2025/Thesis_Project/Content/Room/Materials/MI_WoodVeneer2.uasset" 2819
"C:/Users/Margarida/Desktop/Thesis-Project-2025/Thesis_Project/Content/Room/Materials/MI_WoodVeneer2.uexp" 2820
"C:/Users/Margarida/Desktop/Thesis-Project-2025/Thesis_Project/Content/Room/Materials/MI_Yellow.uasset" 2821
"C:/Users/Margarida/Desktop/Thesis-Project-2025/Thesis_Project/Content/Room/Materials/MI_Yellow.uexp" 2822
"C:/Users/Margarida/Desktop/Thesis-Project-2025/Thesis_Project/Content/Room/Meshes/SM_4.ubulk" 2823
"C:/Users/Margarida/Desktop/Thesis-Project-2025/Thesis_Project/Content/Room/Meshes/SM_4.uasset" 2824
"C:/Users/Margarida/Desktop/Thesis-Project-2025/Thesis_Project/Content/Room/Meshes/SM_4.uexp" 2825
"C:/Users/Margarida/Desktop/Thesis-Project-2025/Thesis_Project/Content/Room/Meshes/SM_Apple.ubulk" 2826
"C:/Users/Margarida/Desktop/Thesis-Project-2025/Thesis_Project/Content/Room/Meshes/SM_Apple.uasset" 2827
"C:/Users/Margarida/Desktop/Thesis-Project-2025/Thesis_Project/Content/Room/Meshes/SM_Apple.uexp" 2828
"C:/Users/Margarida/Desktop/Thesis-Project-2025/Thesis_Project/Content/Room/Meshes/SM_Basket.ubulk" 2829
"C:/Users/Margarida/Desktop/Thesis-Project-2025/Thesis_Project/Content/Room/Meshes/SM_Basket.uasset" 2830
"C:/Users/Margarida/Desktop/Thesis-Project-2025/Thesis_Project/Content/Room/Meshes/SM_Basket.uexp" 2831
"C:/Users/Margarida/Desktop/Thesis-Project-2025/Thesis_Project/Content/Room/Meshes/SM_Blinds_01.ubulk" 2832
"C:/Users/Margarida/Desktop/Thesis-Project-2025/Thesis_Project/Content/Room/Meshes/SM_Blinds_01.uasset" 2833
"C:/Users/Margarida/Desktop/Thesis-Project-2025/Thesis_Project/Content/Room/Meshes/SM_Blinds_01.uexp" 2834
"C:/Users/Margarida/Desktop/Thesis-Project-2025/Thesis_Project/Content/Room/Meshes/SM_Blinds_02.ubulk" 2835
"C:/Users/Margarida/Desktop/Thesis-Project-2025/Thesis_Project/Content/Room/Meshes/SM_Blinds_02.uasset" 2836
"C:/Users/Margarida/Desktop/Thesis-Project-2025/Thesis_Project/Content/Room/Meshes/SM_Blinds_02.uexp" 2837
"C:/Users/Margarida/Desktop/Thesis-Project-2025/Thesis_Project/Content/Room/Meshes/SM_Blinds_03.ubulk" 2838
"C:/Users/Margarida/Desktop/Thesis-Project-2025/Thesis_Project/Content/Room/Meshes/SM_Blinds_03.uasset" 2839
"C:/Users/Margarida/Desktop/Thesis-Project-2025/Thesis_Project/Content/Room/Meshes/SM_Blinds_03.uexp" 2840
"C:/Users/Margarida/Desktop/Thesis-Project-2025/Thesis_Project/Content/Room/Meshes/SM_Blinds_04.ubulk" 2841
"C:/Users/Margarida/Desktop/Thesis-Project-2025/Thesis_Project/Content/Room/Meshes/SM_Blinds_04.uasset" 2842
"C:/Users/Margarida/Desktop/Thesis-Project-2025/Thesis_Project/Content/Room/Meshes/SM_Blinds_04.uexp" 2843
"C:/Users/Margarida/Desktop/Thesis-Project-2025/Thesis_Project/Content/Room/Meshes/SM_Book_01.ubulk" 2844
"C:/Users/Margarida/Desktop/Thesis-Project-2025/Thesis_Project/Content/Room/Meshes/SM_Book_01.uasset" 2845
"C:/Users/Margarida/Desktop/Thesis-Project-2025/Thesis_Project/Content/Room/Meshes/SM_Book_01.uexp" 2846
"C:/Users/Margarida/Desktop/Thesis-Project-2025/Thesis_Project/Content/Room/Meshes/SM_Book_02.ubulk" 2847
"C:/Users/Margarida/Desktop/Thesis-Project-2025/Thesis_Project/Content/Room/Meshes/SM_Book_02.uasset" 2848
"C:/Users/Margarida/Desktop/Thesis-Project-2025/Thesis_Project/Content/Room/Meshes/SM_Book_02.uexp" 2849
"C:/Users/Margarida/Desktop/Thesis-Project-2025/Thesis_Project/Content/Room/Meshes/SM_Book_03.ubulk" 2850
"C:/Users/Margarida/Desktop/Thesis-Project-2025/Thesis_Project/Content/Room/Meshes/SM_Book_03.uasset" 2851
"C:/Users/Margarida/Desktop/Thesis-Project-2025/Thesis_Project/Content/Room/Meshes/SM_Book_03.uexp" 2852
"C:/Users/Margarida/Desktop/Thesis-Project-2025/Thesis_Project/Content/Room/Meshes/SM_Book_04.ubulk" 2853
"C:/Users/Margarida/Desktop/Thesis-Project-2025/Thesis_Project/Content/Room/Meshes/SM_Book_04.uasset" 2854
"C:/Users/Margarida/Desktop/Thesis-Project-2025/Thesis_Project/Content/Room/Meshes/SM_Book_04.uexp" 2855
"C:/Users/Margarida/Desktop/Thesis-Project-2025/Thesis_Project/Content/Room/Meshes/SM_Book_05.ubulk" 2856
"C:/Users/Margarida/Desktop/Thesis-Project-2025/Thesis_Project/Content/Room/Meshes/SM_Book_05.uasset" 2857
"C:/Users/Margarida/Desktop/Thesis-Project-2025/Thesis_Project/Content/Room/Meshes/SM_Book_05.uexp" 2858
"C:/Users/Margarida/Desktop/Thesis-Project-2025/Thesis_Project/Content/Room/Meshes/SM_Book_06.ubulk" 2859
"C:/Users/Margarida/Desktop/Thesis-Project-2025/Thesis_Project/Content/Room/Meshes/SM_Book_06.uasset" 2860
"C:/Users/Margarida/Desktop/Thesis-Project-2025/Thesis_Project/Content/Room/Meshes/SM_Book_06.uexp" 2861
"C:/Users/Margarida/Desktop/Thesis-Project-2025/Thesis_Project/Content/Room/Meshes/SM_Bowl_01.ubulk" 2862
"C:/Users/Margarida/Desktop/Thesis-Project-2025/Thesis_Project/Content/Room/Meshes/SM_Bowl_01.uasset" 2863
"C:/Users/Margarida/Desktop/Thesis-Project-2025/Thesis_Project/Content/Room/Meshes/SM_Bowl_01.uexp" 2864
"C:/Users/Margarida/Desktop/Thesis-Project-2025/Thesis_Project/Content/Room/Meshes/SM_Box_01.ubulk" 2865
"C:/Users/Margarida/Desktop/Thesis-Project-2025/Thesis_Project/Content/Room/Meshes/SM_Box_01.uasset" 2866
"C:/Users/Margarida/Desktop/Thesis-Project-2025/Thesis_Project/Content/Room/Meshes/SM_Box_01.uexp" 2867
"C:/Users/Margarida/Desktop/Thesis-Project-2025/Thesis_Project/Content/Room/Meshes/SM_BoxLid_01.ubulk" 2868
"C:/Users/Margarida/Desktop/Thesis-Project-2025/Thesis_Project/Content/Room/Meshes/SM_BoxLid_01.uasset" 2869
"C:/Users/Margarida/Desktop/Thesis-Project-2025/Thesis_Project/Content/Room/Meshes/SM_BoxLid_01.uexp" 2870
"C:/Users/Margarida/Desktop/Thesis-Project-2025/Thesis_Project/Content/Room/Meshes/SM_Candle.ubulk" 2871
"C:/Users/Margarida/Desktop/Thesis-Project-2025/Thesis_Project/Content/Room/Meshes/SM_Candle.uasset" 2872
"C:/Users/Margarida/Desktop/Thesis-Project-2025/Thesis_Project/Content/Room/Meshes/SM_Candle.uexp" 2873
"C:/Users/Margarida/Desktop/Thesis-Project-2025/Thesis_Project/Content/Room/Meshes/SM_CandleStick.ubulk" 2874
"C:/Users/Margarida/Desktop/Thesis-Project-2025/Thesis_Project/Content/Room/Meshes/SM_CandleStick.uasset" 2875
"C:/Users/Margarida/Desktop/Thesis-Project-2025/Thesis_Project/Content/Room/Meshes/SM_CandleStick.uexp" 2876
"C:/Users/Margarida/Desktop/Thesis-Project-2025/Thesis_Project/Content/Room/Meshes/SM_Coat.ubulk" 2877
"C:/Users/Margarida/Desktop/Thesis-Project-2025/Thesis_Project/Content/Room/Meshes/SM_Coat.uasset" 2878
"C:/Users/Margarida/Desktop/Thesis-Project-2025/Thesis_Project/Content/Room/Meshes/SM_Coat.uexp" 2879
"C:/Users/Margarida/Desktop/Thesis-Project-2025/Thesis_Project/Content/Room/Meshes/SM_CoatRack.ubulk" 2880
"C:/Users/Margarida/Desktop/Thesis-Project-2025/Thesis_Project/Content/Room/Meshes/SM_CoatRack.uasset" 2881
"C:/Users/Margarida/Desktop/Thesis-Project-2025/Thesis_Project/Content/Room/Meshes/SM_CoatRack.uexp" 2882
"C:/Users/Margarida/Desktop/Thesis-Project-2025/Thesis_Project/Content/Room/Meshes/SM_CoffeeTable.ubulk" 2883
"C:/Users/Margarida/Desktop/Thesis-Project-2025/Thesis_Project/Content/Room/Meshes/SM_CoffeeTable.uasset" 2884
"C:/Users/Margarida/Desktop/Thesis-Project-2025/Thesis_Project/Content/Room/Meshes/SM_CoffeeTable.uexp" 2885
"C:/Users/Margarida/Desktop/Thesis-Project-2025/Thesis_Project/Content/Room/Meshes/SM_Couch.ubulk" 2886
"C:/Users/Margarida/Desktop/Thesis-Project-2025/Thesis_Project/Content/Room/Meshes/SM_Couch.uasset" 2887
"C:/Users/Margarida/Desktop/Thesis-Project-2025/Thesis_Project/Content/Room/Meshes/SM_Couch.uexp" 2888
"C:/Users/Margarida/Desktop/Thesis-Project-2025/Thesis_Project/Content/Room/Meshes/SM_CurtainBack.ubulk" 2889
"C:/Users/Margarida/Desktop/Thesis-Project-2025/Thesis_Project/Content/Room/Meshes/SM_CurtainBack.uasset" 2890
"C:/Users/Margarida/Desktop/Thesis-Project-2025/Thesis_Project/Content/Room/Meshes/SM_CurtainBack.uexp" 2891
"C:/Users/Margarida/Desktop/Thesis-Project-2025/Thesis_Project/Content/Room/Meshes/SM_CurtainFront.ubulk" 2892
"C:/Users/Margarida/Desktop/Thesis-Project-2025/Thesis_Project/Content/Room/Meshes/SM_CurtainFront.uasset" 2893
"C:/Users/Margarida/Desktop/Thesis-Project-2025/Thesis_Project/Content/Room/Meshes/SM_CurtainFront.uexp" 2894
"C:/Users/Margarida/Desktop/Thesis-Project-2025/Thesis_Project/Content/Room/Meshes/SM_DiningChair_01.ubulk" 2895
"C:/Users/Margarida/Desktop/Thesis-Project-2025/Thesis_Project/Content/Room/Meshes/SM_DiningChair_01.uasset" 2896
"C:/Users/Margarida/Desktop/Thesis-Project-2025/Thesis_Project/Content/Room/Meshes/SM_DiningChair_01.uexp" 2897
"C:/Users/Margarida/Desktop/Thesis-Project-2025/Thesis_Project/Content/Room/Meshes/SM_DiningRoomRug.ubulk" 2898
"C:/Users/Margarida/Desktop/Thesis-Project-2025/Thesis_Project/Content/Room/Meshes/SM_DiningRoomRug.uasset" 2899
"C:/Users/Margarida/Desktop/Thesis-Project-2025/Thesis_Project/Content/Room/Meshes/SM_DiningRoomRug.uexp" 2900
"C:/Users/Margarida/Desktop/Thesis-Project-2025/Thesis_Project/Content/Room/Meshes/SM_DiningTable.ubulk" 2901
"C:/Users/Margarida/Desktop/Thesis-Project-2025/Thesis_Project/Content/Room/Meshes/SM_DiningTable.uasset" 2902
"C:/Users/Margarida/Desktop/Thesis-Project-2025/Thesis_Project/Content/Room/Meshes/SM_DiningTable.uexp" 2903
"C:/Users/Margarida/Desktop/Thesis-Project-2025/Thesis_Project/Content/Room/Meshes/SM_DVDPlayer.ubulk" 2904
"C:/Users/Margarida/Desktop/Thesis-Project-2025/Thesis_Project/Content/Room/Meshes/SM_DVDPlayer.uasset" 2905
"C:/Users/Margarida/Desktop/Thesis-Project-2025/Thesis_Project/Content/Room/Meshes/SM_DVDPlayer.uexp" 2906
"C:/Users/Margarida/Desktop/Thesis-Project-2025/Thesis_Project/Content/Room/Meshes/SM_E.ubulk" 2907
"C:/Users/Margarida/Desktop/Thesis-Project-2025/Thesis_Project/Content/Room/Meshes/SM_E.uasset" 2908
"C:/Users/Margarida/Desktop/Thesis-Project-2025/Thesis_Project/Content/Room/Meshes/SM_E.uexp" 2909
"C:/Users/Margarida/Desktop/Thesis-Project-2025/Thesis_Project/Content/Room/Meshes/SM_FanBar.ubulk" 2910
"C:/Users/Margarida/Desktop/Thesis-Project-2025/Thesis_Project/Content/Room/Meshes/SM_FanBar.uasset" 2911
"C:/Users/Margarida/Desktop/Thesis-Project-2025/Thesis_Project/Content/Room/Meshes/SM_FanBar.uexp" 2912
"C:/Users/Margarida/Desktop/Thesis-Project-2025/Thesis_Project/Content/Room/Meshes/SM_FanBase.ubulk" 2913
"C:/Users/Margarida/Desktop/Thesis-Project-2025/Thesis_Project/Content/Room/Meshes/SM_FanBase.uasset" 2914
"C:/Users/Margarida/Desktop/Thesis-Project-2025/Thesis_Project/Content/Room/Meshes/SM_FanBase.uexp" 2915
"C:/Users/Margarida/Desktop/Thesis-Project-2025/Thesis_Project/Content/Room/Meshes/SM_FanBody.ubulk" 2916
"C:/Users/Margarida/Desktop/Thesis-Project-2025/Thesis_Project/Content/Room/Meshes/SM_FanBody.uasset" 2917
"C:/Users/Margarida/Desktop/Thesis-Project-2025/Thesis_Project/Content/Room/Meshes/SM_FanBody.uexp" 2918
"C:/Users/Margarida/Desktop/Thesis-Project-2025/Thesis_Project/Content/Room/Meshes/SM_Frame_01.ubulk" 2919
"C:/Users/Margarida/Desktop/Thesis-Project-2025/Thesis_Project/Content/Room/Meshes/SM_Frame_01.uasset" 2920
"C:/Users/Margarida/Desktop/Thesis-Project-2025/Thesis_Project/Content/Room/Meshes/SM_Frame_01.uexp" 2921
"C:/Users/Margarida/Desktop/Thesis-Project-2025/Thesis_Project/Content/Room/textures/T_Cathedral_BC.uasset" 2922
"C:/Users/Margarida/Desktop/Thesis-Project-2025/Thesis_Project/Content/Room/textures/T_Cathedral_BC.uexp" 2923
"C:/Users/Margarida/Desktop/Thesis-Project-2025/Thesis_Project/Content/Room/Materials/MI_DiningFrame2.uasset" 2924
"C:/Users/Margarida/Desktop/Thesis-Project-2025/Thesis_Project/Content/Room/Materials/MI_DiningFrame2.uexp" 2925
"C:/Users/Margarida/Desktop/Thesis-Project-2025/Thesis_Project/Content/Room/Materials/MI_WhiteSemiMatte2.uasset" 2926
"C:/Users/Margarida/Desktop/Thesis-Project-2025/Thesis_Project/Content/Room/Materials/MI_WhiteSemiMatte2.uexp" 2927
"C:/Users/Margarida/Desktop/Thesis-Project-2025/Thesis_Project/Content/Room/Meshes/SM_Frame_03.ubulk" 2928
"C:/Users/Margarida/Desktop/Thesis-Project-2025/Thesis_Project/Content/Room/Meshes/SM_Frame_03.uasset" 2929
"C:/Users/Margarida/Desktop/Thesis-Project-2025/Thesis_Project/Content/Room/Meshes/SM_Frame_03.uexp" 2930
"C:/Users/Margarida/Desktop/Thesis-Project-2025/Thesis_Project/Content/Room/Meshes/SM_Glass_01.ubulk" 2931
"C:/Users/Margarida/Desktop/Thesis-Project-2025/Thesis_Project/Content/Room/Meshes/SM_Glass_01.uasset" 2932
"C:/Users/Margarida/Desktop/Thesis-Project-2025/Thesis_Project/Content/Room/Meshes/SM_Glass_01.uexp" 2933
"C:/Users/Margarida/Desktop/Thesis-Project-2025/Thesis_Project/Content/Room/Meshes/SM_Glass_03.ubulk" 2934
"C:/Users/Margarida/Desktop/Thesis-Project-2025/Thesis_Project/Content/Room/Meshes/SM_Glass_03.uasset" 2935
"C:/Users/Margarida/Desktop/Thesis-Project-2025/Thesis_Project/Content/Room/Meshes/SM_Glass_03.uexp" 2936
"C:/Users/Margarida/Desktop/Thesis-Project-2025/Thesis_Project/Content/Room/Meshes/SM_HangingLight.ubulk" 2937
"C:/Users/Margarida/Desktop/Thesis-Project-2025/Thesis_Project/Content/Room/Meshes/SM_HangingLight.uasset" 2938
"C:/Users/Margarida/Desktop/Thesis-Project-2025/Thesis_Project/Content/Room/Meshes/SM_HangingLight.uexp" 2939
"C:/Users/Margarida/Desktop/Thesis-Project-2025/Thesis_Project/Content/Room/Meshes/SM_Hedra_01.ubulk" 2940
"C:/Users/Margarida/Desktop/Thesis-Project-2025/Thesis_Project/Content/Room/Meshes/SM_Hedra_01.uasset" 2941
"C:/Users/Margarida/Desktop/Thesis-Project-2025/Thesis_Project/Content/Room/Meshes/SM_Hedra_01.uexp" 2942
"C:/Users/Margarida/Desktop/Thesis-Project-2025/Thesis_Project/Content/Room/Meshes/SM_Hedra_02.ubulk" 2943
"C:/Users/Margarida/Desktop/Thesis-Project-2025/Thesis_Project/Content/Room/Meshes/SM_Hedra_02.uasset" 2944
"C:/Users/Margarida/Desktop/Thesis-Project-2025/Thesis_Project/Content/Room/Meshes/SM_Hedra_02.uexp" 2945
"C:/Users/Margarida/Desktop/Thesis-Project-2025/Thesis_Project/Content/Room/Meshes/SM_Hedra_03.ubulk" 2946
"C:/Users/Margarida/Desktop/Thesis-Project-2025/Thesis_Project/Content/Room/Meshes/SM_Hedra_03.uasset" 2947
"C:/Users/Margarida/Desktop/Thesis-Project-2025/Thesis_Project/Content/Room/Meshes/SM_Hedra_03.uexp" 2948
"C:/Users/Margarida/Desktop/Thesis-Project-2025/Thesis_Project/Content/Room/Meshes/SM_LadderShelf.ubulk" 2949
"C:/Users/Margarida/Desktop/Thesis-Project-2025/Thesis_Project/Content/Room/Meshes/SM_LadderShelf.uasset" 2950
"C:/Users/Margarida/Desktop/Thesis-Project-2025/Thesis_Project/Content/Room/Meshes/SM_LadderShelf.uexp" 2951
"C:/Users/Margarida/Desktop/Thesis-Project-2025/Thesis_Project/Content/Room/Meshes/SM_LivingRoomChair.ubulk" 2952
"C:/Users/Margarida/Desktop/Thesis-Project-2025/Thesis_Project/Content/Room/Meshes/SM_LivingRoomChair.uasset" 2953
"C:/Users/Margarida/Desktop/Thesis-Project-2025/Thesis_Project/Content/Room/Meshes/SM_LivingRoomChair.uexp" 2954
"C:/Users/Margarida/Desktop/Thesis-Project-2025/Thesis_Project/Content/Room/Meshes/SM_Newspaper.ubulk" 2955
"C:/Users/Margarida/Desktop/Thesis-Project-2025/Thesis_Project/Content/Room/Meshes/SM_Newspaper.uasset" 2956
"C:/Users/Margarida/Desktop/Thesis-Project-2025/Thesis_Project/Content/Room/Meshes/SM_Newspaper.uexp" 2957
"C:/Users/Margarida/Desktop/Thesis-Project-2025/Thesis_Project/Content/Room/Meshes/SM_Picture_01.ubulk" 2958
"C:/Users/Margarida/Desktop/Thesis-Project-2025/Thesis_Project/Content/Room/Meshes/SM_Picture_01.uasset" 2959
"C:/Users/Margarida/Desktop/Thesis-Project-2025/Thesis_Project/Content/Room/Meshes/SM_Picture_01.uexp" 2960
"C:/Users/Margarida/Desktop/Thesis-Project-2025/Thesis_Project/Content/Room/Meshes/SM_Picture_02.ubulk" 2961
"C:/Users/Margarida/Desktop/Thesis-Project-2025/Thesis_Project/Content/Room/Meshes/SM_Picture_02.uasset" 2962
"C:/Users/Margarida/Desktop/Thesis-Project-2025/Thesis_Project/Content/Room/Meshes/SM_Picture_02.uexp" 2963
"C:/Users/Margarida/Desktop/Thesis-Project-2025/Thesis_Project/Content/Room/Meshes/SM_Picture_03.ubulk" 2964
"C:/Users/Margarida/Desktop/Thesis-Project-2025/Thesis_Project/Content/Room/Meshes/SM_Picture_03.uasset" 2965
"C:/Users/Margarida/Desktop/Thesis-Project-2025/Thesis_Project/Content/Room/Meshes/SM_Picture_03.uexp" 2966
"C:/Users/Margarida/Desktop/Thesis-Project-2025/Thesis_Project/Content/Room/Meshes/SM_Picture_04.ubulk" 2967
"C:/Users/Margarida/Desktop/Thesis-Project-2025/Thesis_Project/Content/Room/Meshes/SM_Picture_04.uasset" 2968
"C:/Users/Margarida/Desktop/Thesis-Project-2025/Thesis_Project/Content/Room/Meshes/SM_Picture_04.uexp" 2969
"C:/Users/Margarida/Desktop/Thesis-Project-2025/Thesis_Project/Content/Room/Meshes/SM_Picture_05.ubulk" 2970
"C:/Users/Margarida/Desktop/Thesis-Project-2025/Thesis_Project/Content/Room/Meshes/SM_Picture_05.uasset" 2971
"C:/Users/Margarida/Desktop/Thesis-Project-2025/Thesis_Project/Content/Room/Meshes/SM_Picture_05.uexp" 2972
"C:/Users/Margarida/Desktop/Thesis-Project-2025/Thesis_Project/Content/Room/Meshes/SM_Pillow_01.ubulk" 2973
"C:/Users/Margarida/Desktop/Thesis-Project-2025/Thesis_Project/Content/Room/Meshes/SM_Pillow_01.uasset" 2974
"C:/Users/Margarida/Desktop/Thesis-Project-2025/Thesis_Project/Content/Room/Meshes/SM_Pillow_01.uexp" 2975
"C:/Users/Margarida/Desktop/Thesis-Project-2025/Thesis_Project/Content/Room/Meshes/SM_Pillow_02.ubulk" 2976
"C:/Users/Margarida/Desktop/Thesis-Project-2025/Thesis_Project/Content/Room/Meshes/SM_Pillow_02.uasset" 2977
"C:/Users/Margarida/Desktop/Thesis-Project-2025/Thesis_Project/Content/Room/Meshes/SM_Pillow_02.uexp" 2978
"C:/Users/Margarida/Desktop/Thesis-Project-2025/Thesis_Project/Content/Room/Meshes/SM_Pillow_03.ubulk" 2979
"C:/Users/Margarida/Desktop/Thesis-Project-2025/Thesis_Project/Content/Room/Meshes/SM_Pillow_03.uasset" 2980
"C:/Users/Margarida/Desktop/Thesis-Project-2025/Thesis_Project/Content/Room/Meshes/SM_Pillow_03.uexp" 2981
"C:/Users/Margarida/Desktop/Thesis-Project-2025/Thesis_Project/Content/Room/Meshes/SM_Pillow_04.ubulk" 2982
"C:/Users/Margarida/Desktop/Thesis-Project-2025/Thesis_Project/Content/Room/Meshes/SM_Pillow_04.uasset" 2983
"C:/Users/Margarida/Desktop/Thesis-Project-2025/Thesis_Project/Content/Room/Meshes/SM_Pillow_04.uexp" 2984
"C:/Users/Margarida/Desktop/Thesis-Project-2025/Thesis_Project/Content/Room/Meshes/SM_Pot_03.ubulk" 2985
"C:/Users/Margarida/Desktop/Thesis-Project-2025/Thesis_Project/Content/Room/Meshes/SM_Pot_03.uasset" 2986
"C:/Users/Margarida/Desktop/Thesis-Project-2025/Thesis_Project/Content/Room/Meshes/SM_Pot_03.uexp" 2987
"C:/Users/Margarida/Desktop/Thesis-Project-2025/Thesis_Project/Content/Room/Meshes/SM_Pot_04.ubulk" 2988
"C:/Users/Margarida/Desktop/Thesis-Project-2025/Thesis_Project/Content/Room/Meshes/SM_Pot_04.uasset" 2989
"C:/Users/Margarida/Desktop/Thesis-Project-2025/Thesis_Project/Content/Room/Meshes/SM_Pot_04.uexp" 2990
"C:/Users/Margarida/Desktop/Thesis-Project-2025/Thesis_Project/Content/Room/Meshes/SM_Pot_05.ubulk" 2991
"C:/Users/Margarida/Desktop/Thesis-Project-2025/Thesis_Project/Content/Room/Meshes/SM_Pot_05.uasset" 2992
"C:/Users/Margarida/Desktop/Thesis-Project-2025/Thesis_Project/Content/Room/Meshes/SM_Pot_05.uexp" 2993
"C:/Users/Margarida/Desktop/Thesis-Project-2025/Thesis_Project/Content/Room/Meshes/SM_PotStand_01.ubulk" 2994
"C:/Users/Margarida/Desktop/Thesis-Project-2025/Thesis_Project/Content/Room/Meshes/SM_PotStand_01.uasset" 2995
"C:/Users/Margarida/Desktop/Thesis-Project-2025/Thesis_Project/Content/Room/Meshes/SM_PotStand_01.uexp" 2996
"C:/Users/Margarida/Desktop/Thesis-Project-2025/Thesis_Project/Content/Room/Meshes/SM_Radiator.ubulk" 2997
"C:/Users/Margarida/Desktop/Thesis-Project-2025/Thesis_Project/Content/Room/Meshes/SM_Radiator.uasset" 2998
"C:/Users/Margarida/Desktop/Thesis-Project-2025/Thesis_Project/Content/Room/Meshes/SM_Radiator.uexp" 2999
"C:/Users/Margarida/Desktop/Thesis-Project-2025/Thesis_Project/Content/Room/Meshes/SM_Rug_01.ubulk" 3000
"C:/Users/Margarida/Desktop/Thesis-Project-2025/Thesis_Project/Content/Room/Meshes/SM_Rug_01.uasset" 3001
"C:/Users/Margarida/Desktop/Thesis-Project-2025/Thesis_Project/Content/Room/Meshes/SM_Rug_01.uexp" 3002
"C:/Users/Margarida/Desktop/Thesis-Project-2025/Thesis_Project/Content/Room/Meshes/SM_Shelf.ubulk" 3003
"C:/Users/Margarida/Desktop/Thesis-Project-2025/Thesis_Project/Content/Room/Meshes/SM_Shelf.uasset" 3004
"C:/Users/Margarida/Desktop/Thesis-Project-2025/Thesis_Project/Content/Room/Meshes/SM_Shelf.uexp" 3005
"C:/Users/Margarida/Desktop/Thesis-Project-2025/Thesis_Project/Content/Room/Meshes/SM_SideTable.ubulk" 3006
"C:/Users/Margarida/Desktop/Thesis-Project-2025/Thesis_Project/Content/Room/Meshes/SM_SideTable.uasset" 3007
"C:/Users/Margarida/Desktop/Thesis-Project-2025/Thesis_Project/Content/Room/Meshes/SM_SideTable.uexp" 3008
"C:/Users/Margarida/Desktop/Thesis-Project-2025/Thesis_Project/Content/Room/Meshes/SM_SideTable_01.ubulk" 3009
"C:/Users/Margarida/Desktop/Thesis-Project-2025/Thesis_Project/Content/Room/Meshes/SM_SideTable_01.uasset" 3010
"C:/Users/Margarida/Desktop/Thesis-Project-2025/Thesis_Project/Content/Room/Meshes/SM_SideTable_01.uexp" 3011
"C:/Users/Margarida/Desktop/Thesis-Project-2025/Thesis_Project/Content/Room/Meshes/SM_SideTable_02.ubulk" 3012
"C:/Users/Margarida/Desktop/Thesis-Project-2025/Thesis_Project/Content/Room/Meshes/SM_SideTable_02.uasset" 3013
"C:/Users/Margarida/Desktop/Thesis-Project-2025/Thesis_Project/Content/Room/Meshes/SM_SideTable_02.uexp" 3014
"C:/Users/Margarida/Desktop/Thesis-Project-2025/Thesis_Project/Content/Room/Meshes/SM_SideTableShelf.ubulk" 3015
"C:/Users/Margarida/Desktop/Thesis-Project-2025/Thesis_Project/Content/Room/Meshes/SM_SideTableShelf.uasset" 3016
"C:/Users/Margarida/Desktop/Thesis-Project-2025/Thesis_Project/Content/Room/Meshes/SM_SideTableShelf.uexp" 3017
"C:/Users/Margarida/Desktop/Thesis-Project-2025/Thesis_Project/Content/Room/Meshes/SM_Socket.ubulk" 3018
"C:/Users/Margarida/Desktop/Thesis-Project-2025/Thesis_Project/Content/Room/Meshes/SM_Socket.uasset" 3019
"C:/Users/Margarida/Desktop/Thesis-Project-2025/Thesis_Project/Content/Room/Meshes/SM_Socket.uexp" 3020
"C:/Users/Margarida/Desktop/Thesis-Project-2025/Thesis_Project/Content/Room/Plants/Textures/T_Soil_RMA.ubulk" 3021
"C:/Users/Margarida/Desktop/Thesis-Project-2025/Thesis_Project/Content/Room/Plants/Textures/T_Soil_RMA.uasset" 3022
"C:/Users/Margarida/Desktop/Thesis-Project-2025/Thesis_Project/Content/Room/Plants/Textures/T_Soil_RMA.uexp" 3023
"C:/Users/Margarida/Desktop/Thesis-Project-2025/Thesis_Project/Content/Room/Plants/Textures/T_Soil_N.ubulk" 3024
"C:/Users/Margarida/Desktop/Thesis-Project-2025/Thesis_Project/Content/Room/Plants/Textures/T_Soil_N.uasset" 3025
"C:/Users/Margarida/Desktop/Thesis-Project-2025/Thesis_Project/Content/Room/Plants/Textures/T_Soil_N.uexp" 3026
"C:/Users/Margarida/Desktop/Thesis-Project-2025/Thesis_Project/Content/Room/Plants/Textures/T_Soil_BC.ubulk" 3027
"C:/Users/Margarida/Desktop/Thesis-Project-2025/Thesis_Project/Content/Room/Plants/Textures/T_Soil_BC.uasset" 3028
"C:/Users/Margarida/Desktop/Thesis-Project-2025/Thesis_Project/Content/Room/Plants/Textures/T_Soil_BC.uexp" 3029
"C:/Users/Margarida/Desktop/Thesis-Project-2025/Thesis_Project/Content/Room/Plants/Materials/MI_Soil.uasset" 3030
"C:/Users/Margarida/Desktop/Thesis-Project-2025/Thesis_Project/Content/Room/Plants/Materials/MI_Soil.uexp" 3031
"C:/Users/Margarida/Desktop/Thesis-Project-2025/Thesis_Project/Content/Room/Meshes/SM_Soil.ubulk" 3032
"C:/Users/Margarida/Desktop/Thesis-Project-2025/Thesis_Project/Content/Room/Meshes/SM_Soil.uasset" 3033
"C:/Users/Margarida/Desktop/Thesis-Project-2025/Thesis_Project/Content/Room/Meshes/SM_Soil.uexp" 3034
"C:/Users/Margarida/Desktop/Thesis-Project-2025/Thesis_Project/Content/Room/Meshes/SM_Spring_01.ubulk" 3035
"C:/Users/Margarida/Desktop/Thesis-Project-2025/Thesis_Project/Content/Room/Meshes/SM_Spring_01.uasset" 3036
"C:/Users/Margarida/Desktop/Thesis-Project-2025/Thesis_Project/Content/Room/Meshes/SM_Spring_01.uexp" 3037
"C:/Users/Margarida/Desktop/Thesis-Project-2025/Thesis_Project/Content/Room/Meshes/SM_StandingLamp.ubulk" 3038
"C:/Users/Margarida/Desktop/Thesis-Project-2025/Thesis_Project/Content/Room/Meshes/SM_StandingLamp.uasset" 3039
"C:/Users/Margarida/Desktop/Thesis-Project-2025/Thesis_Project/Content/Room/Meshes/SM_StandingLamp.uexp" 3040
"C:/Users/Margarida/Desktop/Thesis-Project-2025/Thesis_Project/Content/Room/Meshes/SM_Switch.ubulk" 3041
"C:/Users/Margarida/Desktop/Thesis-Project-2025/Thesis_Project/Content/Room/Meshes/SM_Switch.uasset" 3042
"C:/Users/Margarida/Desktop/Thesis-Project-2025/Thesis_Project/Content/Room/Meshes/SM_Switch.uexp" 3043
"C:/Users/Margarida/Desktop/Thesis-Project-2025/Thesis_Project/Content/Room/Meshes/SM_ThrowBlanket_01.ubulk" 3044
"C:/Users/Margarida/Desktop/Thesis-Project-2025/Thesis_Project/Content/Room/Meshes/SM_ThrowBlanket_01.uasset" 3045
"C:/Users/Margarida/Desktop/Thesis-Project-2025/Thesis_Project/Content/Room/Meshes/SM_ThrowBlanket_01.uexp" 3046
"C:/Users/Margarida/Desktop/Thesis-Project-2025/Thesis_Project/Content/Room/Meshes/SM_ThrowBlanket_02.ubulk" 3047
"C:/Users/Margarida/Desktop/Thesis-Project-2025/Thesis_Project/Content/Room/Meshes/SM_ThrowBlanket_02.uasset" 3048
"C:/Users/Margarida/Desktop/Thesis-Project-2025/Thesis_Project/Content/Room/Meshes/SM_ThrowBlanket_02.uexp" 3049
"C:/Users/Margarida/Desktop/Thesis-Project-2025/Thesis_Project/Content/Room/Meshes/SM_Top.ubulk" 3050
"C:/Users/Margarida/Desktop/Thesis-Project-2025/Thesis_Project/Content/Room/Meshes/SM_Top.uasset" 3051
"C:/Users/Margarida/Desktop/Thesis-Project-2025/Thesis_Project/Content/Room/Meshes/SM_Top.uexp" 3052
"C:/Users/Margarida/Desktop/Thesis-Project-2025/Thesis_Project/Content/Room/Meshes/SM_Torus.ubulk" 3053
"C:/Users/Margarida/Desktop/Thesis-Project-2025/Thesis_Project/Content/Room/Meshes/SM_Torus.uasset" 3054
"C:/Users/Margarida/Desktop/Thesis-Project-2025/Thesis_Project/Content/Room/Meshes/SM_Torus.uexp" 3055
"C:/Users/Margarida/Desktop/Thesis-Project-2025/Thesis_Project/Content/Room/Meshes/SM_Tray.ubulk" 3056
"C:/Users/Margarida/Desktop/Thesis-Project-2025/Thesis_Project/Content/Room/Meshes/SM_Tray.uasset" 3057
"C:/Users/Margarida/Desktop/Thesis-Project-2025/Thesis_Project/Content/Room/Meshes/SM_Tray.uexp" 3058
"C:/Users/Margarida/Desktop/Thesis-Project-2025/Thesis_Project/Content/Room/Meshes/SM_TV.ubulk" 3059
"C:/Users/Margarida/Desktop/Thesis-Project-2025/Thesis_Project/Content/Room/Meshes/SM_TV.uasset" 3060
"C:/Users/Margarida/Desktop/Thesis-Project-2025/Thesis_Project/Content/Room/Meshes/SM_TV.uexp" 3061
"C:/Users/Margarida/Desktop/Thesis-Project-2025/Thesis_Project/Content/Room/Meshes/SM_TVRemote.ubulk" 3062
"C:/Users/Margarida/Desktop/Thesis-Project-2025/Thesis_Project/Content/Room/Meshes/SM_TVRemote.uasset" 3063
"C:/Users/Margarida/Desktop/Thesis-Project-2025/Thesis_Project/Content/Room/Meshes/SM_TVRemote.uexp" 3064
"C:/Users/Margarida/Desktop/Thesis-Project-2025/Thesis_Project/Content/Room/Meshes/SM_TVStand.ubulk" 3065
"C:/Users/Margarida/Desktop/Thesis-Project-2025/Thesis_Project/Content/Room/Meshes/SM_TVStand.uasset" 3066
"C:/Users/Margarida/Desktop/Thesis-Project-2025/Thesis_Project/Content/Room/Meshes/SM_TVStand.uexp" 3067
"C:/Users/Margarida/Desktop/Thesis-Project-2025/Thesis_Project/Content/Room/Meshes/SM_TVStandShelf_Large.ubulk" 3068
"C:/Users/Margarida/Desktop/Thesis-Project-2025/Thesis_Project/Content/Room/Meshes/SM_TVStandShelf_Large.uasset" 3069
"C:/Users/Margarida/Desktop/Thesis-Project-2025/Thesis_Project/Content/Room/Meshes/SM_TVStandShelf_Large.uexp" 3070
"C:/Users/Margarida/Desktop/Thesis-Project-2025/Thesis_Project/Content/Room/Meshes/SM_TVStandShelf_Small.ubulk" 3071
"C:/Users/Margarida/Desktop/Thesis-Project-2025/Thesis_Project/Content/Room/Meshes/SM_TVStandShelf_Small.uasset" 3072
"C:/Users/Margarida/Desktop/Thesis-Project-2025/Thesis_Project/Content/Room/Meshes/SM_TVStandShelf_Small.uexp" 3073
"C:/Users/Margarida/Desktop/Thesis-Project-2025/Thesis_Project/Content/Room/Meshes/SM_U.ubulk" 3074
"C:/Users/Margarida/Desktop/Thesis-Project-2025/Thesis_Project/Content/Room/Meshes/SM_U.uasset" 3075
"C:/Users/Margarida/Desktop/Thesis-Project-2025/Thesis_Project/Content/Room/Meshes/SM_U.uexp" 3076
"C:/Users/Margarida/Desktop/Thesis-Project-2025/Thesis_Project/Content/Room/Meshes/SM_UE4Bag.ubulk" 3077
"C:/Users/Margarida/Desktop/Thesis-Project-2025/Thesis_Project/Content/Room/Meshes/SM_UE4Bag.uasset" 3078
"C:/Users/Margarida/Desktop/Thesis-Project-2025/Thesis_Project/Content/Room/Meshes/SM_UE4Bag.uexp" 3079
"C:/Users/Margarida/Desktop/Thesis-Project-2025/Thesis_Project/Content/Room/Meshes/SM_Vase_01.ubulk" 3080
"C:/Users/Margarida/Desktop/Thesis-Project-2025/Thesis_Project/Content/Room/Meshes/SM_Vase_01.uasset" 3081
"C:/Users/Margarida/Desktop/Thesis-Project-2025/Thesis_Project/Content/Room/Meshes/SM_Vase_01.uexp" 3082
"C:/Users/Margarida/Desktop/Thesis-Project-2025/Thesis_Project/Content/Room/Meshes/SM_Vase_02.ubulk" 3083
"C:/Users/Margarida/Desktop/Thesis-Project-2025/Thesis_Project/Content/Room/Meshes/SM_Vase_02.uasset" 3084
"C:/Users/Margarida/Desktop/Thesis-Project-2025/Thesis_Project/Content/Room/Meshes/SM_Vase_02.uexp" 3085
"C:/Users/Margarida/Desktop/Thesis-Project-2025/Thesis_Project/Content/Room/Meshes/SM_Vase_03.ubulk" 3086
"C:/Users/Margarida/Desktop/Thesis-Project-2025/Thesis_Project/Content/Room/Meshes/SM_Vase_03.uasset" 3087
"C:/Users/Margarida/Desktop/Thesis-Project-2025/Thesis_Project/Content/Room/Meshes/SM_Vase_03.uexp" 3088
"C:/Users/Margarida/Desktop/Thesis-Project-2025/Thesis_Project/Content/Room/Meshes/SM_Vase_04.ubulk" 3089
"C:/Users/Margarida/Desktop/Thesis-Project-2025/Thesis_Project/Content/Room/Meshes/SM_Vase_04.uasset" 3090
"C:/Users/Margarida/Desktop/Thesis-Project-2025/Thesis_Project/Content/Room/Meshes/SM_Vase_04.uexp" 3091
"C:/Users/Margarida/Desktop/Thesis-Project-2025/Thesis_Project/Content/Room/Meshes/SM_Vase_05.ubulk" 3092
"C:/Users/Margarida/Desktop/Thesis-Project-2025/Thesis_Project/Content/Room/Meshes/SM_Vase_05.uasset" 3093
"C:/Users/Margarida/Desktop/Thesis-Project-2025/Thesis_Project/Content/Room/Meshes/SM_Vase_05.uexp" 3094
"C:/Users/Margarida/Desktop/Thesis-Project-2025/Thesis_Project/Content/Room/Meshes/SM_Vase_06.ubulk" 3095
"C:/Users/Margarida/Desktop/Thesis-Project-2025/Thesis_Project/Content/Room/Meshes/SM_Vase_06.uasset" 3096
"C:/Users/Margarida/Desktop/Thesis-Project-2025/Thesis_Project/Content/Room/Meshes/SM_Vase_06.uexp" 3097
"C:/Users/Margarida/Desktop/Thesis-Project-2025/Thesis_Project/Content/Room/Plants/Textures/sjhr3vp_4K_Translucency.ubulk" 3098
"C:/Users/Margarida/Desktop/Thesis-Project-2025/Thesis_Project/Content/Room/Plants/Textures/sjhr3vp_4K_Translucency.uasset" 3099
"C:/Users/Margarida/Desktop/Thesis-Project-2025/Thesis_Project/Content/Room/Plants/Textures/sjhr3vp_4K_Translucency.uexp" 3100
"C:/Users/Margarida/Desktop/Thesis-Project-2025/Thesis_Project/Content/Room/Plants/Textures/sjhr3vp_4K_Roughness.ubulk" 3101
"C:/Users/Margarida/Desktop/Thesis-Project-2025/Thesis_Project/Content/Room/Plants/Textures/sjhr3vp_4K_Roughness.uasset" 3102
"C:/Users/Margarida/Desktop/Thesis-Project-2025/Thesis_Project/Content/Room/Plants/Textures/sjhr3vp_4K_Roughness.uexp" 3103
"C:/Users/Margarida/Desktop/Thesis-Project-2025/Thesis_Project/Content/Room/Plants/Textures/sjhr3vp_4K_Opacity.ubulk" 3104
"C:/Users/Margarida/Desktop/Thesis-Project-2025/Thesis_Project/Content/Room/Plants/Textures/sjhr3vp_4K_Opacity.uasset" 3105
"C:/Users/Margarida/Desktop/Thesis-Project-2025/Thesis_Project/Content/Room/Plants/Textures/sjhr3vp_4K_Opacity.uexp" 3106
"C:/Users/Margarida/Desktop/Thesis-Project-2025/Thesis_Project/Content/Room/Plants/Textures/sjhr3vp_4K_Normal.ubulk" 3107
"C:/Users/Margarida/Desktop/Thesis-Project-2025/Thesis_Project/Content/Room/Plants/Textures/sjhr3vp_4K_Normal.uasset" 3108
"C:/Users/Margarida/Desktop/Thesis-Project-2025/Thesis_Project/Content/Room/Plants/Textures/sjhr3vp_4K_Normal.uexp" 3109
"C:/Users/Margarida/Desktop/Thesis-Project-2025/Thesis_Project/Content/Room/Plants/Textures/sjhr3vp_4K_Displacement.ubulk" 3110
"C:/Users/Margarida/Desktop/Thesis-Project-2025/Thesis_Project/Content/Room/Plants/Textures/sjhr3vp_4K_Displacement.uasset" 3111
"C:/Users/Margarida/Desktop/Thesis-Project-2025/Thesis_Project/Content/Room/Plants/Textures/sjhr3vp_4K_Displacement.uexp" 3112
"C:/Users/Margarida/Desktop/Thesis-Project-2025/Thesis_Project/Content/Room/Plants/Textures/sjhr3vp_4K_Albedo.ubulk" 3113
"C:/Users/Margarida/Desktop/Thesis-Project-2025/Thesis_Project/Content/Room/Plants/Textures/sjhr3vp_4K_Albedo.uasset" 3114
"C:/Users/Margarida/Desktop/Thesis-Project-2025/Thesis_Project/Content/Room/Plants/Textures/sjhr3vp_4K_Albedo.uexp" 3115
"../../../Engine/Content/EngineMaterials/DefaultWhiteGrid.ubulk" 3116
"../../../Engine/Content/EngineMaterials/DefaultWhiteGrid.uasset" 3117
"../../../Engine/Content/EngineMaterials/DefaultWhiteGrid.uexp" 3118
"../../../Engine/Content/EngineMaterials/DefaultNormal.ubulk" 3119
"../../../Engine/Content/EngineMaterials/DefaultNormal.uasset" 3120
"../../../Engine/Content/EngineMaterials/DefaultNormal.uexp" 3121
"../../../Engine/Content/Functions/Engine_MaterialFunctions01/WorldPositionOffset/SimpleGrassWind.uasset" 3122
"../../../Engine/Content/Functions/Engine_MaterialFunctions01/WorldPositionOffset/SimpleGrassWind.uexp" 3123
"../../../Engine/Content/Functions/Engine_MaterialFunctions01/SpeedTree/SpeedTreeColorVariation.uasset" 3124
"../../../Engine/Content/Functions/Engine_MaterialFunctions01/SpeedTree/SpeedTreeColorVariation.uexp" 3125
"../../../Engine/Content/Functions/Engine_MaterialFunctions02/Math/MultiplyAdd.uasset" 3126
"../../../Engine/Content/Functions/Engine_MaterialFunctions02/Math/MultiplyAdd.uexp" 3127
"C:/Users/Margarida/Desktop/Thesis-Project-2025/Thesis_Project/Content/Room/Plants/Materials/M_FoliageMasterMaterial.uasset" 3128
"C:/Users/Margarida/Desktop/Thesis-Project-2025/Thesis_Project/Content/Room/Plants/Materials/M_FoliageMasterMaterial.uexp" 3129
"C:/Users/Margarida/Desktop/Thesis-Project-2025/Thesis_Project/Content/Room/Plants/Materials/02_Chlorophytum_Comosum_Variegatum_sjskM_4K_inst.uasset" 3130
"C:/Users/Margarida/Desktop/Thesis-Project-2025/Thesis_Project/Content/Room/Plants/Materials/02_Chlorophytum_Comosum_Variegatum_sjskM_4K_inst.uexp" 3131
"C:/Users/Margarida/Desktop/Thesis-Project-2025/Thesis_Project/Content/Room/Plants/Textures/sinq3qp_4K_Translucency.ubulk" 3132
"C:/Users/Margarida/Desktop/Thesis-Project-2025/Thesis_Project/Content/Room/Plants/Textures/sinq3qp_4K_Translucency.uasset" 3133
"C:/Users/Margarida/Desktop/Thesis-Project-2025/Thesis_Project/Content/Room/Plants/Textures/sinq3qp_4K_Translucency.uexp" 3134
"C:/Users/Margarida/Desktop/Thesis-Project-2025/Thesis_Project/Content/Room/Plants/Textures/sinq3qp_4K_Roughness.ubulk" 3135
"C:/Users/Margarida/Desktop/Thesis-Project-2025/Thesis_Project/Content/Room/Plants/Textures/sinq3qp_4K_Roughness.uasset" 3136
"C:/Users/Margarida/Desktop/Thesis-Project-2025/Thesis_Project/Content/Room/Plants/Textures/sinq3qp_4K_Roughness.uexp" 3137
"C:/Users/Margarida/Desktop/Thesis-Project-2025/Thesis_Project/Content/Room/Plants/Textures/sinq3qp_4K_Opacity.ubulk" 3138
"C:/Users/Margarida/Desktop/Thesis-Project-2025/Thesis_Project/Content/Room/Plants/Textures/sinq3qp_4K_Opacity.uasset" 3139
"C:/Users/Margarida/Desktop/Thesis-Project-2025/Thesis_Project/Content/Room/Plants/Textures/sinq3qp_4K_Opacity.uexp" 3140
"C:/Users/Margarida/Desktop/Thesis-Project-2025/Thesis_Project/Content/Room/Plants/Textures/sinq3qp_4K_Normal.ubulk" 3141
"C:/Users/Margarida/Desktop/Thesis-Project-2025/Thesis_Project/Content/Room/Plants/Textures/sinq3qp_4K_Normal.uasset" 3142
"C:/Users/Margarida/Desktop/Thesis-Project-2025/Thesis_Project/Content/Room/Plants/Textures/sinq3qp_4K_Normal.uexp" 3143
"C:/Users/Margarida/Desktop/Thesis-Project-2025/Thesis_Project/Content/Room/Plants/Textures/sinq3qp_4K_Displacement.ubulk" 3144
"C:/Users/Margarida/Desktop/Thesis-Project-2025/Thesis_Project/Content/Room/Plants/Textures/sinq3qp_4K_Displacement.uasset" 3145
"C:/Users/Margarida/Desktop/Thesis-Project-2025/Thesis_Project/Content/Room/Plants/Textures/sinq3qp_4K_Displacement.uexp" 3146
"C:/Users/Margarida/Desktop/Thesis-Project-2025/Thesis_Project/Content/Room/Plants/Textures/sinq3qp_4K_Albedo.ubulk" 3147
"C:/Users/Margarida/Desktop/Thesis-Project-2025/Thesis_Project/Content/Room/Plants/Textures/sinq3qp_4K_Albedo.uasset" 3148
"C:/Users/Margarida/Desktop/Thesis-Project-2025/Thesis_Project/Content/Room/Plants/Textures/sinq3qp_4K_Albedo.uexp" 3149
"C:/Users/Margarida/Desktop/Thesis-Project-2025/Thesis_Project/Content/Room/Plants/Materials/03_Dracaena_Reflexa_Variegata_siumT_4K_inst.uasset" 3150
"C:/Users/Margarida/Desktop/Thesis-Project-2025/Thesis_Project/Content/Room/Plants/Materials/03_Dracaena_Reflexa_Variegata_siumT_4K_inst.uexp" 3151
"C:/Users/Margarida/Desktop/Thesis-Project-2025/Thesis_Project/Content/Room/Plants/Textures/sicnazp_4K_Translucency.ubulk" 3152
"C:/Users/Margarida/Desktop/Thesis-Project-2025/Thesis_Project/Content/Room/Plants/Textures/sicnazp_4K_Translucency.uasset" 3153
"C:/Users/Margarida/Desktop/Thesis-Project-2025/Thesis_Project/Content/Room/Plants/Textures/sicnazp_4K_Translucency.uexp" 3154
"C:/Users/Margarida/Desktop/Thesis-Project-2025/Thesis_Project/Content/Room/Plants/Textures/sicnazp_4K_Roughness.ubulk" 3155
"C:/Users/Margarida/Desktop/Thesis-Project-2025/Thesis_Project/Content/Room/Plants/Textures/sicnazp_4K_Roughness.uasset" 3156
"C:/Users/Margarida/Desktop/Thesis-Project-2025/Thesis_Project/Content/Room/Plants/Textures/sicnazp_4K_Roughness.uexp" 3157
"C:/Users/Margarida/Desktop/Thesis-Project-2025/Thesis_Project/Content/Room/Plants/Textures/sicnazp_4K_Opacity.ubulk" 3158
"C:/Users/Margarida/Desktop/Thesis-Project-2025/Thesis_Project/Content/Room/Plants/Textures/sicnazp_4K_Opacity.uasset" 3159
"C:/Users/Margarida/Desktop/Thesis-Project-2025/Thesis_Project/Content/Room/Plants/Textures/sicnazp_4K_Opacity.uexp" 3160
"C:/Users/Margarida/Desktop/Thesis-Project-2025/Thesis_Project/Content/Room/Plants/Textures/sicnazp_4K_Normal.ubulk" 3161
"C:/Users/Margarida/Desktop/Thesis-Project-2025/Thesis_Project/Content/Room/Plants/Textures/sicnazp_4K_Normal.uasset" 3162
"C:/Users/Margarida/Desktop/Thesis-Project-2025/Thesis_Project/Content/Room/Plants/Textures/sicnazp_4K_Normal.uexp" 3163
"C:/Users/Margarida/Desktop/Thesis-Project-2025/Thesis_Project/Content/Room/Plants/Textures/sicnazp_4K_Displacement.ubulk" 3164
"C:/Users/Margarida/Desktop/Thesis-Project-2025/Thesis_Project/Content/Room/Plants/Textures/sicnazp_4K_Displacement.uasset" 3165
"C:/Users/Margarida/Desktop/Thesis-Project-2025/Thesis_Project/Content/Room/Plants/Textures/sicnazp_4K_Displacement.uexp" 3166
"C:/Users/Margarida/Desktop/Thesis-Project-2025/Thesis_Project/Content/Room/Plants/Textures/sicnazp_4K_Albedo.ubulk" 3167
"C:/Users/Margarida/Desktop/Thesis-Project-2025/Thesis_Project/Content/Room/Plants/Textures/sicnazp_4K_Albedo.uasset" 3168
"C:/Users/Margarida/Desktop/Thesis-Project-2025/Thesis_Project/Content/Room/Plants/Textures/sicnazp_4K_Albedo.uexp" 3169
"C:/Users/Margarida/Desktop/Thesis-Project-2025/Thesis_Project/Content/Room/Plants/Materials/07_Aglaonema_Jubilee_Compacta_sikh4_4K_inst.uasset" 3170
"C:/Users/Margarida/Desktop/Thesis-Project-2025/Thesis_Project/Content/Room/Plants/Materials/07_Aglaonema_Jubilee_Compacta_sikh4_4K_inst.uexp" 3171
"C:/Users/Margarida/Desktop/Thesis-Project-2025/Thesis_Project/Content/Room/Plants/SM_Aglaonema_01.ubulk" 3172
"C:/Users/Margarida/Desktop/Thesis-Project-2025/Thesis_Project/Content/Room/Plants/SM_Aglaonema_01.uasset" 3173
"C:/Users/Margarida/Desktop/Thesis-Project-2025/Thesis_Project/Content/Room/Plants/SM_Aglaonema_01.uexp" 3174
"C:/Users/Margarida/Desktop/Thesis-Project-2025/Thesis_Project/Content/Room/Plants/SM_Aglaonema_02.ubulk" 3175
"C:/Users/Margarida/Desktop/Thesis-Project-2025/Thesis_Project/Content/Room/Plants/SM_Aglaonema_02.uasset" 3176
"C:/Users/Margarida/Desktop/Thesis-Project-2025/Thesis_Project/Content/Room/Plants/SM_Aglaonema_02.uexp" 3177
"C:/Users/Margarida/Desktop/Thesis-Project-2025/Thesis_Project/Content/Room/Plants/SM_Aglaonema_03.ubulk" 3178
"C:/Users/Margarida/Desktop/Thesis-Project-2025/Thesis_Project/Content/Room/Plants/SM_Aglaonema_03.uasset" 3179
"C:/Users/Margarida/Desktop/Thesis-Project-2025/Thesis_Project/Content/Room/Plants/SM_Aglaonema_03.uexp" 3180
"C:/Users/Margarida/Desktop/Thesis-Project-2025/Thesis_Project/Content/Room/Plants/Textures/Amaryllis_4K_Translucency.ubulk" 3181
"C:/Users/Margarida/Desktop/Thesis-Project-2025/Thesis_Project/Content/Room/Plants/Textures/Amaryllis_4K_Translucency.uasset" 3182
"C:/Users/Margarida/Desktop/Thesis-Project-2025/Thesis_Project/Content/Room/Plants/Textures/Amaryllis_4K_Translucency.uexp" 3183
"C:/Users/Margarida/Desktop/Thesis-Project-2025/Thesis_Project/Content/Room/Plants/Textures/Amaryllis_4K_Roughness.ubulk" 3184
"C:/Users/Margarida/Desktop/Thesis-Project-2025/Thesis_Project/Content/Room/Plants/Textures/Amaryllis_4K_Roughness.uasset" 3185
"C:/Users/Margarida/Desktop/Thesis-Project-2025/Thesis_Project/Content/Room/Plants/Textures/Amaryllis_4K_Roughness.uexp" 3186
"C:/Users/Margarida/Desktop/Thesis-Project-2025/Thesis_Project/Content/Room/Plants/Textures/Amaryllis_4K_Opacity.ubulk" 3187
"C:/Users/Margarida/Desktop/Thesis-Project-2025/Thesis_Project/Content/Room/Plants/Textures/Amaryllis_4K_Opacity.uasset" 3188
"C:/Users/Margarida/Desktop/Thesis-Project-2025/Thesis_Project/Content/Room/Plants/Textures/Amaryllis_4K_Opacity.uexp" 3189
"C:/Users/Margarida/Desktop/Thesis-Project-2025/Thesis_Project/Content/Room/Plants/Textures/Amaryllis_4K_Normal.ubulk" 3190
"C:/Users/Margarida/Desktop/Thesis-Project-2025/Thesis_Project/Content/Room/Plants/Textures/Amaryllis_4K_Normal.uasset" 3191
"C:/Users/Margarida/Desktop/Thesis-Project-2025/Thesis_Project/Content/Room/Plants/Textures/Amaryllis_4K_Normal.uexp" 3192
"C:/Users/Margarida/Desktop/Thesis-Project-2025/Thesis_Project/Content/Room/Plants/Textures/Amaryllis_4K_Displacement.ubulk" 3193
"C:/Users/Margarida/Desktop/Thesis-Project-2025/Thesis_Project/Content/Room/Plants/Textures/Amaryllis_4K_Displacement.uasset" 3194
"C:/Users/Margarida/Desktop/Thesis-Project-2025/Thesis_Project/Content/Room/Plants/Textures/Amaryllis_4K_Displacement.uexp" 3195
"C:/Users/Margarida/Desktop/Thesis-Project-2025/Thesis_Project/Content/Room/Plants/Textures/Amaryllis_4K_Albedo.ubulk" 3196
"C:/Users/Margarida/Desktop/Thesis-Project-2025/Thesis_Project/Content/Room/Plants/Textures/Amaryllis_4K_Albedo.uasset" 3197
"C:/Users/Margarida/Desktop/Thesis-Project-2025/Thesis_Project/Content/Room/Plants/Textures/Amaryllis_4K_Albedo.uexp" 3198
"C:/Users/Margarida/Desktop/Thesis-Project-2025/Thesis_Project/Content/Room/Plants/Materials/05_Amaryllis_sgzkv_4K_inst.uasset" 3199
"C:/Users/Margarida/Desktop/Thesis-Project-2025/Thesis_Project/Content/Room/Plants/Materials/05_Amaryllis_sgzkv_4K_inst.uexp" 3200
"C:/Users/Margarida/Desktop/Thesis-Project-2025/Thesis_Project/Content/Room/Plants/SM_Amaryllis_01.ubulk" 3201
"C:/Users/Margarida/Desktop/Thesis-Project-2025/Thesis_Project/Content/Room/Plants/SM_Amaryllis_01.uasset" 3202
"C:/Users/Margarida/Desktop/Thesis-Project-2025/Thesis_Project/Content/Room/Plants/SM_Amaryllis_01.uexp" 3203
"C:/Users/Margarida/Desktop/Thesis-Project-2025/Thesis_Project/Content/Room/Plants/SM_Amaryllis_02.ubulk" 3204
"C:/Users/Margarida/Desktop/Thesis-Project-2025/Thesis_Project/Content/Room/Plants/SM_Amaryllis_02.uasset" 3205
"C:/Users/Margarida/Desktop/Thesis-Project-2025/Thesis_Project/Content/Room/Plants/SM_Amaryllis_02.uexp" 3206
"C:/Users/Margarida/Desktop/Thesis-Project-2025/Thesis_Project/Content/Room/Plants/SM_Chlorophytum_01.ubulk" 3207
"C:/Users/Margarida/Desktop/Thesis-Project-2025/Thesis_Project/Content/Room/Plants/SM_Chlorophytum_01.uasset" 3208
"C:/Users/Margarida/Desktop/Thesis-Project-2025/Thesis_Project/Content/Room/Plants/SM_Chlorophytum_01.uexp" 3209
"C:/Users/Margarida/Desktop/Thesis-Project-2025/Thesis_Project/Content/Room/Plants/SM_Dracaena_01.ubulk" 3210
"C:/Users/Margarida/Desktop/Thesis-Project-2025/Thesis_Project/Content/Room/Plants/SM_Dracaena_01.uasset" 3211
"C:/Users/Margarida/Desktop/Thesis-Project-2025/Thesis_Project/Content/Room/Plants/SM_Dracaena_01.uexp" 3212
"C:/Users/Margarida/Desktop/Thesis-Project-2025/Thesis_Project/Content/Room/Plants/SM_Dracaena_02.ubulk" 3213
"C:/Users/Margarida/Desktop/Thesis-Project-2025/Thesis_Project/Content/Room/Plants/SM_Dracaena_02.uasset" 3214
"C:/Users/Margarida/Desktop/Thesis-Project-2025/Thesis_Project/Content/Room/Plants/SM_Dracaena_02.uexp" 3215
"C:/Users/Margarida/Desktop/Thesis-Project-2025/Thesis_Project/Content/Room/Plants/SM_Dracaena_03.ubulk" 3216
"C:/Users/Margarida/Desktop/Thesis-Project-2025/Thesis_Project/Content/Room/Plants/SM_Dracaena_03.uasset" 3217
"C:/Users/Margarida/Desktop/Thesis-Project-2025/Thesis_Project/Content/Room/Plants/SM_Dracaena_03.uexp" 3218
"C:/Users/Margarida/Desktop/Thesis-Project-2025/Thesis_Project/Content/Room/Plants/SM_Dracaena_04.ubulk" 3219
"C:/Users/Margarida/Desktop/Thesis-Project-2025/Thesis_Project/Content/Room/Plants/SM_Dracaena_04.uasset" 3220
"C:/Users/Margarida/Desktop/Thesis-Project-2025/Thesis_Project/Content/Room/Plants/SM_Dracaena_04.uexp" 3221
"C:/Users/Margarida/Desktop/Thesis-Project-2025/Thesis_Project/Content/Room/Plants/SM_Dracaena_05.ubulk" 3222
"C:/Users/Margarida/Desktop/Thesis-Project-2025/Thesis_Project/Content/Room/Plants/SM_Dracaena_05.uasset" 3223
"C:/Users/Margarida/Desktop/Thesis-Project-2025/Thesis_Project/Content/Room/Plants/SM_Dracaena_05.uexp" 3224
"C:/Users/Margarida/Desktop/Thesis-Project-2025/Thesis_Project/Content/Room/Plants/Textures/Snake_4K_Translucency.ubulk" 3225
"C:/Users/Margarida/Desktop/Thesis-Project-2025/Thesis_Project/Content/Room/Plants/Textures/Snake_4K_Translucency.uasset" 3226
"C:/Users/Margarida/Desktop/Thesis-Project-2025/Thesis_Project/Content/Room/Plants/Textures/Snake_4K_Translucency.uexp" 3227
"C:/Users/Margarida/Desktop/Thesis-Project-2025/Thesis_Project/Content/Room/Plants/Textures/Snake_4K_Roughness.ubulk" 3228
"C:/Users/Margarida/Desktop/Thesis-Project-2025/Thesis_Project/Content/Room/Plants/Textures/Snake_4K_Roughness.uasset" 3229
"C:/Users/Margarida/Desktop/Thesis-Project-2025/Thesis_Project/Content/Room/Plants/Textures/Snake_4K_Roughness.uexp" 3230
"C:/Users/Margarida/Desktop/Thesis-Project-2025/Thesis_Project/Content/Room/Plants/Textures/Snake_4K_Opacity.ubulk" 3231
"C:/Users/Margarida/Desktop/Thesis-Project-2025/Thesis_Project/Content/Room/Plants/Textures/Snake_4K_Opacity.uasset" 3232
"C:/Users/Margarida/Desktop/Thesis-Project-2025/Thesis_Project/Content/Room/Plants/Textures/Snake_4K_Opacity.uexp" 3233
"C:/Users/Margarida/Desktop/Thesis-Project-2025/Thesis_Project/Content/Room/Plants/Textures/Snake_4K_Normal.ubulk" 3234
"C:/Users/Margarida/Desktop/Thesis-Project-2025/Thesis_Project/Content/Room/Plants/Textures/Snake_4K_Normal.uasset" 3235
"C:/Users/Margarida/Desktop/Thesis-Project-2025/Thesis_Project/Content/Room/Plants/Textures/Snake_4K_Normal.uexp" 3236
"C:/Users/Margarida/Desktop/Thesis-Project-2025/Thesis_Project/Content/Room/Plants/Textures/Snake_4K_Displacement.ubulk" 3237
"C:/Users/Margarida/Desktop/Thesis-Project-2025/Thesis_Project/Content/Room/Plants/Textures/Snake_4K_Displacement.uasset" 3238
"C:/Users/Margarida/Desktop/Thesis-Project-2025/Thesis_Project/Content/Room/Plants/Textures/Snake_4K_Displacement.uexp" 3239
"C:/Users/Margarida/Desktop/Thesis-Project-2025/Thesis_Project/Content/Room/Plants/Textures/Snake_4K_Albedo.ubulk" 3240
"C:/Users/Margarida/Desktop/Thesis-Project-2025/Thesis_Project/Content/Room/Plants/Textures/Snake_4K_Albedo.uasset" 3241
"C:/Users/Margarida/Desktop/Thesis-Project-2025/Thesis_Project/Content/Room/Plants/Textures/Snake_4K_Albedo.uexp" 3242
"C:/Users/Margarida/Desktop/Thesis-Project-2025/Thesis_Project/Content/Room/Plants/Materials/04_Snake_Plant_sgtmY_4K_inst.uasset" 3243
"C:/Users/Margarida/Desktop/Thesis-Project-2025/Thesis_Project/Content/Room/Plants/Materials/04_Snake_Plant_sgtmY_4K_inst.uexp" 3244
"C:/Users/Margarida/Desktop/Thesis-Project-2025/Thesis_Project/Content/Room/Plants/SM_SnakePlant_01.ubulk" 3245
"C:/Users/Margarida/Desktop/Thesis-Project-2025/Thesis_Project/Content/Room/Plants/SM_SnakePlant_01.uasset" 3246
"C:/Users/Margarida/Desktop/Thesis-Project-2025/Thesis_Project/Content/Room/Plants/SM_SnakePlant_01.uexp" 3247
"C:/Users/Margarida/Desktop/Thesis-Project-2025/Thesis_Project/Content/Room/Plants/SM_SnakePlant_02.ubulk" 3248
"C:/Users/Margarida/Desktop/Thesis-Project-2025/Thesis_Project/Content/Room/Plants/SM_SnakePlant_02.uasset" 3249
"C:/Users/Margarida/Desktop/Thesis-Project-2025/Thesis_Project/Content/Room/Plants/SM_SnakePlant_02.uexp" 3250
"C:/Users/Margarida/Desktop/Thesis-Project-2025/Thesis_Project/Content/Room/Plants/SM_SnakePlant_03.ubulk" 3251
"C:/Users/Margarida/Desktop/Thesis-Project-2025/Thesis_Project/Content/Room/Plants/SM_SnakePlant_03.uasset" 3252
"C:/Users/Margarida/Desktop/Thesis-Project-2025/Thesis_Project/Content/Room/Plants/SM_SnakePlant_03.uexp" 3253
"C:/Users/Margarida/Desktop/Thesis-Project-2025/Thesis_Project/Content/Room/Plants/Textures/ti2rehaia_4K_Translucency.ubulk" 3254
"C:/Users/Margarida/Desktop/Thesis-Project-2025/Thesis_Project/Content/Room/Plants/Textures/ti2rehaia_4K_Translucency.uasset" 3255
"C:/Users/Margarida/Desktop/Thesis-Project-2025/Thesis_Project/Content/Room/Plants/Textures/ti2rehaia_4K_Translucency.uexp" 3256
"C:/Users/Margarida/Desktop/Thesis-Project-2025/Thesis_Project/Content/Room/Plants/Textures/ti2rehaia_4K_Roughness.ubulk" 3257
"C:/Users/Margarida/Desktop/Thesis-Project-2025/Thesis_Project/Content/Room/Plants/Textures/ti2rehaia_4K_Roughness.uasset" 3258
"C:/Users/Margarida/Desktop/Thesis-Project-2025/Thesis_Project/Content/Room/Plants/Textures/ti2rehaia_4K_Roughness.uexp" 3259
"C:/Users/Margarida/Desktop/Thesis-Project-2025/Thesis_Project/Content/Room/Plants/Textures/ti2rehaia_4K_Opacity.ubulk" 3260
"C:/Users/Margarida/Desktop/Thesis-Project-2025/Thesis_Project/Content/Room/Plants/Textures/ti2rehaia_4K_Opacity.uasset" 3261
"C:/Users/Margarida/Desktop/Thesis-Project-2025/Thesis_Project/Content/Room/Plants/Textures/ti2rehaia_4K_Opacity.uexp" 3262
"C:/Users/Margarida/Desktop/Thesis-Project-2025/Thesis_Project/Content/Room/Plants/Textures/ti2rehaia_4K_Normal.ubulk" 3263
"C:/Users/Margarida/Desktop/Thesis-Project-2025/Thesis_Project/Content/Room/Plants/Textures/ti2rehaia_4K_Normal.uasset" 3264
"C:/Users/Margarida/Desktop/Thesis-Project-2025/Thesis_Project/Content/Room/Plants/Textures/ti2rehaia_4K_Normal.uexp" 3265
"C:/Users/Margarida/Desktop/Thesis-Project-2025/Thesis_Project/Content/Room/Plants/Textures/ti2rehaia_4K_Displacement.ubulk" 3266
"C:/Users/Margarida/Desktop/Thesis-Project-2025/Thesis_Project/Content/Room/Plants/Textures/ti2rehaia_4K_Displacement.uasset" 3267
"C:/Users/Margarida/Desktop/Thesis-Project-2025/Thesis_Project/Content/Room/Plants/Textures/ti2rehaia_4K_Displacement.uexp" 3268
"C:/Users/Margarida/Desktop/Thesis-Project-2025/Thesis_Project/Content/Room/Plants/Textures/ti2rehaia_4K_Albedo.ubulk" 3269
"C:/Users/Margarida/Desktop/Thesis-Project-2025/Thesis_Project/Content/Room/Plants/Textures/ti2rehaia_4K_Albedo.uasset" 3270
"C:/Users/Margarida/Desktop/Thesis-Project-2025/Thesis_Project/Content/Room/Plants/Textures/ti2rehaia_4K_Albedo.uexp" 3271
"C:/Users/Margarida/Desktop/Thesis-Project-2025/Thesis_Project/Content/Room/Plants/Materials/01_Cat_Palm_tjejafeia_4K_inst.uasset" 3272
"C:/Users/Margarida/Desktop/Thesis-Project-2025/Thesis_Project/Content/Room/Plants/Materials/01_Cat_Palm_tjejafeia_4K_inst.uexp" 3273
"C:/Users/Margarida/Desktop/Thesis-Project-2025/Thesis_Project/Content/Room/Plants/Var3_LOD0.ubulk" 3274
"C:/Users/Margarida/Desktop/Thesis-Project-2025/Thesis_Project/Content/Room/Plants/Var3_LOD0.uasset" 3275
"C:/Users/Margarida/Desktop/Thesis-Project-2025/Thesis_Project/Content/Room/Plants/Var3_LOD0.uexp" 3276
"C:/Users/Margarida/Desktop/Thesis-Project-2025/Thesis_Project/Content/Room/SkeletalMeshes/SK_FanBlades_PhysicsAsset.uasset" 3277
"C:/Users/Margarida/Desktop/Thesis-Project-2025/Thesis_Project/Content/Room/SkeletalMeshes/SK_FanBlades_PhysicsAsset.uexp" 3278
"C:/Users/Margarida/Desktop/Thesis-Project-2025/Thesis_Project/Content/Room/SkeletalMeshes/SK_FanBlades.uasset" 3279
"C:/Users/Margarida/Desktop/Thesis-Project-2025/Thesis_Project/Content/Room/SkeletalMeshes/SK_FanBlades.uexp" 3280
"C:/Users/Margarida/Desktop/Thesis-Project-2025/Thesis_Project/Content/Room/SkeletalMeshes/SK_Mobile_PhysicsAsset.uasset" 3281
"C:/Users/Margarida/Desktop/Thesis-Project-2025/Thesis_Project/Content/Room/SkeletalMeshes/SK_Mobile_PhysicsAsset.uexp" 3282
"C:/Users/Margarida/Desktop/Thesis-Project-2025/Thesis_Project/Content/Room/SkeletalMeshes/SK_Mobile.uasset" 3283
"C:/Users/Margarida/Desktop/Thesis-Project-2025/Thesis_Project/Content/Room/SkeletalMeshes/SK_Mobile.uexp" 3284
"C:/Users/Margarida/Desktop/Thesis-Project-2025/Thesis_Project/Content/MetaHumans/Common/Male/Textures/male_002/8K/male_body_cavity_map.uexp" 3285
"C:/Users/Margarida/Desktop/Thesis-Project-2025/Thesis_Project/Content/MetaHumans/Common/Male/Textures/male_002/8K/male_body_cavity_map.ubulk" 3286
"C:/Users/Margarida/Desktop/Thesis-Project-2025/Thesis_Project/Content/MetaHumans/Common/Male/Textures/male_002/8K/male_body_cavity_map.uasset" 3287
"C:/Users/Margarida/Desktop/Thesis-Project-2025/Thesis_Project/Content/MetaHumans/Common/Male/Textures/male_002/8K/male_body_cavity_map.uptnl" 3288
"C:/Users/Margarida/Desktop/Thesis-Project-2025/Thesis_Project/Content/MetaHumans/Common/Male/Textures/male_002/8K/male_body_normal_map.uexp" 3289
"C:/Users/Margarida/Desktop/Thesis-Project-2025/Thesis_Project/Content/MetaHumans/Common/Male/Textures/male_002/8K/male_body_normal_map.ubulk" 3290
"C:/Users/Margarida/Desktop/Thesis-Project-2025/Thesis_Project/Content/MetaHumans/Common/Male/Textures/male_002/8K/male_body_normal_map.uasset" 3291
"C:/Users/Margarida/Desktop/Thesis-Project-2025/Thesis_Project/Content/MetaHumans/Common/Male/Textures/male_002/8K/male_body_normal_map.uptnl" 3292
"C:/Users/Margarida/Desktop/Thesis-Project-2025/Thesis_Project/Content/MetaHumans/Common/Male/Textures/male_002/8K/male_body_roughness_map.uexp" 3293
"C:/Users/Margarida/Desktop/Thesis-Project-2025/Thesis_Project/Content/MetaHumans/Common/Male/Textures/male_002/8K/male_body_roughness_map.ubulk" 3294
"C:/Users/Margarida/Desktop/Thesis-Project-2025/Thesis_Project/Content/MetaHumans/Common/Male/Textures/male_002/8K/male_body_roughness_map.uasset" 3295
"C:/Users/Margarida/Desktop/Thesis-Project-2025/Thesis_Project/Content/MetaHumans/Common/Male/Textures/male_002/8K/male_body_roughness_map.uptnl" 3296
"C:/Users/Margarida/Desktop/Thesis-Project-2025/Thesis_Project/Content/MetaHumans/Common/Male/Textures/Shared/8K/male_body_mask_map.uexp" 3297
"C:/Users/Margarida/Desktop/Thesis-Project-2025/Thesis_Project/Content/MetaHumans/Common/Male/Textures/Shared/8K/male_body_mask_map.ubulk" 3298
"C:/Users/Margarida/Desktop/Thesis-Project-2025/Thesis_Project/Content/MetaHumans/Common/Male/Textures/Shared/8K/male_body_mask_map.uasset" 3299
"C:/Users/Margarida/Desktop/Thesis-Project-2025/Thesis_Project/Content/MetaHumans/Common/Male/Textures/Shared/8K/male_body_mask_map.uptnl" 3300
"C:/Users/Margarida/Desktop/Thesis-Project-2025/Thesis_Project/Content/MetaHumans/Common/Male/Textures/Shared/8K/male_underwear_color_map.uexp" 3301
"C:/Users/Margarida/Desktop/Thesis-Project-2025/Thesis_Project/Content/MetaHumans/Common/Male/Textures/Shared/8K/male_underwear_color_map.ubulk" 3302
"C:/Users/Margarida/Desktop/Thesis-Project-2025/Thesis_Project/Content/MetaHumans/Common/Male/Textures/Shared/8K/male_underwear_color_map.uasset" 3303
"C:/Users/Margarida/Desktop/Thesis-Project-2025/Thesis_Project/Content/MetaHumans/Common/Male/Textures/Shared/8K/male_underwear_color_map.uptnl" 3304
"C:/Users/Margarida/Desktop/Thesis-Project-2025/Thesis_Project/Content/MetaHumans/David/Body/BodyBaseColor.ubulk" 3305
"C:/Users/Margarida/Desktop/Thesis-Project-2025/Thesis_Project/Content/MetaHumans/David/Body/BodyBaseColor.uasset" 3306
"C:/Users/Margarida/Desktop/Thesis-Project-2025/Thesis_Project/Content/MetaHumans/David/Body/BodyBaseColor.uexp" 3307
"C:/Users/Margarida/Desktop/Thesis-Project-2025/Thesis_Project/Content/MetaHumans/David/Materials/MI_BodySynthesized.uasset" 3308
"C:/Users/Margarida/Desktop/Thesis-Project-2025/Thesis_Project/Content/MetaHumans/David/Materials/MI_BodySynthesized.uexp" 3309
"C:/Users/Margarida/Desktop/Thesis-Project-2025/Thesis_Project/Content/MetaHumans/Common/Male/Tall/NormalWeight/Poses/m_tal_nrw_upperarm_r_pose.uasset" 3310
"C:/Users/Margarida/Desktop/Thesis-Project-2025/Thesis_Project/Content/MetaHumans/Common/Male/Tall/NormalWeight/Poses/m_tal_nrw_upperarm_r_pose.uexp" 3311
"C:/Users/Margarida/Desktop/Thesis-Project-2025/Thesis_Project/Content/MetaHumans/Common/Male/Tall/NormalWeight/Poses/m_tal_nrw_upperarm_l_pose.uasset" 3312
"C:/Users/Margarida/Desktop/Thesis-Project-2025/Thesis_Project/Content/MetaHumans/Common/Male/Tall/NormalWeight/Poses/m_tal_nrw_upperarm_l_pose.uexp" 3313
"C:/Users/Margarida/Desktop/Thesis-Project-2025/Thesis_Project/Content/MetaHumans/Common/Male/Tall/NormalWeight/Poses/m_tal_nrw_thumb_03_r_pose.uasset" 3314
"C:/Users/Margarida/Desktop/Thesis-Project-2025/Thesis_Project/Content/MetaHumans/Common/Male/Tall/NormalWeight/Poses/m_tal_nrw_thumb_03_r_pose.uexp" 3315
"C:/Users/Margarida/Desktop/Thesis-Project-2025/Thesis_Project/Content/MetaHumans/Common/Male/Tall/NormalWeight/Poses/m_tal_nrw_thumb_03_l_pose.uasset" 3316
"C:/Users/Margarida/Desktop/Thesis-Project-2025/Thesis_Project/Content/MetaHumans/Common/Male/Tall/NormalWeight/Poses/m_tal_nrw_thumb_03_l_pose.uexp" 3317
"C:/Users/Margarida/Desktop/Thesis-Project-2025/Thesis_Project/Content/MetaHumans/Common/Male/Tall/NormalWeight/Poses/m_tal_nrw_thumb_02_r_pose.uasset" 3318
"C:/Users/Margarida/Desktop/Thesis-Project-2025/Thesis_Project/Content/MetaHumans/Common/Male/Tall/NormalWeight/Poses/m_tal_nrw_thumb_02_r_pose.uexp" 3319
"C:/Users/Margarida/Desktop/Thesis-Project-2025/Thesis_Project/Content/MetaHumans/Common/Male/Tall/NormalWeight/Poses/m_tal_nrw_thumb_02_l_pose.uasset" 3320
"C:/Users/Margarida/Desktop/Thesis-Project-2025/Thesis_Project/Content/MetaHumans/Common/Male/Tall/NormalWeight/Poses/m_tal_nrw_thumb_02_l_pose.uexp" 3321
"C:/Users/Margarida/Desktop/Thesis-Project-2025/Thesis_Project/Content/MetaHumans/Common/Male/Tall/NormalWeight/Poses/m_tal_nrw_thumb_01_r_pose.uasset" 3322
"C:/Users/Margarida/Desktop/Thesis-Project-2025/Thesis_Project/Content/MetaHumans/Common/Male/Tall/NormalWeight/Poses/m_tal_nrw_thumb_01_r_pose.uexp" 3323
"C:/Users/Margarida/Desktop/Thesis-Project-2025/Thesis_Project/Content/MetaHumans/Common/Male/Tall/NormalWeight/Poses/m_tal_nrw_thumb_01_l_pose.uasset" 3324
"C:/Users/Margarida/Desktop/Thesis-Project-2025/Thesis_Project/Content/MetaHumans/Common/Male/Tall/NormalWeight/Poses/m_tal_nrw_thumb_01_l_pose.uexp" 3325
"C:/Users/Margarida/Desktop/Thesis-Project-2025/Thesis_Project/Content/MetaHumans/Common/Male/Tall/NormalWeight/Poses/m_tal_nrw_thigh_r_pose.uasset" 3326
"C:/Users/Margarida/Desktop/Thesis-Project-2025/Thesis_Project/Content/MetaHumans/Common/Male/Tall/NormalWeight/Poses/m_tal_nrw_thigh_r_pose.uexp" 3327
"C:/Users/Margarida/Desktop/Thesis-Project-2025/Thesis_Project/Content/MetaHumans/Common/Male/Tall/NormalWeight/Poses/m_tal_nrw_thigh_l_pose.uasset" 3328
"C:/Users/Margarida/Desktop/Thesis-Project-2025/Thesis_Project/Content/MetaHumans/Common/Male/Tall/NormalWeight/Poses/m_tal_nrw_thigh_l_pose.uexp" 3329
"C:/Users/Margarida/Desktop/Thesis-Project-2025/Thesis_Project/Content/MetaHumans/Common/Male/Tall/NormalWeight/Poses/m_tal_nrw_ring_03_r_pose.uasset" 3330
"C:/Users/Margarida/Desktop/Thesis-Project-2025/Thesis_Project/Content/MetaHumans/Common/Male/Tall/NormalWeight/Poses/m_tal_nrw_ring_03_r_pose.uexp" 3331
"C:/Users/Margarida/Desktop/Thesis-Project-2025/Thesis_Project/Content/MetaHumans/Common/Male/Tall/NormalWeight/Poses/m_tal_nrw_ring_03_l_pose.uasset" 3332
"C:/Users/Margarida/Desktop/Thesis-Project-2025/Thesis_Project/Content/MetaHumans/Common/Male/Tall/NormalWeight/Poses/m_tal_nrw_ring_03_l_pose.uexp" 3333
"C:/Users/Margarida/Desktop/Thesis-Project-2025/Thesis_Project/Content/MetaHumans/Common/Male/Tall/NormalWeight/Poses/m_tal_nrw_ring_02_r_pose.uasset" 3334
"C:/Users/Margarida/Desktop/Thesis-Project-2025/Thesis_Project/Content/MetaHumans/Common/Male/Tall/NormalWeight/Poses/m_tal_nrw_ring_02_r_pose.uexp" 3335
"C:/Users/Margarida/Desktop/Thesis-Project-2025/Thesis_Project/Content/MetaHumans/Common/Male/Tall/NormalWeight/Poses/m_tal_nrw_ring_02_l_pose.uasset" 3336
"C:/Users/Margarida/Desktop/Thesis-Project-2025/Thesis_Project/Content/MetaHumans/Common/Male/Tall/NormalWeight/Poses/m_tal_nrw_ring_02_l_pose.uexp" 3337
"C:/Users/Margarida/Desktop/Thesis-Project-2025/Thesis_Project/Content/MetaHumans/Common/Male/Tall/NormalWeight/Poses/m_tal_nrw_ring_01_r_pose.uasset" 3338
"C:/Users/Margarida/Desktop/Thesis-Project-2025/Thesis_Project/Content/MetaHumans/Common/Male/Tall/NormalWeight/Poses/m_tal_nrw_ring_01_r_pose.uexp" 3339
"C:/Users/Margarida/Desktop/Thesis-Project-2025/Thesis_Project/Content/MetaHumans/Common/Male/Tall/NormalWeight/Poses/m_tal_nrw_ring_01_l_pose.uasset" 3340
"C:/Users/Margarida/Desktop/Thesis-Project-2025/Thesis_Project/Content/MetaHumans/Common/Male/Tall/NormalWeight/Poses/m_tal_nrw_ring_01_l_pose.uexp" 3341
"C:/Users/Margarida/Desktop/Thesis-Project-2025/Thesis_Project/Content/MetaHumans/Common/Male/Tall/NormalWeight/Poses/m_tal_nrw_pinky_03_r_pose.uasset" 3342
"C:/Users/Margarida/Desktop/Thesis-Project-2025/Thesis_Project/Content/MetaHumans/Common/Male/Tall/NormalWeight/Poses/m_tal_nrw_pinky_03_r_pose.uexp" 3343
"C:/Users/Margarida/Desktop/Thesis-Project-2025/Thesis_Project/Content/MetaHumans/Common/Male/Tall/NormalWeight/Poses/m_tal_nrw_pinky_03_l_pose.uasset" 3344
"C:/Users/Margarida/Desktop/Thesis-Project-2025/Thesis_Project/Content/MetaHumans/Common/Male/Tall/NormalWeight/Poses/m_tal_nrw_pinky_03_l_pose.uexp" 3345
"C:/Users/Margarida/Desktop/Thesis-Project-2025/Thesis_Project/Content/MetaHumans/Common/Male/Tall/NormalWeight/Poses/m_tal_nrw_pinky_02_r_pose.uasset" 3346
"C:/Users/Margarida/Desktop/Thesis-Project-2025/Thesis_Project/Content/MetaHumans/Common/Male/Tall/NormalWeight/Poses/m_tal_nrw_pinky_02_r_pose.uexp" 3347
"C:/Users/Margarida/Desktop/Thesis-Project-2025/Thesis_Project/Content/MetaHumans/Common/Male/Tall/NormalWeight/Poses/m_tal_nrw_pinky_02_l_pose.uasset" 3348
"C:/Users/Margarida/Desktop/Thesis-Project-2025/Thesis_Project/Content/MetaHumans/Common/Male/Tall/NormalWeight/Poses/m_tal_nrw_pinky_02_l_pose.uexp" 3349
"C:/Users/Margarida/Desktop/Thesis-Project-2025/Thesis_Project/Content/MetaHumans/Common/Male/Tall/NormalWeight/Poses/m_tal_nrw_pinky_01_r_pose.uasset" 3350
"C:/Users/Margarida/Desktop/Thesis-Project-2025/Thesis_Project/Content/MetaHumans/Common/Male/Tall/NormalWeight/Poses/m_tal_nrw_pinky_01_r_pose.uexp" 3351
"C:/Users/Margarida/Desktop/Thesis-Project-2025/Thesis_Project/Content/MetaHumans/Common/Male/Tall/NormalWeight/Poses/m_tal_nrw_pinky_01_l_pose.uasset" 3352
"C:/Users/Margarida/Desktop/Thesis-Project-2025/Thesis_Project/Content/MetaHumans/Common/Male/Tall/NormalWeight/Poses/m_tal_nrw_pinky_01_l_pose.uexp" 3353
"C:/Users/Margarida/Desktop/Thesis-Project-2025/Thesis_Project/Content/MetaHumans/Common/Male/Tall/NormalWeight/Poses/m_tal_nrw_middle_03_r_pose.uasset" 3354
"C:/Users/Margarida/Desktop/Thesis-Project-2025/Thesis_Project/Content/MetaHumans/Common/Male/Tall/NormalWeight/Poses/m_tal_nrw_middle_03_r_pose.uexp" 3355
"C:/Users/Margarida/Desktop/Thesis-Project-2025/Thesis_Project/Content/MetaHumans/Common/Male/Tall/NormalWeight/Poses/m_tal_nrw_middle_03_l_pose.uasset" 3356
"C:/Users/Margarida/Desktop/Thesis-Project-2025/Thesis_Project/Content/MetaHumans/Common/Male/Tall/NormalWeight/Poses/m_tal_nrw_middle_03_l_pose.uexp" 3357
"C:/Users/Margarida/Desktop/Thesis-Project-2025/Thesis_Project/Content/MetaHumans/Common/Male/Tall/NormalWeight/Poses/m_tal_nrw_middle_02_r_pose.uasset" 3358
"C:/Users/Margarida/Desktop/Thesis-Project-2025/Thesis_Project/Content/MetaHumans/Common/Male/Tall/NormalWeight/Poses/m_tal_nrw_middle_02_r_pose.uexp" 3359
"C:/Users/Margarida/Desktop/Thesis-Project-2025/Thesis_Project/Content/MetaHumans/Common/Male/Tall/NormalWeight/Poses/m_tal_nrw_middle_02_l_pose.uasset" 3360
"C:/Users/Margarida/Desktop/Thesis-Project-2025/Thesis_Project/Content/MetaHumans/Common/Male/Tall/NormalWeight/Poses/m_tal_nrw_middle_02_l_pose.uexp" 3361
"C:/Users/Margarida/Desktop/Thesis-Project-2025/Thesis_Project/Content/MetaHumans/Common/Male/Tall/NormalWeight/Poses/m_tal_nrw_middle_01_r_pose.uasset" 3362
"C:/Users/Margarida/Desktop/Thesis-Project-2025/Thesis_Project/Content/MetaHumans/Common/Male/Tall/NormalWeight/Poses/m_tal_nrw_middle_01_r_pose.uexp" 3363
"C:/Users/Margarida/Desktop/Thesis-Project-2025/Thesis_Project/Content/MetaHumans/Common/Male/Tall/NormalWeight/Poses/m_tal_nrw_middle_01_l_pose.uasset" 3364
"C:/Users/Margarida/Desktop/Thesis-Project-2025/Thesis_Project/Content/MetaHumans/Common/Male/Tall/NormalWeight/Poses/m_tal_nrw_middle_01_l_pose.uexp" 3365
"C:/Users/Margarida/Desktop/Thesis-Project-2025/Thesis_Project/Content/MetaHumans/Common/Male/Tall/NormalWeight/Poses/m_tal_nrw_lowerarm_r_pose.uasset" 3366
"C:/Users/Margarida/Desktop/Thesis-Project-2025/Thesis_Project/Content/MetaHumans/Common/Male/Tall/NormalWeight/Poses/m_tal_nrw_lowerarm_r_pose.uexp" 3367
"C:/Users/Margarida/Desktop/Thesis-Project-2025/Thesis_Project/Content/MetaHumans/Common/Male/Tall/NormalWeight/Poses/m_tal_nrw_lowerarm_l_pose.uasset" 3368
"C:/Users/Margarida/Desktop/Thesis-Project-2025/Thesis_Project/Content/MetaHumans/Common/Male/Tall/NormalWeight/Poses/m_tal_nrw_lowerarm_l_pose.uexp" 3369
"C:/Users/Margarida/Desktop/Thesis-Project-2025/Thesis_Project/Content/MetaHumans/Common/Male/Tall/NormalWeight/Poses/m_tal_nrw_index_03_r_pose.uasset" 3370
"C:/Users/Margarida/Desktop/Thesis-Project-2025/Thesis_Project/Content/MetaHumans/Common/Male/Tall/NormalWeight/Poses/m_tal_nrw_index_03_r_pose.uexp" 3371
"C:/Users/Margarida/Desktop/Thesis-Project-2025/Thesis_Project/Content/MetaHumans/Common/Male/Tall/NormalWeight/Poses/m_tal_nrw_index_03_l_pose.uasset" 3372
"C:/Users/Margarida/Desktop/Thesis-Project-2025/Thesis_Project/Content/MetaHumans/Common/Male/Tall/NormalWeight/Poses/m_tal_nrw_index_03_l_pose.uexp" 3373
"C:/Users/Margarida/Desktop/Thesis-Project-2025/Thesis_Project/Content/MetaHumans/Common/Male/Tall/NormalWeight/Poses/m_tal_nrw_index_02_r_pose.uasset" 3374
"C:/Users/Margarida/Desktop/Thesis-Project-2025/Thesis_Project/Content/MetaHumans/Common/Male/Tall/NormalWeight/Poses/m_tal_nrw_index_02_r_pose.uexp" 3375
"C:/Users/Margarida/Desktop/Thesis-Project-2025/Thesis_Project/Content/MetaHumans/Common/Male/Tall/NormalWeight/Poses/m_tal_nrw_index_02_l_pose.uasset" 3376
"C:/Users/Margarida/Desktop/Thesis-Project-2025/Thesis_Project/Content/MetaHumans/Common/Male/Tall/NormalWeight/Poses/m_tal_nrw_index_02_l_pose.uexp" 3377
"C:/Users/Margarida/Desktop/Thesis-Project-2025/Thesis_Project/Content/MetaHumans/Common/Male/Tall/NormalWeight/Poses/m_tal_nrw_index_01_r_pose.uasset" 3378
"C:/Users/Margarida/Desktop/Thesis-Project-2025/Thesis_Project/Content/MetaHumans/Common/Male/Tall/NormalWeight/Poses/m_tal_nrw_index_01_r_pose.uexp" 3379
"C:/Users/Margarida/Desktop/Thesis-Project-2025/Thesis_Project/Content/MetaHumans/Common/Male/Tall/NormalWeight/Poses/m_tal_nrw_index_01_l_pose.uasset" 3380
"C:/Users/Margarida/Desktop/Thesis-Project-2025/Thesis_Project/Content/MetaHumans/Common/Male/Tall/NormalWeight/Poses/m_tal_nrw_index_01_l_pose.uexp" 3381
"C:/Users/Margarida/Desktop/Thesis-Project-2025/Thesis_Project/Content/MetaHumans/Common/Male/Tall/NormalWeight/Poses/m_tal_nrw_hand_r_pose.uasset" 3382
"C:/Users/Margarida/Desktop/Thesis-Project-2025/Thesis_Project/Content/MetaHumans/Common/Male/Tall/NormalWeight/Poses/m_tal_nrw_hand_r_pose.uexp" 3383
"C:/Users/Margarida/Desktop/Thesis-Project-2025/Thesis_Project/Content/MetaHumans/Common/Male/Tall/NormalWeight/Poses/m_tal_nrw_hand_l_pose.uasset" 3384
"C:/Users/Margarida/Desktop/Thesis-Project-2025/Thesis_Project/Content/MetaHumans/Common/Male/Tall/NormalWeight/Poses/m_tal_nrw_hand_l_pose.uexp" 3385
"C:/Users/Margarida/Desktop/Thesis-Project-2025/Thesis_Project/Content/MetaHumans/Common/Male/Tall/NormalWeight/Poses/m_tal_nrw_foot_r_pose.uasset" 3386
"C:/Users/Margarida/Desktop/Thesis-Project-2025/Thesis_Project/Content/MetaHumans/Common/Male/Tall/NormalWeight/Poses/m_tal_nrw_foot_r_pose.uexp" 3387
"C:/Users/Margarida/Desktop/Thesis-Project-2025/Thesis_Project/Content/MetaHumans/Common/Male/Tall/NormalWeight/Poses/m_tal_nrw_foot_l_pose.uasset" 3388
"C:/Users/Margarida/Desktop/Thesis-Project-2025/Thesis_Project/Content/MetaHumans/Common/Male/Tall/NormalWeight/Poses/m_tal_nrw_foot_l_pose.uexp" 3389
"C:/Users/Margarida/Desktop/Thesis-Project-2025/Thesis_Project/Content/MetaHumans/Common/Male/Tall/NormalWeight/Poses/m_tal_nrw_clavicle_r_pose.uasset" 3390
"C:/Users/Margarida/Desktop/Thesis-Project-2025/Thesis_Project/Content/MetaHumans/Common/Male/Tall/NormalWeight/Poses/m_tal_nrw_clavicle_r_pose.uexp" 3391
"C:/Users/Margarida/Desktop/Thesis-Project-2025/Thesis_Project/Content/MetaHumans/Common/Male/Tall/NormalWeight/Poses/m_tal_nrw_clavicle_l_pose.uasset" 3392
"C:/Users/Margarida/Desktop/Thesis-Project-2025/Thesis_Project/Content/MetaHumans/Common/Male/Tall/NormalWeight/Poses/m_tal_nrw_clavicle_l_pose.uexp" 3393
"C:/Users/Margarida/Desktop/Thesis-Project-2025/Thesis_Project/Content/MetaHumans/Common/Male/Tall/NormalWeight/Poses/m_tal_nrw_calf_r_pose.uasset" 3394
"C:/Users/Margarida/Desktop/Thesis-Project-2025/Thesis_Project/Content/MetaHumans/Common/Male/Tall/NormalWeight/Poses/m_tal_nrw_calf_r_pose.uexp" 3395
"C:/Users/Margarida/Desktop/Thesis-Project-2025/Thesis_Project/Content/MetaHumans/Common/Male/Tall/NormalWeight/Poses/m_tal_nrw_calf_l_pose.uasset" 3396
"C:/Users/Margarida/Desktop/Thesis-Project-2025/Thesis_Project/Content/MetaHumans/Common/Male/Tall/NormalWeight/Poses/m_tal_nrw_calf_l_pose.uexp" 3397
"C:/Users/Margarida/Desktop/Thesis-Project-2025/Thesis_Project/Content/MetaHumans/Common/Male/Tall/NormalWeight/Body/m_tal_nrw_animbp_Cinematic.uasset" 3398
"C:/Users/Margarida/Desktop/Thesis-Project-2025/Thesis_Project/Content/MetaHumans/Common/Male/Tall/NormalWeight/Body/m_tal_nrw_animbp_Cinematic.uexp" 3399
"C:/Users/Margarida/Desktop/Thesis-Project-2025/Thesis_Project/Content/MetaHumans/Common/Male/Tall/NormalWeight/Body/m_tal_nrw_body_Physics.uasset" 3400
"C:/Users/Margarida/Desktop/Thesis-Project-2025/Thesis_Project/Content/MetaHumans/Common/Male/Tall/NormalWeight/Body/m_tal_nrw_body_Physics.uexp" 3401
"C:/Users/Margarida/Desktop/Thesis-Project-2025/Thesis_Project/Content/MetaHumans/David/Body/m_tal_nrw_body.uasset" 3402
"C:/Users/Margarida/Desktop/Thesis-Project-2025/Thesis_Project/Content/MetaHumans/David/Body/m_tal_nrw_body.uexp" 3403
"C:/Users/Margarida/Desktop/Thesis-Project-2025/Thesis_Project/Content/MetaHumans/David/Materials/MI_PeachFuzz.uasset" 3404
"C:/Users/Margarida/Desktop/Thesis-Project-2025/Thesis_Project/Content/MetaHumans/David/Materials/MI_PeachFuzz.uexp" 3405
"C:/Users/Margarida/Desktop/Thesis-Project-2025/Thesis_Project/Content/MetaHumans/Common/Materials/HighlightsTextures/HighlightsMask_dense.ubulk" 3406
"C:/Users/Margarida/Desktop/Thesis-Project-2025/Thesis_Project/Content/MetaHumans/Common/Materials/HighlightsTextures/HighlightsMask_dense.uasset" 3407
"C:/Users/Margarida/Desktop/Thesis-Project-2025/Thesis_Project/Content/MetaHumans/Common/Materials/HighlightsTextures/HighlightsMask_dense.uexp" 3408
"C:/Users/Margarida/Desktop/Thesis-Project-2025/Thesis_Project/Content/MetaHumans/David/Materials/MI_Hair_Helmet.uasset" 3409
"C:/Users/Margarida/Desktop/Thesis-Project-2025/Thesis_Project/Content/MetaHumans/David/Materials/MI_Hair_Helmet.uexp" 3410
"C:/Users/Margarida/Desktop/Thesis-Project-2025/Thesis_Project/Content/MetaHumans/David/Materials/MI_Hair_Cards.uasset" 3411
"C:/Users/Margarida/Desktop/Thesis-Project-2025/Thesis_Project/Content/MetaHumans/David/Materials/MI_Hair_Cards.uexp" 3412
"C:/Users/Margarida/Desktop/Thesis-Project-2025/Thesis_Project/Content/MetaHumans/David/Materials/MI_Hair3.uasset" 3413
"C:/Users/Margarida/Desktop/Thesis-Project-2025/Thesis_Project/Content/MetaHumans/David/Materials/MI_Hair3.uexp" 3414
"C:/Users/Margarida/Desktop/Thesis-Project-2025/Thesis_Project/Content/MetaHumans/David/Materials/MI_Hair2.uasset" 3415
"C:/Users/Margarida/Desktop/Thesis-Project-2025/Thesis_Project/Content/MetaHumans/David/Materials/MI_Hair2.uexp" 3416
"C:/Users/Margarida/Desktop/Thesis-Project-2025/Thesis_Project/Content/MetaHumans/David/Materials/MI_Hair1.uasset" 3417
"C:/Users/Margarida/Desktop/Thesis-Project-2025/Thesis_Project/Content/MetaHumans/David/Materials/MI_Hair1.uexp" 3418
"C:/Users/Margarida/Desktop/Thesis-Project-2025/Thesis_Project/Content/MetaHumans/David/Materials/MI_Hair.uasset" 3419
"C:/Users/Margarida/Desktop/Thesis-Project-2025/Thesis_Project/Content/MetaHumans/David/Materials/MI_Hair.uexp" 3420
"C:/Users/Margarida/Desktop/Thesis-Project-2025/Thesis_Project/Content/MetaHumans/David/Materials/MI_Facial_Hair.uasset" 3421
"C:/Users/Margarida/Desktop/Thesis-Project-2025/Thesis_Project/Content/MetaHumans/David/Materials/MI_Facial_Hair.uexp" 3422
"C:/Users/Margarida/Desktop/Thesis-Project-2025/Thesis_Project/Content/MetaHumans/Common/Materials/Slacks/btm_slacks_Mask.ubulk" 3423
"C:/Users/Margarida/Desktop/Thesis-Project-2025/Thesis_Project/Content/MetaHumans/Common/Materials/Slacks/btm_slacks_Mask.uasset" 3424
"C:/Users/Margarida/Desktop/Thesis-Project-2025/Thesis_Project/Content/MetaHumans/Common/Materials/Slacks/btm_slacks_Mask.uexp" 3425
"C:/Users/Margarida/Desktop/Thesis-Project-2025/Thesis_Project/Content/MetaHumans/Common/Materials/Textures/Clothing/Macros/macro_heather_04_Vertical.ubulk" 3426
"C:/Users/Margarida/Desktop/Thesis-Project-2025/Thesis_Project/Content/MetaHumans/Common/Materials/Textures/Clothing/Macros/macro_heather_04_Vertical.uasset" 3427
"C:/Users/Margarida/Desktop/Thesis-Project-2025/Thesis_Project/Content/MetaHumans/Common/Materials/Textures/Clothing/Macros/macro_heather_04_Vertical.uexp" 3428
"C:/Users/Margarida/Desktop/Thesis-Project-2025/Thesis_Project/Content/MetaHumans/Common/Materials/Slacks/Male/m_btm_slacks_AO.ubulk" 3429
"C:/Users/Margarida/Desktop/Thesis-Project-2025/Thesis_Project/Content/MetaHumans/Common/Materials/Slacks/Male/m_btm_slacks_AO.uasset" 3430
"C:/Users/Margarida/Desktop/Thesis-Project-2025/Thesis_Project/Content/MetaHumans/Common/Materials/Slacks/Male/m_btm_slacks_AO.uexp" 3431
"C:/Users/Margarida/Desktop/Thesis-Project-2025/Thesis_Project/Content/MetaHumans/Common/Materials/Slacks/Male/m_btm_slacks_custom_stitch.ubulk" 3432
"C:/Users/Margarida/Desktop/Thesis-Project-2025/Thesis_Project/Content/MetaHumans/Common/Materials/Slacks/Male/m_btm_slacks_custom_stitch.uasset" 3433
"C:/Users/Margarida/Desktop/Thesis-Project-2025/Thesis_Project/Content/MetaHumans/Common/Materials/Slacks/Male/m_btm_slacks_custom_stitch.uexp" 3434
"C:/Users/Margarida/Desktop/Thesis-Project-2025/Thesis_Project/Content/MetaHumans/Common/Materials/Slacks/Male/m_btm_slacks_N.ubulk" 3435
"C:/Users/Margarida/Desktop/Thesis-Project-2025/Thesis_Project/Content/MetaHumans/Common/Materials/Slacks/Male/m_btm_slacks_N.uasset" 3436
"C:/Users/Margarida/Desktop/Thesis-Project-2025/Thesis_Project/Content/MetaHumans/Common/Materials/Slacks/Male/m_btm_slacks_N.uexp" 3437
"C:/Users/Margarida/Desktop/Thesis-Project-2025/Thesis_Project/Content/MetaHumans/Common/Materials/Slacks/f_med_nrw_btm_slacks_nrm_custom_stitch.ubulk" 3438
"C:/Users/Margarida/Desktop/Thesis-Project-2025/Thesis_Project/Content/MetaHumans/Common/Materials/Slacks/f_med_nrw_btm_slacks_nrm_custom_stitch.uasset" 3439
"C:/Users/Margarida/Desktop/Thesis-Project-2025/Thesis_Project/Content/MetaHumans/Common/Materials/Slacks/f_med_nrw_btm_slacks_nrm_custom_stitch.uexp" 3440
"C:/Users/Margarida/Desktop/Thesis-Project-2025/Thesis_Project/Content/MetaHumans/Common/Materials/Slacks/btm_slacks_N.uexp" 3441
"C:/Users/Margarida/Desktop/Thesis-Project-2025/Thesis_Project/Content/MetaHumans/Common/Materials/Slacks/btm_slacks_N.ubulk" 3442
"C:/Users/Margarida/Desktop/Thesis-Project-2025/Thesis_Project/Content/MetaHumans/Common/Materials/Slacks/btm_slacks_N.uasset" 3443
"C:/Users/Margarida/Desktop/Thesis-Project-2025/Thesis_Project/Content/MetaHumans/Common/Materials/Slacks/btm_slacks_N.uptnl" 3444
"C:/Users/Margarida/Desktop/Thesis-Project-2025/Thesis_Project/Content/MetaHumans/Common/Materials/Slacks/btm_slacks_AO.ubulk" 3445
"C:/Users/Margarida/Desktop/Thesis-Project-2025/Thesis_Project/Content/MetaHumans/Common/Materials/Slacks/btm_slacks_AO.uasset" 3446
"C:/Users/Margarida/Desktop/Thesis-Project-2025/Thesis_Project/Content/MetaHumans/Common/Materials/Slacks/btm_slacks_AO.uexp" 3447
"C:/Users/Margarida/Desktop/Thesis-Project-2025/Thesis_Project/Content/MetaHumans/Common/Materials/Slacks/M_btm_slacks.uasset" 3448
"C:/Users/Margarida/Desktop/Thesis-Project-2025/Thesis_Project/Content/MetaHumans/Common/Materials/Slacks/M_btm_slacks.uexp" 3449
"C:/Users/Margarida/Desktop/Thesis-Project-2025/Thesis_Project/Content/MetaHumans/Common/Materials/Slacks/Male/M_m_btm_slacks.uasset" 3450
"C:/Users/Margarida/Desktop/Thesis-Project-2025/Thesis_Project/Content/MetaHumans/Common/Materials/Slacks/Male/M_m_btm_slacks.uexp" 3451
"C:/Users/Margarida/Desktop/Thesis-Project-2025/Thesis_Project/Content/MetaHumans/David/Materials/Slacks/Male/M_m_btm_slacks.uasset" 3452
"C:/Users/Margarida/Desktop/Thesis-Project-2025/Thesis_Project/Content/MetaHumans/David/Materials/Slacks/Male/M_m_btm_slacks.uexp" 3453
"C:/Users/Margarida/Desktop/Thesis-Project-2025/Thesis_Project/Content/MetaHumans/Common/Materials/Shirt/Male/m_top_shirt_AO.ubulk" 3454
"C:/Users/Margarida/Desktop/Thesis-Project-2025/Thesis_Project/Content/MetaHumans/Common/Materials/Shirt/Male/m_top_shirt_AO.uasset" 3455
"C:/Users/Margarida/Desktop/Thesis-Project-2025/Thesis_Project/Content/MetaHumans/Common/Materials/Shirt/Male/m_top_shirt_AO.uexp" 3456
"C:/Users/Margarida/Desktop/Thesis-Project-2025/Thesis_Project/Content/MetaHumans/Common/Materials/Shirt/Male/m_top_shirt_custom_stitch.ubulk" 3457
"C:/Users/Margarida/Desktop/Thesis-Project-2025/Thesis_Project/Content/MetaHumans/Common/Materials/Shirt/Male/m_top_shirt_custom_stitch.uasset" 3458
"C:/Users/Margarida/Desktop/Thesis-Project-2025/Thesis_Project/Content/MetaHumans/Common/Materials/Shirt/Male/m_top_shirt_custom_stitch.uexp" 3459
"C:/Users/Margarida/Desktop/Thesis-Project-2025/Thesis_Project/Content/MetaHumans/Common/Materials/Shirt/Male/m_top_shirt_Mask.ubulk" 3460
"C:/Users/Margarida/Desktop/Thesis-Project-2025/Thesis_Project/Content/MetaHumans/Common/Materials/Shirt/Male/m_top_shirt_Mask.uasset" 3461
"C:/Users/Margarida/Desktop/Thesis-Project-2025/Thesis_Project/Content/MetaHumans/Common/Materials/Shirt/Male/m_top_shirt_Mask.uexp" 3462
"C:/Users/Margarida/Desktop/Thesis-Project-2025/Thesis_Project/Content/MetaHumans/Common/Materials/Shirt/Male/m_top_shirt_N.ubulk" 3463
"C:/Users/Margarida/Desktop/Thesis-Project-2025/Thesis_Project/Content/MetaHumans/Common/Materials/Shirt/Male/m_top_shirt_N.uasset" 3464
"C:/Users/Margarida/Desktop/Thesis-Project-2025/Thesis_Project/Content/MetaHumans/Common/Materials/Shirt/Male/m_top_shirt_N.uexp" 3465
"C:/Users/Margarida/Desktop/Thesis-Project-2025/Thesis_Project/Content/MetaHumans/Common/Materials/Textures/Clothing/Micros/micro_chambray_D.ubulk" 3466
"C:/Users/Margarida/Desktop/Thesis-Project-2025/Thesis_Project/Content/MetaHumans/Common/Materials/Textures/Clothing/Micros/micro_chambray_D.uasset" 3467
"C:/Users/Margarida/Desktop/Thesis-Project-2025/Thesis_Project/Content/MetaHumans/Common/Materials/Textures/Clothing/Micros/micro_chambray_D.uexp" 3468
"C:/Users/Margarida/Desktop/Thesis-Project-2025/Thesis_Project/Content/MetaHumans/Common/Materials/Textures/Clothing/Micros/micro_chambray_height.ubulk" 3469
"C:/Users/Margarida/Desktop/Thesis-Project-2025/Thesis_Project/Content/MetaHumans/Common/Materials/Textures/Clothing/Micros/micro_chambray_height.uasset" 3470
"C:/Users/Margarida/Desktop/Thesis-Project-2025/Thesis_Project/Content/MetaHumans/Common/Materials/Textures/Clothing/Micros/micro_chambray_height.uexp" 3471
"C:/Users/Margarida/Desktop/Thesis-Project-2025/Thesis_Project/Content/MetaHumans/Common/Materials/Textures/Clothing/Micros/micro_chambray_N.ubulk" 3472
"C:/Users/Margarida/Desktop/Thesis-Project-2025/Thesis_Project/Content/MetaHumans/Common/Materials/Textures/Clothing/Micros/micro_chambray_N.uasset" 3473
"C:/Users/Margarida/Desktop/Thesis-Project-2025/Thesis_Project/Content/MetaHumans/Common/Materials/Textures/Clothing/Micros/micro_chambray_N.uexp" 3474
"C:/Users/Margarida/Desktop/Thesis-Project-2025/Thesis_Project/Content/MetaHumans/Common/Materials/Textures/Clothing/Wrinkles/crease_a_tileable_N.ubulk" 3475
"C:/Users/Margarida/Desktop/Thesis-Project-2025/Thesis_Project/Content/MetaHumans/Common/Materials/Textures/Clothing/Wrinkles/crease_a_tileable_N.uasset" 3476
"C:/Users/Margarida/Desktop/Thesis-Project-2025/Thesis_Project/Content/MetaHumans/Common/Materials/Textures/Clothing/Wrinkles/crease_a_tileable_N.uexp" 3477
"C:/Users/Margarida/Desktop/Thesis-Project-2025/Thesis_Project/Content/MetaHumans/Common/Materials/Shirt/Male/M_m_top_shirt.uasset" 3478
"C:/Users/Margarida/Desktop/Thesis-Project-2025/Thesis_Project/Content/MetaHumans/Common/Materials/Shirt/Male/M_m_top_shirt.uexp" 3479
"C:/Users/Margarida/Desktop/Thesis-Project-2025/Thesis_Project/Content/MetaHumans/David/Materials/Shirt/Male/M_m_top_shirt.uasset" 3480
"C:/Users/Margarida/Desktop/Thesis-Project-2025/Thesis_Project/Content/MetaHumans/David/Materials/Shirt/Male/M_m_top_shirt.uexp" 3481
"C:/Users/Margarida/Desktop/Thesis-Project-2025/Thesis_Project/Content/MetaHumans/Common/Materials/Loafers/t_shs_loafers_A.ubulk" 3482
"C:/Users/Margarida/Desktop/Thesis-Project-2025/Thesis_Project/Content/MetaHumans/Common/Materials/Loafers/t_shs_loafers_A.uasset" 3483
"C:/Users/Margarida/Desktop/Thesis-Project-2025/Thesis_Project/Content/MetaHumans/Common/Materials/Loafers/t_shs_loafers_A.uexp" 3484
"C:/Users/Margarida/Desktop/Thesis-Project-2025/Thesis_Project/Content/MetaHumans/Common/Materials/Loafers/t_shs_loafers_B.ubulk" 3485
"C:/Users/Margarida/Desktop/Thesis-Project-2025/Thesis_Project/Content/MetaHumans/Common/Materials/Loafers/t_shs_loafers_B.uasset" 3486
"C:/Users/Margarida/Desktop/Thesis-Project-2025/Thesis_Project/Content/MetaHumans/Common/Materials/Loafers/t_shs_loafers_B.uexp" 3487
"C:/Users/Margarida/Desktop/Thesis-Project-2025/Thesis_Project/Content/MetaHumans/Common/Materials/Loafers/t_shs_loafers_N.ubulk" 3488
"C:/Users/Margarida/Desktop/Thesis-Project-2025/Thesis_Project/Content/MetaHumans/Common/Materials/Loafers/t_shs_loafers_N.uasset" 3489
"C:/Users/Margarida/Desktop/Thesis-Project-2025/Thesis_Project/Content/MetaHumans/Common/Materials/Loafers/t_shs_loafers_N.uexp" 3490
"C:/Users/Margarida/Desktop/Thesis-Project-2025/Thesis_Project/Content/MetaHumans/Common/Materials/Textures/Clothing/memory_wrinkles_normal.ubulk" 3491
"C:/Users/Margarida/Desktop/Thesis-Project-2025/Thesis_Project/Content/MetaHumans/Common/Materials/Textures/Clothing/memory_wrinkles_normal.uasset" 3492
"C:/Users/Margarida/Desktop/Thesis-Project-2025/Thesis_Project/Content/MetaHumans/Common/Materials/Textures/Clothing/memory_wrinkles_normal.uexp" 3493
"C:/Users/Margarida/Desktop/Thesis-Project-2025/Thesis_Project/Content/MetaHumans/Common/Materials/Textures/Clothing/Micros/micro_leather_Color.ubulk" 3494
"C:/Users/Margarida/Desktop/Thesis-Project-2025/Thesis_Project/Content/MetaHumans/Common/Materials/Textures/Clothing/Micros/micro_leather_Color.uasset" 3495
"C:/Users/Margarida/Desktop/Thesis-Project-2025/Thesis_Project/Content/MetaHumans/Common/Materials/Textures/Clothing/Micros/micro_leather_Color.uexp" 3496
"C:/Users/Margarida/Desktop/Thesis-Project-2025/Thesis_Project/Content/MetaHumans/Common/Materials/Textures/Clothing/Micros/micro_leather_Mask.ubulk" 3497
"C:/Users/Margarida/Desktop/Thesis-Project-2025/Thesis_Project/Content/MetaHumans/Common/Materials/Textures/Clothing/Micros/micro_leather_Mask.uasset" 3498
"C:/Users/Margarida/Desktop/Thesis-Project-2025/Thesis_Project/Content/MetaHumans/Common/Materials/Textures/Clothing/Micros/micro_leather_Mask.uexp" 3499
"C:/Users/Margarida/Desktop/Thesis-Project-2025/Thesis_Project/Content/MetaHumans/Common/Materials/Loafers/M_shs_loafers.uasset" 3500
"C:/Users/Margarida/Desktop/Thesis-Project-2025/Thesis_Project/Content/MetaHumans/Common/Materials/Loafers/M_shs_loafers.uexp" 3501
"C:/Users/Margarida/Desktop/Thesis-Project-2025/Thesis_Project/Content/MetaHumans/David/Materials/Loafers/M_shs_loafers.uasset" 3502
"C:/Users/Margarida/Desktop/Thesis-Project-2025/Thesis_Project/Content/MetaHumans/David/Materials/Loafers/M_shs_loafers.uexp" 3503
"C:/Users/Margarida/Desktop/Thesis-Project-2025/Thesis_Project/Content/MetaHumans/David/MaleHair/Hair/Mustache_S_Stubble.ubulk" 3504
"C:/Users/Margarida/Desktop/Thesis-Project-2025/Thesis_Project/Content/MetaHumans/David/MaleHair/Hair/Mustache_S_Stubble.uasset" 3505
"C:/Users/Margarida/Desktop/Thesis-Project-2025/Thesis_Project/Content/MetaHumans/David/MaleHair/Hair/Mustache_S_Stubble.uexp" 3506
"C:/Users/Margarida/Desktop/Thesis-Project-2025/Thesis_Project/Content/MetaHumans/David/MaleHair/Helmets/Hair_S_HairLoss_Helmet_LOD7.ubulk" 3507
"C:/Users/Margarida/Desktop/Thesis-Project-2025/Thesis_Project/Content/MetaHumans/David/MaleHair/Helmets/Hair_S_HairLoss_Helmet_LOD7.uasset" 3508
"C:/Users/Margarida/Desktop/Thesis-Project-2025/Thesis_Project/Content/MetaHumans/David/MaleHair/Helmets/Hair_S_HairLoss_Helmet_LOD7.uexp" 3509
"C:/Users/Margarida/Desktop/Thesis-Project-2025/Thesis_Project/Content/MetaHumans/David/MaleHair/Helmets/Hair_S_HairLoss_Helmet_LOD6.ubulk" 3510
"C:/Users/Margarida/Desktop/Thesis-Project-2025/Thesis_Project/Content/MetaHumans/David/MaleHair/Helmets/Hair_S_HairLoss_Helmet_LOD6.uasset" 3511
"C:/Users/Margarida/Desktop/Thesis-Project-2025/Thesis_Project/Content/MetaHumans/David/MaleHair/Helmets/Hair_S_HairLoss_Helmet_LOD6.uexp" 3512
"C:/Users/Margarida/Desktop/Thesis-Project-2025/Thesis_Project/Content/MetaHumans/David/MaleHair/Helmets/Hair_S_HairLoss_Helmet_LOD5.ubulk" 3513
"C:/Users/Margarida/Desktop/Thesis-Project-2025/Thesis_Project/Content/MetaHumans/David/MaleHair/Helmets/Hair_S_HairLoss_Helmet_LOD5.uasset" 3514
"C:/Users/Margarida/Desktop/Thesis-Project-2025/Thesis_Project/Content/MetaHumans/David/MaleHair/Helmets/Hair_S_HairLoss_Helmet_LOD5.uexp" 3515
"C:/Users/Margarida/Desktop/Thesis-Project-2025/Thesis_Project/Content/MetaHumans/David/MaleHair/Hair/Hair_S_HairLoss_CardsMesh_Group0_LOD4.ubulk" 3516
"C:/Users/Margarida/Desktop/Thesis-Project-2025/Thesis_Project/Content/MetaHumans/David/MaleHair/Hair/Hair_S_HairLoss_CardsMesh_Group0_LOD4.uasset" 3517
"C:/Users/Margarida/Desktop/Thesis-Project-2025/Thesis_Project/Content/MetaHumans/David/MaleHair/Hair/Hair_S_HairLoss_CardsMesh_Group0_LOD4.uexp" 3518
"C:/Users/Margarida/Desktop/Thesis-Project-2025/Thesis_Project/Content/MetaHumans/David/MaleHair/Hair/Hair_S_HairLoss_CardsMesh_Group0_LOD3.ubulk" 3519
"C:/Users/Margarida/Desktop/Thesis-Project-2025/Thesis_Project/Content/MetaHumans/David/MaleHair/Hair/Hair_S_HairLoss_CardsMesh_Group0_LOD3.uasset" 3520
"C:/Users/Margarida/Desktop/Thesis-Project-2025/Thesis_Project/Content/MetaHumans/David/MaleHair/Hair/Hair_S_HairLoss_CardsMesh_Group0_LOD3.uexp" 3521
"C:/Users/Margarida/Desktop/Thesis-Project-2025/Thesis_Project/Content/MetaHumans/David/MaleHair/Hair/Hair_S_HairLoss_CardsMesh_Group0_LOD2.ubulk" 3522
"C:/Users/Margarida/Desktop/Thesis-Project-2025/Thesis_Project/Content/MetaHumans/David/MaleHair/Hair/Hair_S_HairLoss_CardsMesh_Group0_LOD2.uasset" 3523
"C:/Users/Margarida/Desktop/Thesis-Project-2025/Thesis_Project/Content/MetaHumans/David/MaleHair/Hair/Hair_S_HairLoss_CardsMesh_Group0_LOD2.uexp" 3524
"C:/Users/Margarida/Desktop/Thesis-Project-2025/Thesis_Project/Content/MetaHumans/David/MaleHair/Hair/Hair_S_HairLoss_CardsMesh_Group0_LOD1.ubulk" 3525
"C:/Users/Margarida/Desktop/Thesis-Project-2025/Thesis_Project/Content/MetaHumans/David/MaleHair/Hair/Hair_S_HairLoss_CardsMesh_Group0_LOD1.uasset" 3526
"C:/Users/Margarida/Desktop/Thesis-Project-2025/Thesis_Project/Content/MetaHumans/David/MaleHair/Hair/Hair_S_HairLoss_CardsMesh_Group0_LOD1.uexp" 3527
"C:/Users/Margarida/Desktop/Thesis-Project-2025/Thesis_Project/Content/MetaHumans/David/MaleHair/Hair/Hair_S_HairLoss_CardsMesh_Group0_LOD0.ubulk" 3528
"C:/Users/Margarida/Desktop/Thesis-Project-2025/Thesis_Project/Content/MetaHumans/David/MaleHair/Hair/Hair_S_HairLoss_CardsMesh_Group0_LOD0.uasset" 3529
"C:/Users/Margarida/Desktop/Thesis-Project-2025/Thesis_Project/Content/MetaHumans/David/MaleHair/Hair/Hair_S_HairLoss_CardsMesh_Group0_LOD0.uexp" 3530
"C:/Users/Margarida/Desktop/Thesis-Project-2025/Thesis_Project/Content/MetaHumans/Common/MaleHair/Textures/Hair_S_HairLoss_CardsAtlas_Attribute.ubulk" 3531
"C:/Users/Margarida/Desktop/Thesis-Project-2025/Thesis_Project/Content/MetaHumans/Common/MaleHair/Textures/Hair_S_HairLoss_CardsAtlas_Attribute.uasset" 3532
"C:/Users/Margarida/Desktop/Thesis-Project-2025/Thesis_Project/Content/MetaHumans/Common/MaleHair/Textures/Hair_S_HairLoss_CardsAtlas_Attribute.uexp" 3533
"C:/Users/Margarida/Desktop/Thesis-Project-2025/Thesis_Project/Content/MetaHumans/Common/MaleHair/Textures/Hair_S_HairLoss_CardsAtlas_Tangent.ubulk" 3534
"C:/Users/Margarida/Desktop/Thesis-Project-2025/Thesis_Project/Content/MetaHumans/Common/MaleHair/Textures/Hair_S_HairLoss_CardsAtlas_Tangent.uasset" 3535
"C:/Users/Margarida/Desktop/Thesis-Project-2025/Thesis_Project/Content/MetaHumans/Common/MaleHair/Textures/Hair_S_HairLoss_CardsAtlas_Tangent.uexp" 3536
"C:/Users/Margarida/Desktop/Thesis-Project-2025/Thesis_Project/Content/MetaHumans/Common/MaleHair/Textures/Helmets/Hair_S_HairLoss_ColorXYDepthGroupID.ubulk" 3537
"C:/Users/Margarida/Desktop/Thesis-Project-2025/Thesis_Project/Content/MetaHumans/Common/MaleHair/Textures/Helmets/Hair_S_HairLoss_ColorXYDepthGroupID.uasset" 3538
"C:/Users/Margarida/Desktop/Thesis-Project-2025/Thesis_Project/Content/MetaHumans/Common/MaleHair/Textures/Helmets/Hair_S_HairLoss_ColorXYDepthGroupID.uexp" 3539
"C:/Users/Margarida/Desktop/Thesis-Project-2025/Thesis_Project/Content/MetaHumans/Common/MaleHair/Textures/Helmets/Hair_S_HairLoss_RootUVSeedCoverage.ubulk" 3540
"C:/Users/Margarida/Desktop/Thesis-Project-2025/Thesis_Project/Content/MetaHumans/Common/MaleHair/Textures/Helmets/Hair_S_HairLoss_RootUVSeedCoverage.uasset" 3541
"C:/Users/Margarida/Desktop/Thesis-Project-2025/Thesis_Project/Content/MetaHumans/Common/MaleHair/Textures/Helmets/Hair_S_HairLoss_RootUVSeedCoverage.uexp" 3542
"C:/Users/Margarida/Desktop/Thesis-Project-2025/Thesis_Project/Content/MetaHumans/Common/MaleHair/Textures/Helmets/Hair_S_HairLoss_TangentStrandU.ubulk" 3543
"C:/Users/Margarida/Desktop/Thesis-Project-2025/Thesis_Project/Content/MetaHumans/Common/MaleHair/Textures/Helmets/Hair_S_HairLoss_TangentStrandU.uasset" 3544
"C:/Users/Margarida/Desktop/Thesis-Project-2025/Thesis_Project/Content/MetaHumans/Common/MaleHair/Textures/Helmets/Hair_S_HairLoss_TangentStrandU.uexp" 3545
"C:/Users/Margarida/Desktop/Thesis-Project-2025/Thesis_Project/Content/MetaHumans/David/MaleHair/Hair/Hair_S_HairLoss.ubulk" 3546
"C:/Users/Margarida/Desktop/Thesis-Project-2025/Thesis_Project/Content/MetaHumans/David/MaleHair/Hair/Hair_S_HairLoss.uasset" 3547
"C:/Users/Margarida/Desktop/Thesis-Project-2025/Thesis_Project/Content/MetaHumans/David/MaleHair/Hair/Hair_S_HairLoss.uexp" 3548
"C:/Users/Margarida/Desktop/Thesis-Project-2025/Thesis_Project/Content/MetaHumans/David/MaleHair/Hair/Eyelashes_S_Sparse.ubulk" 3549
"C:/Users/Margarida/Desktop/Thesis-Project-2025/Thesis_Project/Content/MetaHumans/David/MaleHair/Hair/Eyelashes_S_Sparse.uasset" 3550
"C:/Users/Margarida/Desktop/Thesis-Project-2025/Thesis_Project/Content/MetaHumans/David/MaleHair/Hair/Eyelashes_S_Sparse.uexp" 3551
"C:/Users/Margarida/Desktop/Thesis-Project-2025/Thesis_Project/Content/MetaHumans/David/MaleHair/Hair/Eyebrows_M_FlatThick_CardsMesh_Group0_LOD4.ubulk" 3552
"C:/Users/Margarida/Desktop/Thesis-Project-2025/Thesis_Project/Content/MetaHumans/David/MaleHair/Hair/Eyebrows_M_FlatThick_CardsMesh_Group0_LOD4.uasset" 3553
"C:/Users/Margarida/Desktop/Thesis-Project-2025/Thesis_Project/Content/MetaHumans/David/MaleHair/Hair/Eyebrows_M_FlatThick_CardsMesh_Group0_LOD4.uexp" 3554
"C:/Users/Margarida/Desktop/Thesis-Project-2025/Thesis_Project/Content/MetaHumans/David/MaleHair/Hair/Eyebrows_M_FlatThick_CardsMesh_Group0_LOD3.ubulk" 3555
"C:/Users/Margarida/Desktop/Thesis-Project-2025/Thesis_Project/Content/MetaHumans/David/MaleHair/Hair/Eyebrows_M_FlatThick_CardsMesh_Group0_LOD3.uasset" 3556
"C:/Users/Margarida/Desktop/Thesis-Project-2025/Thesis_Project/Content/MetaHumans/David/MaleHair/Hair/Eyebrows_M_FlatThick_CardsMesh_Group0_LOD3.uexp" 3557
"C:/Users/Margarida/Desktop/Thesis-Project-2025/Thesis_Project/Content/MetaHumans/David/MaleHair/Hair/Eyebrows_M_FlatThick_CardsMesh_Group0_LOD2.ubulk" 3558
"C:/Users/Margarida/Desktop/Thesis-Project-2025/Thesis_Project/Content/MetaHumans/David/MaleHair/Hair/Eyebrows_M_FlatThick_CardsMesh_Group0_LOD2.uasset" 3559
"C:/Users/Margarida/Desktop/Thesis-Project-2025/Thesis_Project/Content/MetaHumans/David/MaleHair/Hair/Eyebrows_M_FlatThick_CardsMesh_Group0_LOD2.uexp" 3560
"C:/Users/Margarida/Desktop/Thesis-Project-2025/Thesis_Project/Content/MetaHumans/David/MaleHair/Hair/Eyebrows_M_FlatThick_CardsMesh_Group0_LOD1.ubulk" 3561
"C:/Users/Margarida/Desktop/Thesis-Project-2025/Thesis_Project/Content/MetaHumans/David/MaleHair/Hair/Eyebrows_M_FlatThick_CardsMesh_Group0_LOD1.uasset" 3562
"C:/Users/Margarida/Desktop/Thesis-Project-2025/Thesis_Project/Content/MetaHumans/David/MaleHair/Hair/Eyebrows_M_FlatThick_CardsMesh_Group0_LOD1.uexp" 3563
"C:/Users/Margarida/Desktop/Thesis-Project-2025/Thesis_Project/Content/MetaHumans/David/MaleHair/Hair/Eyebrows_M_FlatThick_CardsMesh_Group0_LOD0.ubulk" 3564
"C:/Users/Margarida/Desktop/Thesis-Project-2025/Thesis_Project/Content/MetaHumans/David/MaleHair/Hair/Eyebrows_M_FlatThick_CardsMesh_Group0_LOD0.uasset" 3565
"C:/Users/Margarida/Desktop/Thesis-Project-2025/Thesis_Project/Content/MetaHumans/David/MaleHair/Hair/Eyebrows_M_FlatThick_CardsMesh_Group0_LOD0.uexp" 3566
"C:/Users/Margarida/Desktop/Thesis-Project-2025/Thesis_Project/Content/MetaHumans/Common/MaleHair/Textures/Eyebrows_M_FlatThick_CardsAtlas_Attribute.ubulk" 3567
"C:/Users/Margarida/Desktop/Thesis-Project-2025/Thesis_Project/Content/MetaHumans/Common/MaleHair/Textures/Eyebrows_M_FlatThick_CardsAtlas_Attribute.uasset" 3568
"C:/Users/Margarida/Desktop/Thesis-Project-2025/Thesis_Project/Content/MetaHumans/Common/MaleHair/Textures/Eyebrows_M_FlatThick_CardsAtlas_Attribute.uexp" 3569
"C:/Users/Margarida/Desktop/Thesis-Project-2025/Thesis_Project/Content/MetaHumans/Common/MaleHair/Textures/Eyebrows_M_FlatThick_CardsAtlas_Tangent.ubulk" 3570
"C:/Users/Margarida/Desktop/Thesis-Project-2025/Thesis_Project/Content/MetaHumans/Common/MaleHair/Textures/Eyebrows_M_FlatThick_CardsAtlas_Tangent.uasset" 3571
"C:/Users/Margarida/Desktop/Thesis-Project-2025/Thesis_Project/Content/MetaHumans/Common/MaleHair/Textures/Eyebrows_M_FlatThick_CardsAtlas_Tangent.uexp" 3572
"C:/Users/Margarida/Desktop/Thesis-Project-2025/Thesis_Project/Content/MetaHumans/David/MaleHair/Hair/Eyebrows_M_FlatThick.ubulk" 3573
"C:/Users/Margarida/Desktop/Thesis-Project-2025/Thesis_Project/Content/MetaHumans/David/MaleHair/Hair/Eyebrows_M_FlatThick.uasset" 3574
"C:/Users/Margarida/Desktop/Thesis-Project-2025/Thesis_Project/Content/MetaHumans/David/MaleHair/Hair/Eyebrows_M_FlatThick.uexp" 3575
"C:/Users/Margarida/Desktop/Thesis-Project-2025/Thesis_Project/Content/MetaHumans/David/Face/FaceNormal_MAIN.uexp" 3576
"C:/Users/Margarida/Desktop/Thesis-Project-2025/Thesis_Project/Content/MetaHumans/David/Face/FaceNormal_MAIN.ubulk" 3577
"C:/Users/Margarida/Desktop/Thesis-Project-2025/Thesis_Project/Content/MetaHumans/David/Face/FaceNormal_MAIN.uasset" 3578
"C:/Users/Margarida/Desktop/Thesis-Project-2025/Thesis_Project/Content/MetaHumans/David/Face/FaceNormal_MAIN.uptnl" 3579
"C:/Users/Margarida/Desktop/Thesis-Project-2025/Thesis_Project/Content/MetaHumans/David/Face/FaceRoughness_MAIN.ubulk" 3580
"C:/Users/Margarida/Desktop/Thesis-Project-2025/Thesis_Project/Content/MetaHumans/David/Face/FaceRoughness_MAIN.uasset" 3581
"C:/Users/Margarida/Desktop/Thesis-Project-2025/Thesis_Project/Content/MetaHumans/David/Face/FaceRoughness_MAIN.uexp" 3582
"C:/Users/Margarida/Desktop/Thesis-Project-2025/Thesis_Project/Content/MetaHumans/David/Face/FaceNormal_WM3.uexp" 3583
"C:/Users/Margarida/Desktop/Thesis-Project-2025/Thesis_Project/Content/MetaHumans/David/Face/FaceNormal_WM3.ubulk" 3584
"C:/Users/Margarida/Desktop/Thesis-Project-2025/Thesis_Project/Content/MetaHumans/David/Face/FaceNormal_WM3.uasset" 3585
"C:/Users/Margarida/Desktop/Thesis-Project-2025/Thesis_Project/Content/MetaHumans/David/Face/FaceNormal_WM3.uptnl" 3586
"C:/Users/Margarida/Desktop/Thesis-Project-2025/Thesis_Project/Content/MetaHumans/David/Face/FaceNormal_WM2.uexp" 3587
"C:/Users/Margarida/Desktop/Thesis-Project-2025/Thesis_Project/Content/MetaHumans/David/Face/FaceNormal_WM2.ubulk" 3588
"C:/Users/Margarida/Desktop/Thesis-Project-2025/Thesis_Project/Content/MetaHumans/David/Face/FaceNormal_WM2.uasset" 3589
"C:/Users/Margarida/Desktop/Thesis-Project-2025/Thesis_Project/Content/MetaHumans/David/Face/FaceNormal_WM2.uptnl" 3590
"C:/Users/Margarida/Desktop/Thesis-Project-2025/Thesis_Project/Content/MetaHumans/David/Face/FaceNormal_WM1.uexp" 3591
"C:/Users/Margarida/Desktop/Thesis-Project-2025/Thesis_Project/Content/MetaHumans/David/Face/FaceNormal_WM1.ubulk" 3592
"C:/Users/Margarida/Desktop/Thesis-Project-2025/Thesis_Project/Content/MetaHumans/David/Face/FaceNormal_WM1.uasset" 3593
"C:/Users/Margarida/Desktop/Thesis-Project-2025/Thesis_Project/Content/MetaHumans/David/Face/FaceNormal_WM1.uptnl" 3594
"C:/Users/Margarida/Desktop/Thesis-Project-2025/Thesis_Project/Content/MetaHumans/David/Face/FaceFoundationBlusherMask.ubulk" 3595
"C:/Users/Margarida/Desktop/Thesis-Project-2025/Thesis_Project/Content/MetaHumans/David/Face/FaceFoundationBlusherMask.uasset" 3596
"C:/Users/Margarida/Desktop/Thesis-Project-2025/Thesis_Project/Content/MetaHumans/David/Face/FaceFoundationBlusherMask.uexp" 3597
"C:/Users/Margarida/Desktop/Thesis-Project-2025/Thesis_Project/Content/MetaHumans/David/Face/FaceEyeLipstickMask.ubulk" 3598
"C:/Users/Margarida/Desktop/Thesis-Project-2025/Thesis_Project/Content/MetaHumans/David/Face/FaceEyeLipstickMask.uasset" 3599
"C:/Users/Margarida/Desktop/Thesis-Project-2025/Thesis_Project/Content/MetaHumans/David/Face/FaceEyeLipstickMask.uexp" 3600
"C:/Users/Margarida/Desktop/Thesis-Project-2025/Thesis_Project/Content/MetaHumans/David/Face/FaceColor_MAIN.ubulk" 3601
"C:/Users/Margarida/Desktop/Thesis-Project-2025/Thesis_Project/Content/MetaHumans/David/Face/FaceColor_MAIN.uasset" 3602
"C:/Users/Margarida/Desktop/Thesis-Project-2025/Thesis_Project/Content/MetaHumans/David/Face/FaceColor_MAIN.uexp" 3603
"C:/Users/Margarida/Desktop/Thesis-Project-2025/Thesis_Project/Content/MetaHumans/David/Face/FaceColor_CM3.ubulk" 3604
"C:/Users/Margarida/Desktop/Thesis-Project-2025/Thesis_Project/Content/MetaHumans/David/Face/FaceColor_CM3.uasset" 3605
"C:/Users/Margarida/Desktop/Thesis-Project-2025/Thesis_Project/Content/MetaHumans/David/Face/FaceColor_CM3.uexp" 3606
"C:/Users/Margarida/Desktop/Thesis-Project-2025/Thesis_Project/Content/MetaHumans/David/Face/FaceColor_CM2.ubulk" 3607
"C:/Users/Margarida/Desktop/Thesis-Project-2025/Thesis_Project/Content/MetaHumans/David/Face/FaceColor_CM2.uasset" 3608
"C:/Users/Margarida/Desktop/Thesis-Project-2025/Thesis_Project/Content/MetaHumans/David/Face/FaceColor_CM2.uexp" 3609
"C:/Users/Margarida/Desktop/Thesis-Project-2025/Thesis_Project/Content/MetaHumans/David/Face/FaceColor_CM1.ubulk" 3610
"C:/Users/Margarida/Desktop/Thesis-Project-2025/Thesis_Project/Content/MetaHumans/David/Face/FaceColor_CM1.uasset" 3611
"C:/Users/Margarida/Desktop/Thesis-Project-2025/Thesis_Project/Content/MetaHumans/David/Face/FaceColor_CM1.uexp" 3612
"C:/Users/Margarida/Desktop/Thesis-Project-2025/Thesis_Project/Content/MetaHumans/David/Face/FaceCavity_MAIN.uexp" 3613
"C:/Users/Margarida/Desktop/Thesis-Project-2025/Thesis_Project/Content/MetaHumans/David/Face/FaceCavity_MAIN.ubulk" 3614
"C:/Users/Margarida/Desktop/Thesis-Project-2025/Thesis_Project/Content/MetaHumans/David/Face/FaceCavity_MAIN.uasset" 3615
"C:/Users/Margarida/Desktop/Thesis-Project-2025/Thesis_Project/Content/MetaHumans/David/Face/FaceCavity_MAIN.uptnl" 3616
"C:/Users/Margarida/Desktop/Thesis-Project-2025/Thesis_Project/Content/MetaHumans/David/Face/FaceBakedGroomRootTipGradientRegionMasks.ubulk" 3617
"C:/Users/Margarida/Desktop/Thesis-Project-2025/Thesis_Project/Content/MetaHumans/David/Face/FaceBakedGroomRootTipGradientRegionMasks.uasset" 3618
"C:/Users/Margarida/Desktop/Thesis-Project-2025/Thesis_Project/Content/MetaHumans/David/Face/FaceBakedGroomRootTipGradientRegionMasks.uexp" 3619
"C:/Users/Margarida/Desktop/Thesis-Project-2025/Thesis_Project/Content/MetaHumans/David/Face/FaceBakedGroomAttributeMap.ubulk" 3620
"C:/Users/Margarida/Desktop/Thesis-Project-2025/Thesis_Project/Content/MetaHumans/David/Face/FaceBakedGroomAttributeMap.uasset" 3621
"C:/Users/Margarida/Desktop/Thesis-Project-2025/Thesis_Project/Content/MetaHumans/David/Face/FaceBakedGroomAttributeMap.uexp" 3622
"C:/Users/Margarida/Desktop/Thesis-Project-2025/Thesis_Project/Content/MetaHumans/David/Face/Materials/Baked/MI_HeadSynthesized_Baked.uasset" 3623
"C:/Users/Margarida/Desktop/Thesis-Project-2025/Thesis_Project/Content/MetaHumans/David/Face/Materials/Baked/MI_HeadSynthesized_Baked.uexp" 3624
"C:/Users/Margarida/Desktop/Thesis-Project-2025/Thesis_Project/Content/MetaHumans/David/Face/Materials/Baked/MI_HeadSynthesized_Baked_LOD1.uasset" 3625
"C:/Users/Margarida/Desktop/Thesis-Project-2025/Thesis_Project/Content/MetaHumans/David/Face/Materials/Baked/MI_HeadSynthesized_Baked_LOD1.uexp" 3626
"C:/Users/Margarida/Desktop/Thesis-Project-2025/Thesis_Project/Content/MetaHumans/David/Face/FaceNormal_MAIN_LOD.uexp" 3627
"C:/Users/Margarida/Desktop/Thesis-Project-2025/Thesis_Project/Content/MetaHumans/David/Face/FaceNormal_MAIN_LOD.ubulk" 3628
"C:/Users/Margarida/Desktop/Thesis-Project-2025/Thesis_Project/Content/MetaHumans/David/Face/FaceNormal_MAIN_LOD.uasset" 3629
"C:/Users/Margarida/Desktop/Thesis-Project-2025/Thesis_Project/Content/MetaHumans/David/Face/FaceNormal_MAIN_LOD.uptnl" 3630
"C:/Users/Margarida/Desktop/Thesis-Project-2025/Thesis_Project/Content/MetaHumans/David/Face/FaceRoughness_MAIN_LOD.ubulk" 3631
"C:/Users/Margarida/Desktop/Thesis-Project-2025/Thesis_Project/Content/MetaHumans/David/Face/FaceRoughness_MAIN_LOD.uasset" 3632
"C:/Users/Margarida/Desktop/Thesis-Project-2025/Thesis_Project/Content/MetaHumans/David/Face/FaceRoughness_MAIN_LOD.uexp" 3633
"C:/Users/Margarida/Desktop/Thesis-Project-2025/Thesis_Project/Content/MetaHumans/David/Face/FaceColor_MAIN_LOD.ubulk" 3634
"C:/Users/Margarida/Desktop/Thesis-Project-2025/Thesis_Project/Content/MetaHumans/David/Face/FaceColor_MAIN_LOD.uasset" 3635
"C:/Users/Margarida/Desktop/Thesis-Project-2025/Thesis_Project/Content/MetaHumans/David/Face/FaceColor_MAIN_LOD.uexp" 3636
"C:/Users/Margarida/Desktop/Thesis-Project-2025/Thesis_Project/Content/MetaHumans/David/Face/FaceBakedGroomRootTipGradientRegionMasks_LOD.ubulk" 3637
"C:/Users/Margarida/Desktop/Thesis-Project-2025/Thesis_Project/Content/MetaHumans/David/Face/FaceBakedGroomRootTipGradientRegionMasks_LOD.uasset" 3638
"C:/Users/Margarida/Desktop/Thesis-Project-2025/Thesis_Project/Content/MetaHumans/David/Face/FaceBakedGroomRootTipGradientRegionMasks_LOD.uexp" 3639
"C:/Users/Margarida/Desktop/Thesis-Project-2025/Thesis_Project/Content/MetaHumans/David/Face/FaceBakedGroomAttributeMap_LOD.ubulk" 3640
"C:/Users/Margarida/Desktop/Thesis-Project-2025/Thesis_Project/Content/MetaHumans/David/Face/FaceBakedGroomAttributeMap_LOD.uasset" 3641
"C:/Users/Margarida/Desktop/Thesis-Project-2025/Thesis_Project/Content/MetaHumans/David/Face/FaceBakedGroomAttributeMap_LOD.uexp" 3642
"C:/Users/Margarida/Desktop/Thesis-Project-2025/Thesis_Project/Content/MetaHumans/David/Face/Materials/Baked/MI_HeadSynthesized_Baked_LOD2.uasset" 3643
"C:/Users/Margarida/Desktop/Thesis-Project-2025/Thesis_Project/Content/MetaHumans/David/Face/Materials/Baked/MI_HeadSynthesized_Baked_LOD2.uexp" 3644
"C:/Users/Margarida/Desktop/Thesis-Project-2025/Thesis_Project/Content/MetaHumans/David/Face/T_BakedNormal_LOD3.ubulk" 3645
"C:/Users/Margarida/Desktop/Thesis-Project-2025/Thesis_Project/Content/MetaHumans/David/Face/T_BakedNormal_LOD3.uasset" 3646
"C:/Users/Margarida/Desktop/Thesis-Project-2025/Thesis_Project/Content/MetaHumans/David/Face/T_BakedNormal_LOD3.uexp" 3647
"C:/Users/Margarida/Desktop/Thesis-Project-2025/Thesis_Project/Content/MetaHumans/David/Face/Materials/Baked/MI_HeadSynthesized_Baked_LOD3.uasset" 3648
"C:/Users/Margarida/Desktop/Thesis-Project-2025/Thesis_Project/Content/MetaHumans/David/Face/Materials/Baked/MI_HeadSynthesized_Baked_LOD3.uexp" 3649
"C:/Users/Margarida/Desktop/Thesis-Project-2025/Thesis_Project/Content/MetaHumans/David/Face/T_BakedNormal_LOD4.ubulk" 3650
"C:/Users/Margarida/Desktop/Thesis-Project-2025/Thesis_Project/Content/MetaHumans/David/Face/T_BakedNormal_LOD4.uasset" 3651
"C:/Users/Margarida/Desktop/Thesis-Project-2025/Thesis_Project/Content/MetaHumans/David/Face/T_BakedNormal_LOD4.uexp" 3652
"C:/Users/Margarida/Desktop/Thesis-Project-2025/Thesis_Project/Content/MetaHumans/David/Face/Materials/Baked/MI_HeadSynthesized_Baked_LOD4.uasset" 3653
"C:/Users/Margarida/Desktop/Thesis-Project-2025/Thesis_Project/Content/MetaHumans/David/Face/Materials/Baked/MI_HeadSynthesized_Baked_LOD4.uexp" 3654
"C:/Users/Margarida/Desktop/Thesis-Project-2025/Thesis_Project/Content/MetaHumans/David/Face/T_BakedNormal_LOD5.ubulk" 3655
"C:/Users/Margarida/Desktop/Thesis-Project-2025/Thesis_Project/Content/MetaHumans/David/Face/T_BakedNormal_LOD5.uasset" 3656
"C:/Users/Margarida/Desktop/Thesis-Project-2025/Thesis_Project/Content/MetaHumans/David/Face/T_BakedNormal_LOD5.uexp" 3657
"C:/Users/Margarida/Desktop/Thesis-Project-2025/Thesis_Project/Content/MetaHumans/David/Face/FaceNormal_MAIN_LOD1.uexp" 3658
"C:/Users/Margarida/Desktop/Thesis-Project-2025/Thesis_Project/Content/MetaHumans/David/Face/FaceNormal_MAIN_LOD1.ubulk" 3659
"C:/Users/Margarida/Desktop/Thesis-Project-2025/Thesis_Project/Content/MetaHumans/David/Face/FaceNormal_MAIN_LOD1.uasset" 3660
"C:/Users/Margarida/Desktop/Thesis-Project-2025/Thesis_Project/Content/MetaHumans/David/Face/FaceNormal_MAIN_LOD1.uptnl" 3661
"C:/Users/Margarida/Desktop/Thesis-Project-2025/Thesis_Project/Content/MetaHumans/David/Face/FaceRoughness_MAIN_LOD1.ubulk" 3662
"C:/Users/Margarida/Desktop/Thesis-Project-2025/Thesis_Project/Content/MetaHumans/David/Face/FaceRoughness_MAIN_LOD1.uasset" 3663
"C:/Users/Margarida/Desktop/Thesis-Project-2025/Thesis_Project/Content/MetaHumans/David/Face/FaceRoughness_MAIN_LOD1.uexp" 3664
"C:/Users/Margarida/Desktop/Thesis-Project-2025/Thesis_Project/Content/MetaHumans/David/Face/FaceColor_MAIN_LOD1.ubulk" 3665
"C:/Users/Margarida/Desktop/Thesis-Project-2025/Thesis_Project/Content/MetaHumans/David/Face/FaceColor_MAIN_LOD1.uasset" 3666
"C:/Users/Margarida/Desktop/Thesis-Project-2025/Thesis_Project/Content/MetaHumans/David/Face/FaceColor_MAIN_LOD1.uexp" 3667
"C:/Users/Margarida/Desktop/Thesis-Project-2025/Thesis_Project/Content/MetaHumans/David/Face/FaceBakedGroomRootTipGradientRegionMasks_LOD1.ubulk" 3668
"C:/Users/Margarida/Desktop/Thesis-Project-2025/Thesis_Project/Content/MetaHumans/David/Face/FaceBakedGroomRootTipGradientRegionMasks_LOD1.uasset" 3669
"C:/Users/Margarida/Desktop/Thesis-Project-2025/Thesis_Project/Content/MetaHumans/David/Face/FaceBakedGroomRootTipGradientRegionMasks_LOD1.uexp" 3670
"C:/Users/Margarida/Desktop/Thesis-Project-2025/Thesis_Project/Content/MetaHumans/David/Face/FaceBakedGroomAttributeMap_LOD1.ubulk" 3671
"C:/Users/Margarida/Desktop/Thesis-Project-2025/Thesis_Project/Content/MetaHumans/David/Face/FaceBakedGroomAttributeMap_LOD1.uasset" 3672
"C:/Users/Margarida/Desktop/Thesis-Project-2025/Thesis_Project/Content/MetaHumans/David/Face/FaceBakedGroomAttributeMap_LOD1.uexp" 3673
"C:/Users/Margarida/Desktop/Thesis-Project-2025/Thesis_Project/Content/MetaHumans/David/Face/Materials/Baked/MI_HeadSynthesized_Baked_LOD5.uasset" 3674
"C:/Users/Margarida/Desktop/Thesis-Project-2025/Thesis_Project/Content/MetaHumans/David/Face/Materials/Baked/MI_HeadSynthesized_Baked_LOD5.uexp" 3675
"C:/Users/Margarida/Desktop/Thesis-Project-2025/Thesis_Project/Content/MetaHumans/Common/MaleHair/Textures/Eyelashes_S_Sparse_Coverage.ubulk" 3676
"C:/Users/Margarida/Desktop/Thesis-Project-2025/Thesis_Project/Content/MetaHumans/Common/MaleHair/Textures/Eyelashes_S_Sparse_Coverage.uasset" 3677
"C:/Users/Margarida/Desktop/Thesis-Project-2025/Thesis_Project/Content/MetaHumans/Common/MaleHair/Textures/Eyelashes_S_Sparse_Coverage.uexp" 3678
"C:/Users/Margarida/Desktop/Thesis-Project-2025/Thesis_Project/Content/MetaHumans/David/Materials/M_EyeLash_HigherLODs_Inst.uasset" 3679
"C:/Users/Margarida/Desktop/Thesis-Project-2025/Thesis_Project/Content/MetaHumans/David/Materials/M_EyeLash_HigherLODs_Inst.uexp" 3680
"C:/Users/Margarida/Desktop/Thesis-Project-2025/Thesis_Project/Content/MetaHumans/David/Materials/M_EyelashLowerLODs_Inst.uasset" 3681
"C:/Users/Margarida/Desktop/Thesis-Project-2025/Thesis_Project/Content/MetaHumans/David/Materials/M_EyelashLowerLODs_Inst.uexp" 3682
"C:/Users/Margarida/Desktop/Thesis-Project-2025/Thesis_Project/Content/MetaHumans/David/Materials/M_TeethCharacterCreator_Inst.uasset" 3683
"C:/Users/Margarida/Desktop/Thesis-Project-2025/Thesis_Project/Content/MetaHumans/David/Materials/M_TeethCharacterCreator_Inst.uexp" 3684
"C:/Users/Margarida/Desktop/Thesis-Project-2025/Thesis_Project/Content/MetaHumans/Common/Face/neckPoses/neckCorr_m_tal_nrw_RBFSolver_pose.uasset" 3685
"C:/Users/Margarida/Desktop/Thesis-Project-2025/Thesis_Project/Content/MetaHumans/Common/Face/neckPoses/neckCorr_m_tal_nrw_RBFSolver_pose.uexp" 3686
"C:/Users/Margarida/Desktop/Thesis-Project-2025/Thesis_Project/Content/MetaHumans/David/Face/ABP_David_FaceMesh_PostProcess.uasset" 3687
"C:/Users/Margarida/Desktop/Thesis-Project-2025/Thesis_Project/Content/MetaHumans/David/Face/ABP_David_FaceMesh_PostProcess.uexp" 3688
"C:/Users/Margarida/Desktop/Thesis-Project-2025/Thesis_Project/Content/MetaHumans/Common/Face/Textures/IrisTextures/iris_005/T_Iris_A_H.ubulk" 3689
"C:/Users/Margarida/Desktop/Thesis-Project-2025/Thesis_Project/Content/MetaHumans/Common/Face/Textures/IrisTextures/iris_005/T_Iris_A_H.uasset" 3690
"C:/Users/Margarida/Desktop/Thesis-Project-2025/Thesis_Project/Content/MetaHumans/Common/Face/Textures/IrisTextures/iris_005/T_Iris_A_H.uexp" 3691
"C:/Users/Margarida/Desktop/Thesis-Project-2025/Thesis_Project/Content/MetaHumans/Common/Face/Textures/IrisTextures/iris_005/T_Iris_A_M.ubulk" 3692
"C:/Users/Margarida/Desktop/Thesis-Project-2025/Thesis_Project/Content/MetaHumans/Common/Face/Textures/IrisTextures/iris_005/T_Iris_A_M.uasset" 3693
"C:/Users/Margarida/Desktop/Thesis-Project-2025/Thesis_Project/Content/MetaHumans/Common/Face/Textures/IrisTextures/iris_005/T_Iris_A_M.uexp" 3694
"C:/Users/Margarida/Desktop/Thesis-Project-2025/Thesis_Project/Content/MetaHumans/David/Face/Materials/MI_EyeRefractive_Inst_R.uasset" 3695
"C:/Users/Margarida/Desktop/Thesis-Project-2025/Thesis_Project/Content/MetaHumans/David/Face/Materials/MI_EyeRefractive_Inst_R.uexp" 3696
"C:/Users/Margarida/Desktop/Thesis-Project-2025/Thesis_Project/Content/MetaHumans/Common/Face/Textures/IrisTextures/iris_003/T_Iris_A_H.ubulk" 3697
"C:/Users/Margarida/Desktop/Thesis-Project-2025/Thesis_Project/Content/MetaHumans/Common/Face/Textures/IrisTextures/iris_003/T_Iris_A_H.uasset" 3698
"C:/Users/Margarida/Desktop/Thesis-Project-2025/Thesis_Project/Content/MetaHumans/Common/Face/Textures/IrisTextures/iris_003/T_Iris_A_H.uexp" 3699
"C:/Users/Margarida/Desktop/Thesis-Project-2025/Thesis_Project/Content/MetaHumans/Common/Face/Textures/IrisTextures/iris_003/T_Iris_A_M.ubulk" 3700
"C:/Users/Margarida/Desktop/Thesis-Project-2025/Thesis_Project/Content/MetaHumans/Common/Face/Textures/IrisTextures/iris_003/T_Iris_A_M.uasset" 3701
"C:/Users/Margarida/Desktop/Thesis-Project-2025/Thesis_Project/Content/MetaHumans/Common/Face/Textures/IrisTextures/iris_003/T_Iris_A_M.uexp" 3702
"C:/Users/Margarida/Desktop/Thesis-Project-2025/Thesis_Project/Content/MetaHumans/David/Face/Materials/MI_EyeRefractive_Inst_L.uasset" 3703
"C:/Users/Margarida/Desktop/Thesis-Project-2025/Thesis_Project/Content/MetaHumans/David/Face/Materials/MI_EyeRefractive_Inst_L.uexp" 3704
"C:/Users/Margarida/Desktop/Thesis-Project-2025/Thesis_Project/Content/MetaHumans/David/Face/David_FaceMesh.uasset" 3705
"C:/Users/Margarida/Desktop/Thesis-Project-2025/Thesis_Project/Content/MetaHumans/David/Face/David_FaceMesh.uexp" 3706
"C:/Users/Margarida/Desktop/Thesis-Project-2025/Thesis_Project/Content/MetaHumans/David/MaleHair/GroomBinding/Mustache_S_Stubble_Binding.ubulk" 3707
"C:/Users/Margarida/Desktop/Thesis-Project-2025/Thesis_Project/Content/MetaHumans/David/MaleHair/GroomBinding/Mustache_S_Stubble_Binding.uasset" 3708
"C:/Users/Margarida/Desktop/Thesis-Project-2025/Thesis_Project/Content/MetaHumans/David/MaleHair/GroomBinding/Mustache_S_Stubble_Binding.uexp" 3709
"C:/Users/Margarida/Desktop/Thesis-Project-2025/Thesis_Project/Content/MetaHumans/David/MaleHair/GroomBinding/Hair_S_HairLoss_Binding.ubulk" 3710
"C:/Users/Margarida/Desktop/Thesis-Project-2025/Thesis_Project/Content/MetaHumans/David/MaleHair/GroomBinding/Hair_S_HairLoss_Binding.uasset" 3711
"C:/Users/Margarida/Desktop/Thesis-Project-2025/Thesis_Project/Content/MetaHumans/David/MaleHair/GroomBinding/Hair_S_HairLoss_Binding.uexp" 3712
"C:/Users/Margarida/Desktop/Thesis-Project-2025/Thesis_Project/Content/MetaHumans/David/MaleHair/GroomBinding/Eyelashes_S_Sparse_Binding.ubulk" 3713
"C:/Users/Margarida/Desktop/Thesis-Project-2025/Thesis_Project/Content/MetaHumans/David/MaleHair/GroomBinding/Eyelashes_S_Sparse_Binding.uasset" 3714
"C:/Users/Margarida/Desktop/Thesis-Project-2025/Thesis_Project/Content/MetaHumans/David/MaleHair/GroomBinding/Eyelashes_S_Sparse_Binding.uexp" 3715
"C:/Users/Margarida/Desktop/Thesis-Project-2025/Thesis_Project/Content/MetaHumans/David/MaleHair/GroomBinding/Eyebrows_M_FlatThick_Binding.ubulk" 3716
"C:/Users/Margarida/Desktop/Thesis-Project-2025/Thesis_Project/Content/MetaHumans/David/MaleHair/GroomBinding/Eyebrows_M_FlatThick_Binding.uasset" 3717
"C:/Users/Margarida/Desktop/Thesis-Project-2025/Thesis_Project/Content/MetaHumans/David/MaleHair/GroomBinding/Eyebrows_M_FlatThick_Binding.uexp" 3718
"C:/Users/Margarida/Desktop/Thesis-Project-2025/Thesis_Project/Content/MetaHumans/David/FemaleHair/Hair/Peachfuzz_M_Thin.ubulk" 3719
"C:/Users/Margarida/Desktop/Thesis-Project-2025/Thesis_Project/Content/MetaHumans/David/FemaleHair/Hair/Peachfuzz_M_Thin.uasset" 3720
"C:/Users/Margarida/Desktop/Thesis-Project-2025/Thesis_Project/Content/MetaHumans/David/FemaleHair/Hair/Peachfuzz_M_Thin.uexp" 3721
"C:/Users/Margarida/Desktop/Thesis-Project-2025/Thesis_Project/Content/MetaHumans/David/FemaleHair/GroomBinding/Peachfuzz_M_Thin_Binding.ubulk" 3722
"C:/Users/Margarida/Desktop/Thesis-Project-2025/Thesis_Project/Content/MetaHumans/David/FemaleHair/GroomBinding/Peachfuzz_M_Thin_Binding.uasset" 3723
"C:/Users/Margarida/Desktop/Thesis-Project-2025/Thesis_Project/Content/MetaHumans/David/FemaleHair/GroomBinding/Peachfuzz_M_Thin_Binding.uexp" 3724
"C:/Users/Margarida/Desktop/Thesis-Project-2025/Thesis_Project/Content/MetaHumans/Common/Male/Tall/NormalWeight/Bottoms/Slacks/m_tal_nrw_btm_slacks_nrm_Cinematic.uasset" 3725
"C:/Users/Margarida/Desktop/Thesis-Project-2025/Thesis_Project/Content/MetaHumans/Common/Male/Tall/NormalWeight/Bottoms/Slacks/m_tal_nrw_btm_slacks_nrm_Cinematic.uexp" 3726
"C:/Users/Margarida/Desktop/Thesis-Project-2025/Thesis_Project/Content/MetaHumans/Common/Male/Tall/NormalWeight/Shoes/Loafers/m_tal_nrw_shs_loafers_Cinematic.uasset" 3727
"C:/Users/Margarida/Desktop/Thesis-Project-2025/Thesis_Project/Content/MetaHumans/Common/Male/Tall/NormalWeight/Shoes/Loafers/m_tal_nrw_shs_loafers_Cinematic.uexp" 3728
"C:/Users/Margarida/Desktop/Thesis-Project-2025/Thesis_Project/Content/MetaHumans/Common/Male/Tall/NormalWeight/Tops/Shirt/m_tal_nrw_top_shirt_nrm_Skeleton.uasset" 3729
"C:/Users/Margarida/Desktop/Thesis-Project-2025/Thesis_Project/Content/MetaHumans/Common/Male/Tall/NormalWeight/Tops/Shirt/m_tal_nrw_top_shirt_nrm_Skeleton.uexp" 3730
"C:/Users/Margarida/Desktop/Thesis-Project-2025/Thesis_Project/Content/MetaHumans/Common/Male/Tall/NormalWeight/Tops/Shirt/m_tal_nrw_top_shirt_nrm_PhysicsAsset.uasset" 3731
"C:/Users/Margarida/Desktop/Thesis-Project-2025/Thesis_Project/Content/MetaHumans/Common/Male/Tall/NormalWeight/Tops/Shirt/m_tal_nrw_top_shirt_nrm_PhysicsAsset.uexp" 3732
"C:/Users/Margarida/Desktop/Thesis-Project-2025/Thesis_Project/Content/MetaHumans/Common/Male/Tall/NormalWeight/Tops/Shirt/m_tal_nrw_top_shirt_nrm_Cinematic.uasset" 3733
"C:/Users/Margarida/Desktop/Thesis-Project-2025/Thesis_Project/Content/MetaHumans/Common/Male/Tall/NormalWeight/Tops/Shirt/m_tal_nrw_top_shirt_nrm_Cinematic.uexp" 3734
"C:/Users/Margarida/Desktop/Thesis-Project-2025/Thesis_Project/Content/MetaHumans/David/BP_David.uasset" 3735
"C:/Users/Margarida/Desktop/Thesis-Project-2025/Thesis_Project/Content/MetaHumans/David/BP_David.uexp" 3736
"C:/Users/Margarida/Desktop/Thesis-Project-2025/Thesis_Project/Content/VRTemplate/Maps/meadow_8k.uasset" 3737
"C:/Users/Margarida/Desktop/Thesis-Project-2025/Thesis_Project/Content/VRTemplate/Maps/meadow_8k.uexp" 3738
"C:/Users/Margarida/Desktop/Thesis-Project-2025/Thesis_Project/Content/VRTemplate/Maps/Skyboxmap.uasset" 3739
"C:/Users/Margarida/Desktop/Thesis-Project-2025/Thesis_Project/Content/VRTemplate/Maps/Skyboxmap.uexp" 3740
"C:/Users/Margarida/Desktop/Thesis-Project-2025/Thesis_Project/Content/VRTemplate/Maps/Skyboxmap_Inst.uasset" 3741
"C:/Users/Margarida/Desktop/Thesis-Project-2025/Thesis_Project/Content/VRTemplate/Maps/Skyboxmap_Inst.uexp" 3742
"../../../Engine/Plugins/Interchange/Assets/Content/gltf/MaterialInstances/MI_Default_Opaque_DS.uasset" 3743
"../../../Engine/Plugins/Interchange/Assets/Content/gltf/MaterialInstances/MI_Default_Opaque_DS.uexp" 3744
"C:/Users/Margarida/Desktop/Thesis-Project-2025/Thesis_Project/Content/VRTemplate/Maps/rubber_duck_toy/source/rubber_duck_toy_4k/Textures/rubber_duck_toy_nor_gl.ubulk" 3745
"C:/Users/Margarida/Desktop/Thesis-Project-2025/Thesis_Project/Content/VRTemplate/Maps/rubber_duck_toy/source/rubber_duck_toy_4k/Textures/rubber_duck_toy_nor_gl.uasset" 3746
"C:/Users/Margarida/Desktop/Thesis-Project-2025/Thesis_Project/Content/VRTemplate/Maps/rubber_duck_toy/source/rubber_duck_toy_4k/Textures/rubber_duck_toy_nor_gl.uexp" 3747
"C:/Users/Margarida/Desktop/Thesis-Project-2025/Thesis_Project/Content/VRTemplate/Maps/rubber_duck_toy/source/rubber_duck_toy_4k/Textures/rubber_duck_toy_metal-rubber_duck_toy_rough.ubulk" 3748
"C:/Users/Margarida/Desktop/Thesis-Project-2025/Thesis_Project/Content/VRTemplate/Maps/rubber_duck_toy/source/rubber_duck_toy_4k/Textures/rubber_duck_toy_metal-rubber_duck_toy_rough.uasset" 3749
"C:/Users/Margarida/Desktop/Thesis-Project-2025/Thesis_Project/Content/VRTemplate/Maps/rubber_duck_toy/source/rubber_duck_toy_4k/Textures/rubber_duck_toy_metal-rubber_duck_toy_rough.uexp" 3750
"C:/Users/Margarida/Desktop/Thesis-Project-2025/Thesis_Project/Content/VRTemplate/Maps/rubber_duck_toy/source/rubber_duck_toy_4k/Textures/rubber_duck_toy_diff.ubulk" 3751
"C:/Users/Margarida/Desktop/Thesis-Project-2025/Thesis_Project/Content/VRTemplate/Maps/rubber_duck_toy/source/rubber_duck_toy_4k/Textures/rubber_duck_toy_diff.uasset" 3752
"C:/Users/Margarida/Desktop/Thesis-Project-2025/Thesis_Project/Content/VRTemplate/Maps/rubber_duck_toy/source/rubber_duck_toy_4k/Textures/rubber_duck_toy_diff.uexp" 3753
"C:/Users/Margarida/Desktop/Thesis-Project-2025/Thesis_Project/Content/VRTemplate/Maps/rubber_duck_toy/source/rubber_duck_toy_4k/Materials/rubber_duck_toy.uasset" 3754
"C:/Users/Margarida/Desktop/Thesis-Project-2025/Thesis_Project/Content/VRTemplate/Maps/rubber_duck_toy/source/rubber_duck_toy_4k/Materials/rubber_duck_toy.uexp" 3755
"C:/Users/Margarida/Desktop/Thesis-Project-2025/Thesis_Project/Content/VRTemplate/Maps/rubber_duck_toy/source/rubber_duck_toy_4k/StaticMeshes/rubber_duck_toy_4k.ubulk" 3756
"C:/Users/Margarida/Desktop/Thesis-Project-2025/Thesis_Project/Content/VRTemplate/Maps/rubber_duck_toy/source/rubber_duck_toy_4k/StaticMeshes/rubber_duck_toy_4k.uasset" 3757
"C:/Users/Margarida/Desktop/Thesis-Project-2025/Thesis_Project/Content/VRTemplate/Maps/rubber_duck_toy/source/rubber_duck_toy_4k/StaticMeshes/rubber_duck_toy_4k.uexp" 3758
"C:/Users/Margarida/Desktop/Thesis-Project-2025/Thesis_Project/Content/VRTemplate/Maps/game-ready-free-paper-goods/textures/Paper_Goods_Roughness.ubulk" 3759
"C:/Users/Margarida/Desktop/Thesis-Project-2025/Thesis_Project/Content/VRTemplate/Maps/game-ready-free-paper-goods/textures/Paper_Goods_Roughness.uasset" 3760
"C:/Users/Margarida/Desktop/Thesis-Project-2025/Thesis_Project/Content/VRTemplate/Maps/game-ready-free-paper-goods/textures/Paper_Goods_Roughness.uexp" 3761
"C:/Users/Margarida/Desktop/Thesis-Project-2025/Thesis_Project/Content/VRTemplate/Maps/game-ready-free-paper-goods/textures/Paper_Goods_Normal.ubulk" 3762
"C:/Users/Margarida/Desktop/Thesis-Project-2025/Thesis_Project/Content/VRTemplate/Maps/game-ready-free-paper-goods/textures/Paper_Goods_Normal.uasset" 3763
"C:/Users/Margarida/Desktop/Thesis-Project-2025/Thesis_Project/Content/VRTemplate/Maps/game-ready-free-paper-goods/textures/Paper_Goods_Normal.uexp" 3764
"C:/Users/Margarida/Desktop/Thesis-Project-2025/Thesis_Project/Content/VRTemplate/Maps/game-ready-free-paper-goods/textures/Paper_Goods_Metallic.ubulk" 3765
"C:/Users/Margarida/Desktop/Thesis-Project-2025/Thesis_Project/Content/VRTemplate/Maps/game-ready-free-paper-goods/textures/Paper_Goods_Metallic.uasset" 3766
"C:/Users/Margarida/Desktop/Thesis-Project-2025/Thesis_Project/Content/VRTemplate/Maps/game-ready-free-paper-goods/textures/Paper_Goods_Metallic.uexp" 3767
"C:/Users/Margarida/Desktop/Thesis-Project-2025/Thesis_Project/Content/VRTemplate/Maps/game-ready-free-paper-goods/textures/Paper_Goods_BaseColor.ubulk" 3768
"C:/Users/Margarida/Desktop/Thesis-Project-2025/Thesis_Project/Content/VRTemplate/Maps/game-ready-free-paper-goods/textures/Paper_Goods_BaseColor.uasset" 3769
"C:/Users/Margarida/Desktop/Thesis-Project-2025/Thesis_Project/Content/VRTemplate/Maps/game-ready-free-paper-goods/textures/Paper_Goods_BaseColor.uexp" 3770
"C:/Users/Margarida/Desktop/Thesis-Project-2025/Thesis_Project/Content/VRTemplate/Maps/game-ready-free-paper-goods/textures/Paper_Goods_AmbientOcclusion.ubulk" 3771
"C:/Users/Margarida/Desktop/Thesis-Project-2025/Thesis_Project/Content/VRTemplate/Maps/game-ready-free-paper-goods/textures/Paper_Goods_AmbientOcclusion.uasset" 3772
"C:/Users/Margarida/Desktop/Thesis-Project-2025/Thesis_Project/Content/VRTemplate/Maps/game-ready-free-paper-goods/textures/Paper_Goods_AmbientOcclusion.uexp" 3773
"C:/Users/Margarida/Desktop/Thesis-Project-2025/Thesis_Project/Content/VRTemplate/Maps/game-ready-free-paper-goods/textures/internal_ground_ao_texture.ubulk" 3774
"C:/Users/Margarida/Desktop/Thesis-Project-2025/Thesis_Project/Content/VRTemplate/Maps/game-ready-free-paper-goods/textures/internal_ground_ao_texture.uasset" 3775
"C:/Users/Margarida/Desktop/Thesis-Project-2025/Thesis_Project/Content/VRTemplate/Maps/game-ready-free-paper-goods/textures/internal_ground_ao_texture.uexp" 3776
"C:/Users/Margarida/Desktop/Thesis-Project-2025/Thesis_Project/Content/VRTemplate/Maps/game-ready-free-paper-goods/textures/M_Cup.uasset" 3777
"C:/Users/Margarida/Desktop/Thesis-Project-2025/Thesis_Project/Content/VRTemplate/Maps/game-ready-free-paper-goods/textures/M_Cup.uexp" 3778
"../../../Engine/Plugins/Interchange/Assets/Content/gltf/MaterialInstances/MI_Default_Opaque.uasset" 3779
"../../../Engine/Plugins/Interchange/Assets/Content/gltf/MaterialInstances/MI_Default_Opaque.uexp" 3780
"C:/Users/Margarida/Desktop/Thesis-Project-2025/Thesis_Project/Content/VRTemplate/Maps/game-ready-free-paper-goods/Paper_Goods/Materials/Paper_Goods.uasset" 3781
"C:/Users/Margarida/Desktop/Thesis-Project-2025/Thesis_Project/Content/VRTemplate/Maps/game-ready-free-paper-goods/Paper_Goods/Materials/Paper_Goods.uexp" 3782
"C:/Users/Margarida/Desktop/Thesis-Project-2025/Thesis_Project/Content/VRTemplate/Maps/game-ready-free-paper-goods/Paper_Goods/StaticMeshes/Props_Paper_Coffee_Cup_Cap.ubulk" 3783
"C:/Users/Margarida/Desktop/Thesis-Project-2025/Thesis_Project/Content/VRTemplate/Maps/game-ready-free-paper-goods/Paper_Goods/StaticMeshes/Props_Paper_Coffee_Cup_Cap.uasset" 3784
"C:/Users/Margarida/Desktop/Thesis-Project-2025/Thesis_Project/Content/VRTemplate/Maps/game-ready-free-paper-goods/Paper_Goods/StaticMeshes/Props_Paper_Coffee_Cup_Cap.uexp" 3785
"C:/Users/Margarida/Desktop/Thesis-Project-2025/Thesis_Project/Content/VRTemplate/Maps/game-ready-free-paper-goods/Paper_Goods/StaticMeshes/Props_Paper_Coffee_Cup_Body.ubulk" 3786
"C:/Users/Margarida/Desktop/Thesis-Project-2025/Thesis_Project/Content/VRTemplate/Maps/game-ready-free-paper-goods/Paper_Goods/StaticMeshes/Props_Paper_Coffee_Cup_Body.uasset" 3787
"C:/Users/Margarida/Desktop/Thesis-Project-2025/Thesis_Project/Content/VRTemplate/Maps/game-ready-free-paper-goods/Paper_Goods/StaticMeshes/Props_Paper_Coffee_Cup_Body.uexp" 3788
"C:/Users/Margarida/Desktop/Thesis-Project-2025/Thesis_Project/Content/VRTemplate/Maps/board-game-boxes/boardgames/Textures/boardgames_fbm_Paper004_1K_NormalGL_jpg.ubulk" 3789
"C:/Users/Margarida/Desktop/Thesis-Project-2025/Thesis_Project/Content/VRTemplate/Maps/board-game-boxes/boardgames/Textures/boardgames_fbm_Paper004_1K_NormalGL_jpg.uasset" 3790
"C:/Users/Margarida/Desktop/Thesis-Project-2025/Thesis_Project/Content/VRTemplate/Maps/board-game-boxes/boardgames/Textures/boardgames_fbm_Paper004_1K_NormalGL_jpg.uexp" 3791
"C:/Users/Margarida/Desktop/Thesis-Project-2025/Thesis_Project/Content/VRTemplate/Maps/board-game-boxes/boardgames/Textures/boardgames_fbm_bg-bg_png.ubulk" 3792
"C:/Users/Margarida/Desktop/Thesis-Project-2025/Thesis_Project/Content/VRTemplate/Maps/board-game-boxes/boardgames/Textures/boardgames_fbm_bg-bg_png.uasset" 3793
"C:/Users/Margarida/Desktop/Thesis-Project-2025/Thesis_Project/Content/VRTemplate/Maps/board-game-boxes/boardgames/Textures/boardgames_fbm_bg-bg_png.uexp" 3794
"C:/Users/Margarida/Desktop/Thesis-Project-2025/Thesis_Project/Content/VRTemplate/Maps/board-game-boxes/boardgames/Materials/boardgames.uasset" 3795
"C:/Users/Margarida/Desktop/Thesis-Project-2025/Thesis_Project/Content/VRTemplate/Maps/board-game-boxes/boardgames/Materials/boardgames.uexp" 3796
"C:/Users/Margarida/Desktop/Thesis-Project-2025/Thesis_Project/Content/VRTemplate/Maps/board-game-boxes/boardgames/StaticMeshes/oligopoly.ubulk" 3797
"C:/Users/Margarida/Desktop/Thesis-Project-2025/Thesis_Project/Content/VRTemplate/Maps/board-game-boxes/boardgames/StaticMeshes/oligopoly.uasset" 3798
"C:/Users/Margarida/Desktop/Thesis-Project-2025/Thesis_Project/Content/VRTemplate/Maps/board-game-boxes/boardgames/StaticMeshes/oligopoly.uexp" 3799
"C:/Users/Margarida/Desktop/Thesis-Project-2025/Thesis_Project/Content/VRTemplate/Maps/board-game-boxes/boardgames/StaticMeshes/drawnslation.ubulk" 3800
"C:/Users/Margarida/Desktop/Thesis-Project-2025/Thesis_Project/Content/VRTemplate/Maps/board-game-boxes/boardgames/StaticMeshes/drawnslation.uasset" 3801
"C:/Users/Margarida/Desktop/Thesis-Project-2025/Thesis_Project/Content/VRTemplate/Maps/board-game-boxes/boardgames/StaticMeshes/drawnslation.uexp" 3802
"C:/Users/Margarida/Desktop/Thesis-Project-2025/Thesis_Project/Content/BlackAlder/Textures/TwoSided/Winter/T_BlackAlder_TwoSided_Winter_Normal.ubulk" 3803
"C:/Users/Margarida/Desktop/Thesis-Project-2025/Thesis_Project/Content/BlackAlder/Textures/TwoSided/Winter/T_BlackAlder_TwoSided_Winter_Normal.uasset" 3804
"C:/Users/Margarida/Desktop/Thesis-Project-2025/Thesis_Project/Content/BlackAlder/Textures/TwoSided/Winter/T_BlackAlder_TwoSided_Winter_Normal.uexp" 3805
"C:/Users/Margarida/Desktop/Thesis-Project-2025/Thesis_Project/Content/BlackAlder/Textures/TwoSided/Winter/T_BlackAlder_TwoSided_Winter_Mask.ubulk" 3806
"C:/Users/Margarida/Desktop/Thesis-Project-2025/Thesis_Project/Content/BlackAlder/Textures/TwoSided/Winter/T_BlackAlder_TwoSided_Winter_Mask.uasset" 3807
"C:/Users/Margarida/Desktop/Thesis-Project-2025/Thesis_Project/Content/BlackAlder/Textures/TwoSided/Winter/T_BlackAlder_TwoSided_Winter_Mask.uexp" 3808
"C:/Users/Margarida/Desktop/Thesis-Project-2025/Thesis_Project/Content/BlackAlder/Textures/TwoSided/Winter/T_BlackAlder_TwoSided_Winter_Albedo.uexp" 3809
"C:/Users/Margarida/Desktop/Thesis-Project-2025/Thesis_Project/Content/BlackAlder/Textures/TwoSided/Winter/T_BlackAlder_TwoSided_Winter_Albedo.ubulk" 3810
"C:/Users/Margarida/Desktop/Thesis-Project-2025/Thesis_Project/Content/BlackAlder/Textures/TwoSided/Winter/T_BlackAlder_TwoSided_Winter_Albedo.uasset" 3811
"C:/Users/Margarida/Desktop/Thesis-Project-2025/Thesis_Project/Content/BlackAlder/Textures/TwoSided/Winter/T_BlackAlder_TwoSided_Winter_Albedo.uptnl" 3812
"C:/Users/Margarida/Desktop/Thesis-Project-2025/Thesis_Project/Content/BlackAlder/Textures/TwoSided/Summer/T_BlackAlder_TwoSided_Summer_Normal.ubulk" 3813
"C:/Users/Margarida/Desktop/Thesis-Project-2025/Thesis_Project/Content/BlackAlder/Textures/TwoSided/Summer/T_BlackAlder_TwoSided_Summer_Normal.uasset" 3814
"C:/Users/Margarida/Desktop/Thesis-Project-2025/Thesis_Project/Content/BlackAlder/Textures/TwoSided/Summer/T_BlackAlder_TwoSided_Summer_Normal.uexp" 3815
"C:/Users/Margarida/Desktop/Thesis-Project-2025/Thesis_Project/Content/BlackAlder/Textures/TwoSided/Summer/T_BlackAlder_TwoSided_Summer_Mask.ubulk" 3816
"C:/Users/Margarida/Desktop/Thesis-Project-2025/Thesis_Project/Content/BlackAlder/Textures/TwoSided/Summer/T_BlackAlder_TwoSided_Summer_Mask.uasset" 3817
"C:/Users/Margarida/Desktop/Thesis-Project-2025/Thesis_Project/Content/BlackAlder/Textures/TwoSided/Summer/T_BlackAlder_TwoSided_Summer_Mask.uexp" 3818
"C:/Users/Margarida/Desktop/Thesis-Project-2025/Thesis_Project/Content/BlackAlder/Textures/TwoSided/Summer/T_BlackAlder_TwoSided_Summer_Albedo.uexp" 3819
"C:/Users/Margarida/Desktop/Thesis-Project-2025/Thesis_Project/Content/BlackAlder/Textures/TwoSided/Summer/T_BlackAlder_TwoSided_Summer_Albedo.ubulk" 3820
"C:/Users/Margarida/Desktop/Thesis-Project-2025/Thesis_Project/Content/BlackAlder/Textures/TwoSided/Summer/T_BlackAlder_TwoSided_Summer_Albedo.uasset" 3821
"C:/Users/Margarida/Desktop/Thesis-Project-2025/Thesis_Project/Content/BlackAlder/Textures/TwoSided/Summer/T_BlackAlder_TwoSided_Summer_Albedo.uptnl" 3822
"../../../Engine/Content/Functions/Engine_MaterialFunctions01/ImageAdjustment/3ColorBlend.uasset" 3823
"../../../Engine/Content/Functions/Engine_MaterialFunctions01/ImageAdjustment/3ColorBlend.uexp" 3824
"../../../Engine/Content/Functions/Engine_MaterialFunctions02/WorldPositionOffset/ObjectPivotPoint.uasset" 3825
"../../../Engine/Content/Functions/Engine_MaterialFunctions02/WorldPositionOffset/ObjectPivotPoint.uexp" 3826
"../../../Engine/Content/Functions/Engine_MaterialFunctions03/Blends/Blend_LinearDodge.uasset" 3827
"../../../Engine/Content/Functions/Engine_MaterialFunctions03/Blends/Blend_LinearDodge.uexp" 3828
"../../../Engine/Content/EngineMaterials/DefaultDiffuse_TC_Masks.ubulk" 3829
"../../../Engine/Content/EngineMaterials/DefaultDiffuse_TC_Masks.uasset" 3830
"../../../Engine/Content/EngineMaterials/DefaultDiffuse_TC_Masks.uexp" 3831
"../../../Engine/Content/MaterialTemplates/Textures/T_Noise01.ubulk" 3832
"../../../Engine/Content/MaterialTemplates/Textures/T_Noise01.uasset" 3833
"../../../Engine/Content/MaterialTemplates/Textures/T_Noise01.uexp" 3834
"../../../Engine/Content/MaterialTemplates/LayerBlends/T_DefaultMaskTexture.uasset" 3835
"../../../Engine/Content/MaterialTemplates/LayerBlends/T_DefaultMaskTexture.uexp" 3836
"../../../Engine/Content/Functions/Engine_MaterialFunctions02/ms_PivotPainter2_UnpackIntegerAsFloat.uasset" 3837
"../../../Engine/Content/Functions/Engine_MaterialFunctions02/ms_PivotPainter2_UnpackIntegerAsFloat.uexp" 3838
"../../../Engine/Content/Functions/Engine_MaterialFunctions02/Lerp_Multiple_Float2.uasset" 3839
"../../../Engine/Content/Functions/Engine_MaterialFunctions02/Lerp_Multiple_Float2.uexp" 3840
"../../../Engine/Content/Functions/Engine_MaterialFunctions02/FixRotateAboutAxisNormals.uasset" 3841
"../../../Engine/Content/Functions/Engine_MaterialFunctions02/FixRotateAboutAxisNormals.uexp" 3842
"C:/Users/Margarida/Desktop/Thesis-Project-2025/Thesis_Project/Content/MSPresets/MS_Foliage_Material/MaterialParameterCollection/MPC_GlobalFoliageActor.uasset" 3843
"C:/Users/Margarida/Desktop/Thesis-Project-2025/Thesis_Project/Content/MSPresets/MS_Foliage_Material/MaterialParameterCollection/MPC_GlobalFoliageActor.uexp" 3844
"../../../Engine/Content/Functions/Engine_MaterialFunctions02/ExampleContent/Textures/WindTurblenceVectorAndGustMagnitude.uasset" 3845
"../../../Engine/Content/Functions/Engine_MaterialFunctions02/ExampleContent/Textures/WindTurblenceVectorAndGustMagnitude.uexp" 3846
"C:/Users/Margarida/Desktop/Thesis-Project-2025/Thesis_Project/Content/MSPresets/MS_Foliage_Material/MaterialFunctions/Textures/T_WindNoise.ubulk" 3847
"C:/Users/Margarida/Desktop/Thesis-Project-2025/Thesis_Project/Content/MSPresets/MS_Foliage_Material/MaterialFunctions/Textures/T_WindNoise.uasset" 3848
"C:/Users/Margarida/Desktop/Thesis-Project-2025/Thesis_Project/Content/MSPresets/MS_Foliage_Material/MaterialFunctions/Textures/T_WindNoise.uexp" 3849
"C:/Users/Margarida/Desktop/Thesis-Project-2025/Thesis_Project/Content/MSPresets/MS_Foliage_Material/MaterialFunctions/Foliage/MF_GenerateBranchMask.uasset" 3850
"C:/Users/Margarida/Desktop/Thesis-Project-2025/Thesis_Project/Content/MSPresets/MS_Foliage_Material/MaterialFunctions/Foliage/MF_GenerateBranchMask.uexp" 3851
"C:/Users/Margarida/Desktop/Thesis-Project-2025/Thesis_Project/Content/MSPresets/MS_Foliage_Material/MaterialFunctions/Foliage/MF_WorldspaceColorVariation.uasset" 3852
"C:/Users/Margarida/Desktop/Thesis-Project-2025/Thesis_Project/Content/MSPresets/MS_Foliage_Material/MaterialFunctions/Foliage/MF_WorldspaceColorVariation.uexp" 3853
"C:/Users/Margarida/Desktop/Thesis-Project-2025/Thesis_Project/Content/MSPresets/MS_Foliage_Material/MaterialFunctions/Foliage/MF_WindGust.uasset" 3854
"C:/Users/Margarida/Desktop/Thesis-Project-2025/Thesis_Project/Content/MSPresets/MS_Foliage_Material/MaterialFunctions/Foliage/MF_WindGust.uexp" 3855
"C:/Users/Margarida/Desktop/Thesis-Project-2025/Thesis_Project/Content/MSPresets/MS_Foliage_Material/MaterialFunctions/Foliage/MF_adjustBaseColor.uasset" 3856
"C:/Users/Margarida/Desktop/Thesis-Project-2025/Thesis_Project/Content/MSPresets/MS_Foliage_Material/MaterialFunctions/Foliage/MF_adjustBaseColor.uexp" 3857
"C:/Users/Margarida/Desktop/Thesis-Project-2025/Thesis_Project/Content/MSPresets/MS_Foliage_Material/MaterialFunctions/Foliage/MF_generateTranslucency.uasset" 3858
"C:/Users/Margarida/Desktop/Thesis-Project-2025/Thesis_Project/Content/MSPresets/MS_Foliage_Material/MaterialFunctions/Foliage/MF_generateTranslucency.uexp" 3859
"C:/Users/Margarida/Desktop/Thesis-Project-2025/Thesis_Project/Content/MSPresets/MS_Foliage_Material/MaterialFunctions/Foliage/MF_HealthSeason.uasset" 3860
"C:/Users/Margarida/Desktop/Thesis-Project-2025/Thesis_Project/Content/MSPresets/MS_Foliage_Material/MaterialFunctions/Foliage/MF_HealthSeason.uexp" 3861
"C:/Users/Margarida/Desktop/Thesis-Project-2025/Thesis_Project/Content/MSPresets/MS_Foliage_Material/MaterialFunctions/Foliage/MF_SimpleWind.uasset" 3862
"C:/Users/Margarida/Desktop/Thesis-Project-2025/Thesis_Project/Content/MSPresets/MS_Foliage_Material/MaterialFunctions/Foliage/MF_SimpleWind.uexp" 3863
"../../../Engine/Content/Functions/Engine_MaterialFunctions02/PivotPainter2/2dArrayLookupByIndex.uasset" 3864
"../../../Engine/Content/Functions/Engine_MaterialFunctions02/PivotPainter2/2dArrayLookupByIndex.uexp" 3865
"../../../Engine/Content/Functions/Engine_MaterialFunctions02/PivotPainter2/ms_PivotPainter2_ReturnParentTextureInfo.uasset" 3866
"../../../Engine/Content/Functions/Engine_MaterialFunctions02/PivotPainter2/ms_PivotPainter2_ReturnParentTextureInfo.uexp" 3867
"../../../Engine/Content/Functions/Engine_MaterialFunctions02/PivotPainter2/ms_PivotPainter2_CalculateMeshElementIndex.uasset" 3868
"../../../Engine/Content/Functions/Engine_MaterialFunctions02/PivotPainter2/ms_PivotPainter2_CalculateMeshElementIndex.uexp" 3869
"../../../Engine/Content/Functions/Engine_MaterialFunctions02/ExampleContent/PivotPainter2/PP2_rgb_XVect_a_XExtent.uasset" 3870
"../../../Engine/Content/Functions/Engine_MaterialFunctions02/ExampleContent/PivotPainter2/PP2_rgb_XVect_a_XExtent.uexp" 3871
"../../../Engine/Content/Functions/Engine_MaterialFunctions02/ExampleContent/PivotPainter2/SimpExPivPos.uasset" 3872
"../../../Engine/Content/Functions/Engine_MaterialFunctions02/ExampleContent/PivotPainter2/SimpExPivPos.uexp" 3873
"../../../Engine/Content/Functions/Engine_MaterialFunctions02/ExampleContent/PivotPainter2/test2_rgb_PivotPos_a_ParentIndexInt_UV_2.uasset" 3874
"../../../Engine/Content/Functions/Engine_MaterialFunctions02/ExampleContent/PivotPainter2/test2_rgb_PivotPos_a_ParentIndexInt_UV_2.uexp" 3875
"../../../Engine/Content/Functions/Engine_MaterialFunctions02/PivotPainter2/ms_PivotPainter2_DecodePostion.uasset" 3876
"../../../Engine/Content/Functions/Engine_MaterialFunctions02/PivotPainter2/ms_PivotPainter2_DecodePostion.uexp" 3877
"../../../Engine/Content/Functions/Engine_MaterialFunctions02/PivotPainter2/ms_PivotPainter2_DecodeAxisVector.uasset" 3878
"../../../Engine/Content/Functions/Engine_MaterialFunctions02/PivotPainter2/ms_PivotPainter2_DecodeAxisVector.uexp" 3879
"../../../Engine/Content/Functions/Engine_MaterialFunctions02/PivotPainter2/ms_PivotPainter2_Decode8BitAlphaAxisExtent.uasset" 3880
"../../../Engine/Content/Functions/Engine_MaterialFunctions02/PivotPainter2/ms_PivotPainter2_Decode8BitAlphaAxisExtent.uexp" 3881
"C:/Users/Margarida/Desktop/Thesis-Project-2025/Thesis_Project/Content/MSPresets/MS_Foliage_Material/MaterialFunctions/Foliage/MF_adjustTwoSidedBaseColor.uasset" 3882
"C:/Users/Margarida/Desktop/Thesis-Project-2025/Thesis_Project/Content/MSPresets/MS_Foliage_Material/MaterialFunctions/Foliage/MF_adjustTwoSidedBaseColor.uexp" 3883
"C:/Users/Margarida/Desktop/Thesis-Project-2025/Thesis_Project/Content/MSPresets/MS_Foliage_Material/MaterialFunctions/Foliage/MF_adjustTwoSidedNormal.uasset" 3884
"C:/Users/Margarida/Desktop/Thesis-Project-2025/Thesis_Project/Content/MSPresets/MS_Foliage_Material/MaterialFunctions/Foliage/MF_adjustTwoSidedNormal.uexp" 3885
"C:/Users/Margarida/Desktop/Thesis-Project-2025/Thesis_Project/Content/MSPresets/MS_Foliage_Material/MaterialFunctions/Foliage/MF_generateTwoSidedSpecular.uasset" 3886
"C:/Users/Margarida/Desktop/Thesis-Project-2025/Thesis_Project/Content/MSPresets/MS_Foliage_Material/MaterialFunctions/Foliage/MF_generateTwoSidedSpecular.uexp" 3887
"C:/Users/Margarida/Desktop/Thesis-Project-2025/Thesis_Project/Content/MSPresets/MS_Foliage_Material/MaterialFunctions/Foliage/MF_LightInfluenceColorVariation.uasset" 3888
"C:/Users/Margarida/Desktop/Thesis-Project-2025/Thesis_Project/Content/MSPresets/MS_Foliage_Material/MaterialFunctions/Foliage/MF_LightInfluenceColorVariation.uexp" 3889
"C:/Users/Margarida/Desktop/Thesis-Project-2025/Thesis_Project/Content/MSPresets/MS_Foliage_Material/MaterialFunctions/Foliage/MF_Opacity.uasset" 3890
"C:/Users/Margarida/Desktop/Thesis-Project-2025/Thesis_Project/Content/MSPresets/MS_Foliage_Material/MaterialFunctions/Foliage/MF_Opacity.uexp" 3891
"C:/Users/Margarida/Desktop/Thesis-Project-2025/Thesis_Project/Content/MSPresets/MS_Foliage_Material/MaterialFunctions/Foliage/MF_TwoSidedRoughness.uasset" 3892
"C:/Users/Margarida/Desktop/Thesis-Project-2025/Thesis_Project/Content/MSPresets/MS_Foliage_Material/MaterialFunctions/Foliage/MF_TwoSidedRoughness.uexp" 3893
"C:/Users/Margarida/Desktop/Thesis-Project-2025/Thesis_Project/Content/MSPresets/MS_Foliage_Material/MaterialFunctions/Foliage/MF_TwoSided_Leaves.uasset" 3894
"C:/Users/Margarida/Desktop/Thesis-Project-2025/Thesis_Project/Content/MSPresets/MS_Foliage_Material/MaterialFunctions/Foliage/MF_TwoSided_Leaves.uexp" 3895
"C:/Users/Margarida/Desktop/Thesis-Project-2025/Thesis_Project/Content/MSPresets/MS_Foliage_Material/MaterialFunctions/Foliage/MF_Roughness.uasset" 3896
"C:/Users/Margarida/Desktop/Thesis-Project-2025/Thesis_Project/Content/MSPresets/MS_Foliage_Material/MaterialFunctions/Foliage/MF_Roughness.uexp" 3897
"C:/Users/Margarida/Desktop/Thesis-Project-2025/Thesis_Project/Content/MSPresets/MS_Foliage_Material/MaterialFunctions/Foliage/MF_generateSpecular.uasset" 3898
"C:/Users/Margarida/Desktop/Thesis-Project-2025/Thesis_Project/Content/MSPresets/MS_Foliage_Material/MaterialFunctions/Foliage/MF_generateSpecular.uexp" 3899
"C:/Users/Margarida/Desktop/Thesis-Project-2025/Thesis_Project/Content/MSPresets/MS_Foliage_Material/MaterialFunctions/Foliage/MF_DecorationBlending.uasset" 3900
"C:/Users/Margarida/Desktop/Thesis-Project-2025/Thesis_Project/Content/MSPresets/MS_Foliage_Material/MaterialFunctions/Foliage/MF_DecorationBlending.uexp" 3901
"C:/Users/Margarida/Desktop/Thesis-Project-2025/Thesis_Project/Content/MSPresets/MS_Foliage_Material/MaterialFunctions/Foliage/MF_BarkDetailer.uasset" 3902
"C:/Users/Margarida/Desktop/Thesis-Project-2025/Thesis_Project/Content/MSPresets/MS_Foliage_Material/MaterialFunctions/Foliage/MF_BarkDetailer.uexp" 3903
"C:/Users/Margarida/Desktop/Thesis-Project-2025/Thesis_Project/Content/MSPresets/MS_Foliage_Material/MaterialFunctions/Foliage/MF_adjustNormal.uasset" 3904
"C:/Users/Margarida/Desktop/Thesis-Project-2025/Thesis_Project/Content/MSPresets/MS_Foliage_Material/MaterialFunctions/Foliage/MF_adjustNormal.uexp" 3905
"C:/Users/Margarida/Desktop/Thesis-Project-2025/Thesis_Project/Content/MSPresets/MS_Foliage_Material/MaterialFunctions/Foliage/MF_TwoSided_Decoration.uasset" 3906
"C:/Users/Margarida/Desktop/Thesis-Project-2025/Thesis_Project/Content/MSPresets/MS_Foliage_Material/MaterialFunctions/Foliage/MF_TwoSided_Decoration.uexp" 3907
"C:/Users/Margarida/Desktop/Thesis-Project-2025/Thesis_Project/Content/MSPresets/MS_Foliage_Material/MaterialFunctions/Foliage/MF_BranchBlending.uasset" 3908
"C:/Users/Margarida/Desktop/Thesis-Project-2025/Thesis_Project/Content/MSPresets/MS_Foliage_Material/MaterialFunctions/Foliage/MF_BranchBlending.uexp" 3909
"C:/Users/Margarida/Desktop/Thesis-Project-2025/Thesis_Project/Content/MSPresets/MS_Foliage_Material/MaterialFunctions/Foliage/MF_DefaultLit_Trunk.uasset" 3910
"C:/Users/Margarida/Desktop/Thesis-Project-2025/Thesis_Project/Content/MSPresets/MS_Foliage_Material/MaterialFunctions/Foliage/MF_DefaultLit_Trunk.uexp" 3911
"C:/Users/Margarida/Desktop/Thesis-Project-2025/Thesis_Project/Content/MSPresets/MS_Foliage_Material/MaterialFunctions/Foliage/MF_AdvancedWind_Level.uasset" 3912
"C:/Users/Margarida/Desktop/Thesis-Project-2025/Thesis_Project/Content/MSPresets/MS_Foliage_Material/MaterialFunctions/Foliage/MF_AdvancedWind_Level.uexp" 3913
"C:/Users/Margarida/Desktop/Thesis-Project-2025/Thesis_Project/Content/MSPresets/MS_Foliage_Material/MaterialFunctions/Foliage/MF_AdvancedWind.uasset" 3914
"C:/Users/Margarida/Desktop/Thesis-Project-2025/Thesis_Project/Content/MSPresets/MS_Foliage_Material/MaterialFunctions/Foliage/MF_AdvancedWind.uexp" 3915
"C:/Users/Margarida/Desktop/Thesis-Project-2025/Thesis_Project/Content/MSPresets/MS_Foliage_Material/MasterMaterials/MA_Foliage.uasset" 3916
"C:/Users/Margarida/Desktop/Thesis-Project-2025/Thesis_Project/Content/MSPresets/MS_Foliage_Material/MasterMaterials/MA_Foliage.uexp" 3917
"C:/Users/Margarida/Desktop/Thesis-Project-2025/Thesis_Project/Content/BlackAlder/Textures/PivotPainter/Field/T_BlackAlder_Field_04_XVector.uasset" 3918
"C:/Users/Margarida/Desktop/Thesis-Project-2025/Thesis_Project/Content/BlackAlder/Textures/PivotPainter/Field/T_BlackAlder_Field_04_XVector.uexp" 3919
"C:/Users/Margarida/Desktop/Thesis-Project-2025/Thesis_Project/Content/BlackAlder/Textures/PivotPainter/Field/T_BlackAlder_Field_04_PivotPos.uasset" 3920
"C:/Users/Margarida/Desktop/Thesis-Project-2025/Thesis_Project/Content/BlackAlder/Textures/PivotPainter/Field/T_BlackAlder_Field_04_PivotPos.uexp" 3921
"C:/Users/Margarida/Desktop/Thesis-Project-2025/Thesis_Project/Content/BlackAlder/Materials/PivotPainter/Field/Field_04/MAI_BlackAlder_Field_04.uasset" 3922
"C:/Users/Margarida/Desktop/Thesis-Project-2025/Thesis_Project/Content/BlackAlder/Materials/PivotPainter/Field/Field_04/MAI_BlackAlder_Field_04.uexp" 3923
"C:/Users/Margarida/Desktop/Thesis-Project-2025/Thesis_Project/Content/BlackAlder/Materials/PivotPainter/Field/Field_04/MI_BlackAlder_Field_04_TwoSided.uasset" 3924
"C:/Users/Margarida/Desktop/Thesis-Project-2025/Thesis_Project/Content/BlackAlder/Materials/PivotPainter/Field/Field_04/MI_BlackAlder_Field_04_TwoSided.uexp" 3925
"C:/Users/Margarida/Desktop/Thesis-Project-2025/Thesis_Project/Content/BlackAlder/Textures/Impostor/Field/Field_04/T_Impostor_Normal_Field_04_Winter.ubulk" 3926
"C:/Users/Margarida/Desktop/Thesis-Project-2025/Thesis_Project/Content/BlackAlder/Textures/Impostor/Field/Field_04/T_Impostor_Normal_Field_04_Winter.uasset" 3927
"C:/Users/Margarida/Desktop/Thesis-Project-2025/Thesis_Project/Content/BlackAlder/Textures/Impostor/Field/Field_04/T_Impostor_Normal_Field_04_Winter.uexp" 3928
"C:/Users/Margarida/Desktop/Thesis-Project-2025/Thesis_Project/Content/BlackAlder/Textures/Impostor/Field/Field_04/T_Impostor_Normal_Field_04_Summer.ubulk" 3929
"C:/Users/Margarida/Desktop/Thesis-Project-2025/Thesis_Project/Content/BlackAlder/Textures/Impostor/Field/Field_04/T_Impostor_Normal_Field_04_Summer.uasset" 3930
"C:/Users/Margarida/Desktop/Thesis-Project-2025/Thesis_Project/Content/BlackAlder/Textures/Impostor/Field/Field_04/T_Impostor_Normal_Field_04_Summer.uexp" 3931
"C:/Users/Margarida/Desktop/Thesis-Project-2025/Thesis_Project/Content/BlackAlder/Textures/Impostor/Field/Field_04/T_Impostor_BaseColor_Field_04_Winter.ubulk" 3932
"C:/Users/Margarida/Desktop/Thesis-Project-2025/Thesis_Project/Content/BlackAlder/Textures/Impostor/Field/Field_04/T_Impostor_BaseColor_Field_04_Winter.uasset" 3933
"C:/Users/Margarida/Desktop/Thesis-Project-2025/Thesis_Project/Content/BlackAlder/Textures/Impostor/Field/Field_04/T_Impostor_BaseColor_Field_04_Winter.uexp" 3934
"C:/Users/Margarida/Desktop/Thesis-Project-2025/Thesis_Project/Content/BlackAlder/Textures/Impostor/Field/Field_04/T_Impostor_BaseColor_Field_04_Summer.ubulk" 3935
"C:/Users/Margarida/Desktop/Thesis-Project-2025/Thesis_Project/Content/BlackAlder/Textures/Impostor/Field/Field_04/T_Impostor_BaseColor_Field_04_Summer.uasset" 3936
"C:/Users/Margarida/Desktop/Thesis-Project-2025/Thesis_Project/Content/BlackAlder/Textures/Impostor/Field/Field_04/T_Impostor_BaseColor_Field_04_Summer.uexp" 3937
"../../../Engine/Content/Functions/Engine_MaterialFunctions01/Texturing/ComputeMipLevel.uasset" 3938
"../../../Engine/Content/Functions/Engine_MaterialFunctions01/Texturing/ComputeMipLevel.uexp" 3939
"../../../Engine/Content/Functions/Engine_MaterialFunctions02/ExampleContent/Textures/DebugNumberPeriod.uasset" 3940
"../../../Engine/Content/Functions/Engine_MaterialFunctions02/ExampleContent/Textures/DebugNumberPeriod.uexp" 3941
"../../../Engine/Content/Functions/Engine_MaterialFunctions02/Utility/DebugScalarValues.uasset" 3942
"../../../Engine/Content/Functions/Engine_MaterialFunctions02/Utility/DebugScalarValues.uexp" 3943
"../../../Engine/Content/Functions/Engine_MaterialFunctions02/WorldPositionOffset/ComponentPivotLocation.uasset" 3944
"../../../Engine/Content/Functions/Engine_MaterialFunctions02/WorldPositionOffset/ComponentPivotLocation.uexp" 3945
"../../../Engine/Content/Functions/Engine_MaterialFunctions02/WorldPositionOffset/Sprite.uasset" 3946
"../../../Engine/Content/Functions/Engine_MaterialFunctions02/WorldPositionOffset/Sprite.uexp" 3947
"../../../Engine/Content/Functions/Engine_MaterialFunctions02/Utility/DebugFloat2Values.uasset" 3948
"../../../Engine/Content/Functions/Engine_MaterialFunctions02/Utility/DebugFloat2Values.uexp" 3949
"../../../Engine/Content/Functions/Engine_MaterialFunctions01/Vectors/UnitVectorToOctahedron.uasset" 3950
"../../../Engine/Content/Functions/Engine_MaterialFunctions01/Vectors/UnitVectorToOctahedron.uexp" 3951
"../../../Engine/Content/Functions/Engine_MaterialFunctions01/Vectors/OctahedronToUnitVector.uasset" 3952
"../../../Engine/Content/Functions/Engine_MaterialFunctions01/Vectors/OctahedronToUnitVector.uexp" 3953
"C:/Users/Margarida/Desktop/Thesis-Project-2025/Thesis_Project/Content/MSPresets/MS_Foliage_Material/MaterialFunctions/Impostor/VirtualPlaneCoordinates_Imposter.uasset" 3954
"C:/Users/Margarida/Desktop/Thesis-Project-2025/Thesis_Project/Content/MSPresets/MS_Foliage_Material/MaterialFunctions/Impostor/VirtualPlaneCoordinates_Imposter.uexp" 3955
"C:/Users/Margarida/Desktop/Thesis-Project-2025/Thesis_Project/Content/MSPresets/MS_Foliage_Material/MaterialFunctions/Impostor/UnitVectorToHemiOctahedra.uasset" 3956
"C:/Users/Margarida/Desktop/Thesis-Project-2025/Thesis_Project/Content/MSPresets/MS_Foliage_Material/MaterialFunctions/Impostor/UnitVectorToHemiOctahedra.uexp" 3957
"C:/Users/Margarida/Desktop/Thesis-Project-2025/Thesis_Project/Content/MSPresets/MS_Foliage_Material/MaterialFunctions/Impostor/TriangulatedWireframe.uasset" 3958
"C:/Users/Margarida/Desktop/Thesis-Project-2025/Thesis_Project/Content/MSPresets/MS_Foliage_Material/MaterialFunctions/Impostor/TriangulatedWireframe.uexp" 3959
"C:/Users/Margarida/Desktop/Thesis-Project-2025/Thesis_Project/Content/MSPresets/MS_Foliage_Material/MaterialFunctions/Impostor/TriangleInterpolator.uasset" 3960
"C:/Users/Margarida/Desktop/Thesis-Project-2025/Thesis_Project/Content/MSPresets/MS_Foliage_Material/MaterialFunctions/Impostor/TriangleInterpolator.uexp" 3961
"C:/Users/Margarida/Desktop/Thesis-Project-2025/Thesis_Project/Content/MSPresets/MS_Foliage_Material/MaterialFunctions/Impostor/ImposterFrameTransform.uasset" 3962
"C:/Users/Margarida/Desktop/Thesis-Project-2025/Thesis_Project/Content/MSPresets/MS_Foliage_Material/MaterialFunctions/Impostor/ImposterFrameTransform.uexp" 3963
"C:/Users/Margarida/Desktop/Thesis-Project-2025/Thesis_Project/Content/MSPresets/MS_Foliage_Material/MaterialFunctions/Impostor/Sprite_PositionBased.uasset" 3964
"C:/Users/Margarida/Desktop/Thesis-Project-2025/Thesis_Project/Content/MSPresets/MS_Foliage_Material/MaterialFunctions/Impostor/Sprite_PositionBased.uexp" 3965
"C:/Users/Margarida/Desktop/Thesis-Project-2025/Thesis_Project/Content/MSPresets/MS_Foliage_Material/MaterialFunctions/Impostor/OverrideMobile.uasset" 3966
"C:/Users/Margarida/Desktop/Thesis-Project-2025/Thesis_Project/Content/MSPresets/MS_Foliage_Material/MaterialFunctions/Impostor/OverrideMobile.uexp" 3967
"C:/Users/Margarida/Desktop/Thesis-Project-2025/Thesis_Project/Content/MSPresets/MS_Foliage_Material/MaterialFunctions/Impostor/ImpostorInfo.uasset" 3968
"C:/Users/Margarida/Desktop/Thesis-Project-2025/Thesis_Project/Content/MSPresets/MS_Foliage_Material/MaterialFunctions/Impostor/ImpostorInfo.uexp" 3969
"C:/Users/Margarida/Desktop/Thesis-Project-2025/Thesis_Project/Content/MSPresets/MS_Foliage_Material/MaterialFunctions/Impostor/HemiOctahedronToUnitVector.uasset" 3970
"C:/Users/Margarida/Desktop/Thesis-Project-2025/Thesis_Project/Content/MSPresets/MS_Foliage_Material/MaterialFunctions/Impostor/HemiOctahedronToUnitVector.uexp" 3971
"C:/Users/Margarida/Desktop/Thesis-Project-2025/Thesis_Project/Content/MSPresets/MS_Foliage_Material/MaterialFunctions/Impostor/Impostor_SingleFrameVersion.uasset" 3972
"C:/Users/Margarida/Desktop/Thesis-Project-2025/Thesis_Project/Content/MSPresets/MS_Foliage_Material/MaterialFunctions/Impostor/Impostor_SingleFrameVersion.uexp" 3973
"C:/Users/Margarida/Desktop/Thesis-Project-2025/Thesis_Project/Content/MSPresets/MS_Foliage_Material/MaterialFunctions/Impostor/ImposterFrameTransform_Setup.uasset" 3974
"C:/Users/Margarida/Desktop/Thesis-Project-2025/Thesis_Project/Content/MSPresets/MS_Foliage_Material/MaterialFunctions/Impostor/ImposterFrameTransform_Setup.uexp" 3975
"C:/Users/Margarida/Desktop/Thesis-Project-2025/Thesis_Project/Content/MSPresets/MS_Foliage_Material/MaterialFunctions/Impostor/GenerateTreeMask.uasset" 3976
"C:/Users/Margarida/Desktop/Thesis-Project-2025/Thesis_Project/Content/MSPresets/MS_Foliage_Material/MaterialFunctions/Impostor/GenerateTreeMask.uexp" 3977
"C:/Users/Margarida/Desktop/Thesis-Project-2025/Thesis_Project/Content/MSPresets/MS_Foliage_Material/MaterialFunctions/Impostor/FrameBlendWeights.uasset" 3978
"C:/Users/Margarida/Desktop/Thesis-Project-2025/Thesis_Project/Content/MSPresets/MS_Foliage_Material/MaterialFunctions/Impostor/FrameBlendWeights.uexp" 3979
"C:/Users/Margarida/Desktop/Thesis-Project-2025/Thesis_Project/Content/MSPresets/MS_Foliage_Material/MaterialFunctions/Impostor/FrameBlendWeights_TextureObject.uasset" 3980
"C:/Users/Margarida/Desktop/Thesis-Project-2025/Thesis_Project/Content/MSPresets/MS_Foliage_Material/MaterialFunctions/Impostor/FrameBlendWeights_TextureObject.uexp" 3981
"C:/Users/Margarida/Desktop/Thesis-Project-2025/Thesis_Project/Content/MSPresets/MS_Foliage_Material/MaterialFunctions/Impostor/Impostor_MS.uasset" 3982
"C:/Users/Margarida/Desktop/Thesis-Project-2025/Thesis_Project/Content/MSPresets/MS_Foliage_Material/MaterialFunctions/Impostor/Impostor_MS.uexp" 3983
"C:/Users/Margarida/Desktop/Thesis-Project-2025/Thesis_Project/Content/MSPresets/MS_Foliage_Material/MasterMaterials/MA_Impostor_SimpleOffset_MS.uasset" 3984
"C:/Users/Margarida/Desktop/Thesis-Project-2025/Thesis_Project/Content/MSPresets/MS_Foliage_Material/MasterMaterials/MA_Impostor_SimpleOffset_MS.uexp" 3985
"C:/Users/Margarida/Desktop/Thesis-Project-2025/Thesis_Project/Content/BlackAlder/Materials/Impostor/MAI_Impostor_BlackAlder.uasset" 3986
"C:/Users/Margarida/Desktop/Thesis-Project-2025/Thesis_Project/Content/BlackAlder/Materials/Impostor/MAI_Impostor_BlackAlder.uexp" 3987
"C:/Users/Margarida/Desktop/Thesis-Project-2025/Thesis_Project/Content/BlackAlder/Materials/Impostor/MI_Impostor_Field_04.uasset" 3988
"C:/Users/Margarida/Desktop/Thesis-Project-2025/Thesis_Project/Content/BlackAlder/Materials/Impostor/MI_Impostor_Field_04.uexp" 3989
"C:/Users/Margarida/Desktop/Thesis-Project-2025/Thesis_Project/Content/BlackAlder/Textures/Trunk/Trunk_02/T_BlackAlder_Trunk_02_Normal.ubulk" 3990
"C:/Users/Margarida/Desktop/Thesis-Project-2025/Thesis_Project/Content/BlackAlder/Textures/Trunk/Trunk_02/T_BlackAlder_Trunk_02_Normal.uasset" 3991
"C:/Users/Margarida/Desktop/Thesis-Project-2025/Thesis_Project/Content/BlackAlder/Textures/Trunk/Trunk_02/T_BlackAlder_Trunk_02_Normal.uexp" 3992
"C:/Users/Margarida/Desktop/Thesis-Project-2025/Thesis_Project/Content/BlackAlder/Textures/Trunk/Trunk_02/T_BlackAlder_Trunk_02_Mask.ubulk" 3993
"C:/Users/Margarida/Desktop/Thesis-Project-2025/Thesis_Project/Content/BlackAlder/Textures/Trunk/Trunk_02/T_BlackAlder_Trunk_02_Mask.uasset" 3994
"C:/Users/Margarida/Desktop/Thesis-Project-2025/Thesis_Project/Content/BlackAlder/Textures/Trunk/Trunk_02/T_BlackAlder_Trunk_02_Mask.uexp" 3995
"C:/Users/Margarida/Desktop/Thesis-Project-2025/Thesis_Project/Content/BlackAlder/Textures/Trunk/Trunk_02/T_BlackAlder_Trunk_02_Albedo.uexp" 3996
"C:/Users/Margarida/Desktop/Thesis-Project-2025/Thesis_Project/Content/BlackAlder/Textures/Trunk/Trunk_02/T_BlackAlder_Trunk_02_Albedo.ubulk" 3997
"C:/Users/Margarida/Desktop/Thesis-Project-2025/Thesis_Project/Content/BlackAlder/Textures/Trunk/Trunk_02/T_BlackAlder_Trunk_02_Albedo.uasset" 3998
"C:/Users/Margarida/Desktop/Thesis-Project-2025/Thesis_Project/Content/BlackAlder/Textures/Trunk/Trunk_02/T_BlackAlder_Trunk_02_Albedo.uptnl" 3999
"C:/Users/Margarida/Desktop/Thesis-Project-2025/Thesis_Project/Content/BlackAlder/Materials/PivotPainter/Field/Field_04/MI_BlackAlder_Field_04_Trunk.uasset" 4000
"C:/Users/Margarida/Desktop/Thesis-Project-2025/Thesis_Project/Content/BlackAlder/Materials/PivotPainter/Field/Field_04/MI_BlackAlder_Field_04_Trunk.uexp" 4001
"C:/Users/Margarida/Desktop/Thesis-Project-2025/Thesis_Project/Content/BlackAlder/Textures/Tileable/T_BlackAlder_Tileable_Normal.uexp" 4002
"C:/Users/Margarida/Desktop/Thesis-Project-2025/Thesis_Project/Content/BlackAlder/Textures/Tileable/T_BlackAlder_Tileable_Normal.ubulk" 4003
"C:/Users/Margarida/Desktop/Thesis-Project-2025/Thesis_Project/Content/BlackAlder/Textures/Tileable/T_BlackAlder_Tileable_Normal.uasset" 4004
"C:/Users/Margarida/Desktop/Thesis-Project-2025/Thesis_Project/Content/BlackAlder/Textures/Tileable/T_BlackAlder_Tileable_Normal.uptnl" 4005
"C:/Users/Margarida/Desktop/Thesis-Project-2025/Thesis_Project/Content/BlackAlder/Textures/Tileable/T_BlackAlder_Tileable_Mask.ubulk" 4006
"C:/Users/Margarida/Desktop/Thesis-Project-2025/Thesis_Project/Content/BlackAlder/Textures/Tileable/T_BlackAlder_Tileable_Mask.uasset" 4007
"C:/Users/Margarida/Desktop/Thesis-Project-2025/Thesis_Project/Content/BlackAlder/Textures/Tileable/T_BlackAlder_Tileable_Mask.uexp" 4008
"C:/Users/Margarida/Desktop/Thesis-Project-2025/Thesis_Project/Content/BlackAlder/Textures/Tileable/T_BlackAlder_Tileable_Albedo.uexp" 4009
"C:/Users/Margarida/Desktop/Thesis-Project-2025/Thesis_Project/Content/BlackAlder/Textures/Tileable/T_BlackAlder_Tileable_Albedo.ubulk" 4010
"C:/Users/Margarida/Desktop/Thesis-Project-2025/Thesis_Project/Content/BlackAlder/Textures/Tileable/T_BlackAlder_Tileable_Albedo.uasset" 4011
"C:/Users/Margarida/Desktop/Thesis-Project-2025/Thesis_Project/Content/BlackAlder/Textures/Tileable/T_BlackAlder_Tileable_Albedo.uptnl" 4012
"C:/Users/Margarida/Desktop/Thesis-Project-2025/Thesis_Project/Content/BlackAlder/Materials/PivotPainter/Field/Field_04/MI_BlackAlder_Field_04_Tileable.uasset" 4013
"C:/Users/Margarida/Desktop/Thesis-Project-2025/Thesis_Project/Content/BlackAlder/Materials/PivotPainter/Field/Field_04/MI_BlackAlder_Field_04_Tileable.uexp" 4014
"C:/Users/Margarida/Desktop/Thesis-Project-2025/Thesis_Project/Content/BlackAlder/Textures/Decoration/T_BlackAlder_Decoration_Normal.ubulk" 4015
"C:/Users/Margarida/Desktop/Thesis-Project-2025/Thesis_Project/Content/BlackAlder/Textures/Decoration/T_BlackAlder_Decoration_Normal.uasset" 4016
"C:/Users/Margarida/Desktop/Thesis-Project-2025/Thesis_Project/Content/BlackAlder/Textures/Decoration/T_BlackAlder_Decoration_Normal.uexp" 4017
"C:/Users/Margarida/Desktop/Thesis-Project-2025/Thesis_Project/Content/BlackAlder/Textures/Decoration/T_BlackAlder_Decoration_Mask.ubulk" 4018
"C:/Users/Margarida/Desktop/Thesis-Project-2025/Thesis_Project/Content/BlackAlder/Textures/Decoration/T_BlackAlder_Decoration_Mask.uasset" 4019
"C:/Users/Margarida/Desktop/Thesis-Project-2025/Thesis_Project/Content/BlackAlder/Textures/Decoration/T_BlackAlder_Decoration_Mask.uexp" 4020
"C:/Users/Margarida/Desktop/Thesis-Project-2025/Thesis_Project/Content/BlackAlder/Textures/Decoration/T_BlackAlder_Decoration_Albedo.uexp" 4021
"C:/Users/Margarida/Desktop/Thesis-Project-2025/Thesis_Project/Content/BlackAlder/Textures/Decoration/T_BlackAlder_Decoration_Albedo.ubulk" 4022
"C:/Users/Margarida/Desktop/Thesis-Project-2025/Thesis_Project/Content/BlackAlder/Textures/Decoration/T_BlackAlder_Decoration_Albedo.uasset" 4023
"C:/Users/Margarida/Desktop/Thesis-Project-2025/Thesis_Project/Content/BlackAlder/Textures/Decoration/T_BlackAlder_Decoration_Albedo.uptnl" 4024
"C:/Users/Margarida/Desktop/Thesis-Project-2025/Thesis_Project/Content/BlackAlder/Materials/PivotPainter/Field/Field_04/MI_BlackAlder_Field_04_Decoration.uasset" 4025
"C:/Users/Margarida/Desktop/Thesis-Project-2025/Thesis_Project/Content/BlackAlder/Materials/PivotPainter/Field/Field_04/MI_BlackAlder_Field_04_Decoration.uexp" 4026
"C:/Users/Margarida/Desktop/Thesis-Project-2025/Thesis_Project/Content/BlackAlder/Geometry/PivotPainter/SM_BlackAlder_Field_04_PP.ubulk" 4027
"C:/Users/Margarida/Desktop/Thesis-Project-2025/Thesis_Project/Content/BlackAlder/Geometry/PivotPainter/SM_BlackAlder_Field_04_PP.uasset" 4028
"C:/Users/Margarida/Desktop/Thesis-Project-2025/Thesis_Project/Content/BlackAlder/Geometry/PivotPainter/SM_BlackAlder_Field_04_PP.uexp" 4029
"../../../Engine/Plugins/Interchange/Assets/Content/gltf/MaterialInstances/MI_Default_Blend_DS.uasset" 4030
"../../../Engine/Plugins/Interchange/Assets/Content/gltf/MaterialInstances/MI_Default_Blend_DS.uexp" 4031
"C:/Users/Margarida/Desktop/Thesis-Project-2025/Thesis_Project/Content/VRTemplate/Assets/curtain/Textures/curtain_texture_0.ubulk" 4032
"C:/Users/Margarida/Desktop/Thesis-Project-2025/Thesis_Project/Content/VRTemplate/Assets/curtain/Textures/curtain_texture_0.uasset" 4033
"C:/Users/Margarida/Desktop/Thesis-Project-2025/Thesis_Project/Content/VRTemplate/Assets/curtain/Textures/curtain_texture_0.uexp" 4034
"C:/Users/Margarida/Desktop/Thesis-Project-2025/Thesis_Project/Content/VRTemplate/Assets/curtain/Textures/curtain_texture_1.ubulk" 4035
"C:/Users/Margarida/Desktop/Thesis-Project-2025/Thesis_Project/Content/VRTemplate/Assets/curtain/Textures/curtain_texture_1.uasset" 4036
"C:/Users/Margarida/Desktop/Thesis-Project-2025/Thesis_Project/Content/VRTemplate/Assets/curtain/Textures/curtain_texture_1.uexp" 4037
"C:/Users/Margarida/Desktop/Thesis-Project-2025/Thesis_Project/Content/VRTemplate/Assets/curtain/Textures/curtain_texture_2.ubulk" 4038
"C:/Users/Margarida/Desktop/Thesis-Project-2025/Thesis_Project/Content/VRTemplate/Assets/curtain/Textures/curtain_texture_2.uasset" 4039
"C:/Users/Margarida/Desktop/Thesis-Project-2025/Thesis_Project/Content/VRTemplate/Assets/curtain/Textures/curtain_texture_2.uexp" 4040
"C:/Users/Margarida/Desktop/Thesis-Project-2025/Thesis_Project/Content/VRTemplate/Assets/curtain/Materials/Material_001.uasset" 4041
"C:/Users/Margarida/Desktop/Thesis-Project-2025/Thesis_Project/Content/VRTemplate/Assets/curtain/Materials/Material_001.uexp" 4042
"C:/Users/Margarida/Desktop/Thesis-Project-2025/Thesis_Project/Content/VRTemplate/Assets/curtain/StaticMeshes/curtain.ubulk" 4043
"C:/Users/Margarida/Desktop/Thesis-Project-2025/Thesis_Project/Content/VRTemplate/Assets/curtain/StaticMeshes/curtain.uasset" 4044
"C:/Users/Margarida/Desktop/Thesis-Project-2025/Thesis_Project/Content/VRTemplate/Assets/curtain/StaticMeshes/curtain.uexp" 4045
"C:/Users/Margarida/Desktop/Thesis-Project-2025/Thesis_Project/Content/VRTemplate/Assets/fabric_clothes_cotton_plain_weave_white_xfeced0qx_8k/Fabric_Clothes_Cotton_Plain_Weave_White_xfeced0qx_8K_Specular.uexp" 4046
"C:/Users/Margarida/Desktop/Thesis-Project-2025/Thesis_Project/Content/VRTemplate/Assets/fabric_clothes_cotton_plain_weave_white_xfeced0qx_8k/Fabric_Clothes_Cotton_Plain_Weave_White_xfeced0qx_8K_Specular.ubulk" 4047
"C:/Users/Margarida/Desktop/Thesis-Project-2025/Thesis_Project/Content/VRTemplate/Assets/fabric_clothes_cotton_plain_weave_white_xfeced0qx_8k/Fabric_Clothes_Cotton_Plain_Weave_White_xfeced0qx_8K_Specular.uasset" 4048
"C:/Users/Margarida/Desktop/Thesis-Project-2025/Thesis_Project/Content/VRTemplate/Assets/fabric_clothes_cotton_plain_weave_white_xfeced0qx_8k/Fabric_Clothes_Cotton_Plain_Weave_White_xfeced0qx_8K_Specular.uptnl" 4049
"C:/Users/Margarida/Desktop/Thesis-Project-2025/Thesis_Project/Content/VRTemplate/Assets/fabric_clothes_cotton_plain_weave_white_xfeced0qx_8k/Fabric_Clothes_Cotton_Plain_Weave_White_xfeced0qx_8K_Roughness.uexp" 4050
"C:/Users/Margarida/Desktop/Thesis-Project-2025/Thesis_Project/Content/VRTemplate/Assets/fabric_clothes_cotton_plain_weave_white_xfeced0qx_8k/Fabric_Clothes_Cotton_Plain_Weave_White_xfeced0qx_8K_Roughness.ubulk" 4051
"C:/Users/Margarida/Desktop/Thesis-Project-2025/Thesis_Project/Content/VRTemplate/Assets/fabric_clothes_cotton_plain_weave_white_xfeced0qx_8k/Fabric_Clothes_Cotton_Plain_Weave_White_xfeced0qx_8K_Roughness.uasset" 4052
"C:/Users/Margarida/Desktop/Thesis-Project-2025/Thesis_Project/Content/VRTemplate/Assets/fabric_clothes_cotton_plain_weave_white_xfeced0qx_8k/Fabric_Clothes_Cotton_Plain_Weave_White_xfeced0qx_8K_Roughness.uptnl" 4053
"C:/Users/Margarida/Desktop/Thesis-Project-2025/Thesis_Project/Content/VRTemplate/Assets/fabric_clothes_cotton_plain_weave_white_xfeced0qx_8k/Fabric_Clothes_Cotton_Plain_Weave_White_xfeced0qx_8K_Normal.uexp" 4054
"C:/Users/Margarida/Desktop/Thesis-Project-2025/Thesis_Project/Content/VRTemplate/Assets/fabric_clothes_cotton_plain_weave_white_xfeced0qx_8k/Fabric_Clothes_Cotton_Plain_Weave_White_xfeced0qx_8K_Normal.ubulk" 4055
"C:/Users/Margarida/Desktop/Thesis-Project-2025/Thesis_Project/Content/VRTemplate/Assets/fabric_clothes_cotton_plain_weave_white_xfeced0qx_8k/Fabric_Clothes_Cotton_Plain_Weave_White_xfeced0qx_8K_Normal.uasset" 4056
"C:/Users/Margarida/Desktop/Thesis-Project-2025/Thesis_Project/Content/VRTemplate/Assets/fabric_clothes_cotton_plain_weave_white_xfeced0qx_8k/Fabric_Clothes_Cotton_Plain_Weave_White_xfeced0qx_8K_Normal.uptnl" 4057
"C:/Users/Margarida/Desktop/Thesis-Project-2025/Thesis_Project/Content/VRTemplate/Assets/fabric_clothes_cotton_plain_weave_white_xfeced0qx_8k/Fabric_Clothes_Cotton_Plain_Weave_White_xfeced0qx_8K_Displacement.uexp" 4058
"C:/Users/Margarida/Desktop/Thesis-Project-2025/Thesis_Project/Content/VRTemplate/Assets/fabric_clothes_cotton_plain_weave_white_xfeced0qx_8k/Fabric_Clothes_Cotton_Plain_Weave_White_xfeced0qx_8K_Displacement.ubulk" 4059
"C:/Users/Margarida/Desktop/Thesis-Project-2025/Thesis_Project/Content/VRTemplate/Assets/fabric_clothes_cotton_plain_weave_white_xfeced0qx_8k/Fabric_Clothes_Cotton_Plain_Weave_White_xfeced0qx_8K_Displacement.uasset" 4060
"C:/Users/Margarida/Desktop/Thesis-Project-2025/Thesis_Project/Content/VRTemplate/Assets/fabric_clothes_cotton_plain_weave_white_xfeced0qx_8k/Fabric_Clothes_Cotton_Plain_Weave_White_xfeced0qx_8K_Displacement.uptnl" 4061
"C:/Users/Margarida/Desktop/Thesis-Project-2025/Thesis_Project/Content/VRTemplate/Assets/fabric_clothes_cotton_plain_weave_white_xfeced0qx_8k/Fabric_Clothes_Cotton_Plain_Weave_White_xfeced0qx_8K_BaseColor.uexp" 4062
"C:/Users/Margarida/Desktop/Thesis-Project-2025/Thesis_Project/Content/VRTemplate/Assets/fabric_clothes_cotton_plain_weave_white_xfeced0qx_8k/Fabric_Clothes_Cotton_Plain_Weave_White_xfeced0qx_8K_BaseColor.ubulk" 4063
"C:/Users/Margarida/Desktop/Thesis-Project-2025/Thesis_Project/Content/VRTemplate/Assets/fabric_clothes_cotton_plain_weave_white_xfeced0qx_8k/Fabric_Clothes_Cotton_Plain_Weave_White_xfeced0qx_8K_BaseColor.uasset" 4064
"C:/Users/Margarida/Desktop/Thesis-Project-2025/Thesis_Project/Content/VRTemplate/Assets/fabric_clothes_cotton_plain_weave_white_xfeced0qx_8k/Fabric_Clothes_Cotton_Plain_Weave_White_xfeced0qx_8K_BaseColor.uptnl" 4065
"C:/Users/Margarida/Desktop/Thesis-Project-2025/Thesis_Project/Content/VRTemplate/Assets/fabric_clothes_cotton_plain_weave_white_xfeced0qx_8k/Fabric_Clothes_Cotton_Plain_Weave_White_xfeced0qx_8K_AO.uexp" 4066
"C:/Users/Margarida/Desktop/Thesis-Project-2025/Thesis_Project/Content/VRTemplate/Assets/fabric_clothes_cotton_plain_weave_white_xfeced0qx_8k/Fabric_Clothes_Cotton_Plain_Weave_White_xfeced0qx_8K_AO.ubulk" 4067
"C:/Users/Margarida/Desktop/Thesis-Project-2025/Thesis_Project/Content/VRTemplate/Assets/fabric_clothes_cotton_plain_weave_white_xfeced0qx_8k/Fabric_Clothes_Cotton_Plain_Weave_White_xfeced0qx_8K_AO.uasset" 4068
"C:/Users/Margarida/Desktop/Thesis-Project-2025/Thesis_Project/Content/VRTemplate/Assets/fabric_clothes_cotton_plain_weave_white_xfeced0qx_8k/Fabric_Clothes_Cotton_Plain_Weave_White_xfeced0qx_8K_AO.uptnl" 4069
"C:/Users/Margarida/Desktop/Thesis-Project-2025/Thesis_Project/Content/VRTemplate/Assets/fabric_clothes_cotton_plain_weave_white_xfeced0qx_8k/M_FabricWhite.uasset" 4070
"C:/Users/Margarida/Desktop/Thesis-Project-2025/Thesis_Project/Content/VRTemplate/Assets/fabric_clothes_cotton_plain_weave_white_xfeced0qx_8k/M_FabricWhite.uexp" 4071
"C:/Users/Margarida/Desktop/Thesis-Project-2025/Thesis_Project/Content/Room/Materials/MI_Light.uasset" 4072
"C:/Users/Margarida/Desktop/Thesis-Project-2025/Thesis_Project/Content/Room/Materials/MI_Light.uexp" 4073
"C:/Users/Margarida/Desktop/Thesis-Project-2025/Thesis_Project/Content/VRTemplate/Maps/Test_2.uexp" 4074
"C:/Users/Margarida/Desktop/Thesis-Project-2025/Thesis_Project/Content/VRTemplate/Maps/Test_2.umap" 4075
