[14:56:44] ConvaiChatbotComponentLog : Log : Cleanup | Character ID : ac032e3a-931c-11f0-8bf1-42010a7be01f | Session ID : -1
[14:56:44] ConvaiChatbotComponentLog : Log : Cleanup | Character ID : ac032e3a-931c-11f0-8bf1-42010a7be01f | Session ID : -1
[14:56:48] ConvaiChatbotComponentLog : Log : Cleanup | Character ID : ac032e3a-931c-11f0-8bf1-42010a7be01f | Session ID : -1
[14:56:48] ConvaiChatbotComponentLog : Log : Cleanup | Character ID : ac032e3a-931c-11f0-8bf1-42010a7be01f | Session ID : -1
[14:56:48] ConvaiChatbotComponentLog : Log : Cleanup | Character ID : ac032e3a-931c-11f0-8bf1-42010a7be01f | Session ID : -1
[14:56:48] ConvaiChatbotComponentLog : Log : Cleanup | Character ID : ac032e3a-931c-11f0-8bf1-42010a7be01f | Session ID : -1
[14:56:48] ConvaiChatbotComponentLog : Log : Cleanup | Character ID : ac032e3a-931c-11f0-8bf1-42010a7be01f | Session ID : -1
[14:56:48] ConvaiChatbotComponentLog : Log : Cleanup | Character ID : ac032e3a-931c-11f0-8bf1-42010a7be01f | Session ID : -1
[15:04:10] ConvaiSubsystemLog : Log : gRPC Creating Channel...
[15:04:10] ConvaiSubsystemLog : Log : UConvaiSubsystem Started
[15:04:10] ConvaiSubsystemLog : Log : Start Run
[15:04:10] ConvaiPlayerLog : Log : UConvaiPlayerComponent: Found submix "AudioInput"
[15:04:10] ConvaiSubsystemLog : Verbose : Registered player component: ConvaiPlayer
[15:04:14] ConvaiSubsystemLog : Verbose : Unregistered player component: ConvaiPlayer
[15:04:14] ConvaiSubsystemLog : Log : UConvaiSubsystem Stopped
[15:04:14] ConvaiSubsystemLog : Log : End Run
[15:04:14] ConvaiChatbotComponentLog : Log : Cleanup | Character ID : ac032e3a-931c-11f0-8bf1-42010a7be01f | Session ID : -1
[15:04:14] ConvaiChatbotComponentLog : Log : Cleanup | Character ID : ac032e3a-931c-11f0-8bf1-42010a7be01f | Session ID : -1
[15:04:26] ConvaiSubsystemLog : Log : gRPC Creating Channel...
[15:04:26] ConvaiSubsystemLog : Log : Start Run
[15:04:26] ConvaiSubsystemLog : Log : UConvaiSubsystem Started
[15:04:26] ConvaiPlayerLog : Log : UConvaiPlayerComponent: Found submix "AudioInput"
[15:04:26] ConvaiSubsystemLog : Verbose : Registered player component: ConvaiPlayer
[15:04:37] ConvaiPlayerLog : Log : Started Talking
[15:04:37] ConvaiAudioLog : Log : Using SteelSeries Sonar - Microphone (SteelSeries Sonar Virtual Audio Device) as Audio capture device with NumChannels:2 and SampleRate:48000
[15:04:37] ConvaiSubsystemLog : Warning : gRPC channel not ready yet.. Current State: GRPC_CHANNEL_IDLE
[15:04:37] ConvaiGRPCLog : Log : AsyncGetResponse started | Character ID : ac032e3a-931c-11f0-8bf1-42010a7be01f | Session ID : -1
[15:04:37] ConvaiGRPCLog : Log : GRPC GetResponse stream initialized | Character ID : ac032e3a-931c-11f0-8bf1-42010a7be01f | Session ID : -1
[15:04:37] ConvaiGRPCLog : Log : request: character_id: "ac032e3a-931c-11f0-8bf1-42010a7be01f"
api_key: "0d59d0e9911a2f0886cb47a3cf7925ab"
session_id: "-1"
audio_config {
  sample_rate_hertz: 16000
  enable_facial_data: true
  face_model: FACE_MODEL_OVR_MODEL_NAME
}
action_config {
  actions: "Moves To"
  actions: "Follows"
  actions: "None"
  actions: "Stops"
  actions: "Waits for <time in seconds or character>"
  characters {
    name: "David"
  }
  characters {
    name: "Guest"
  }
  characters {
    name: "Player"
  }
  classification: "multistep"
}
speaker: "Player"
dynamic_info_config {
}
 | Character ID : ac032e3a-931c-11f0-8bf1-42010a7be01f | Session ID : -1
[15:04:37] ConvaiGRPCLog : Log : Initial Stream Write | Character ID : ac032e3a-931c-11f0-8bf1-42010a7be01f | Session ID : -1
[15:04:37] ConvaiGRPCLog : Log : Initial Stream Read | Character ID : ac032e3a-931c-11f0-8bf1-42010a7be01f | Session ID : -1
[15:04:38] ConvaiPlayerLog : Log : FinishTalking calling FinishGetResponseStream
[15:04:38] ConvaiGRPCLog : Log : Finish Writing to audio data buffer
[15:04:38] ConvaiGRPCLog : Log : FinishWriting:: Informing On Data Received
[15:04:38] ConvaiGRPCLog : Log : Calling Stream WritesDone | LastWriteReceived : True | AudioBuffer.Num() : 0 | Character ID : ac032e3a-931c-11f0-8bf1-42010a7be01f | Session ID : -1
[15:04:38] ConvaiGRPCLog : Log : On Stream Write Done Writing
[15:04:38] ConvaiPlayerLog : Log : Finished Talking
[15:04:38] ConvaiGRPCLog : Log : OnStreamWriteDone
[15:04:38] ConvaiGRPCLog : Log : NumberOfAudioBytesSent 47068
[15:04:41] ConvaiGRPCLog : Log : GetResponse EmotionResponseDebug: session_id: "7eb0f01a1ae81c82fcc7fd16bf8af8a4"
emotion_response: "Serenity"

[15:04:41] ConvaiPlayerLog : Log : Started Talking
[15:04:41] ConvaiAudioLog : Log : Using SteelSeries Sonar - Microphone (SteelSeries Sonar Virtual Audio Device) as Audio capture device with NumChannels:2 and SampleRate:48000
[15:04:41] ConvaiChatbotComponentLog : Log : InterruptSpeech: Interrupting character | Character ID : ac032e3a-931c-11f0-8bf1-42010a7be01f | Session ID : 7eb0f01a1ae81c82fcc7fd16bf8af8a4
[15:04:41] ConvaiChatbotComponentLog : Log : UConvaiChatbotComponent Request Finished! | Character ID : ac032e3a-931c-11f0-8bf1-42010a7be01f | Session ID : 7eb0f01a1ae81c82fcc7fd16bf8af8a4
[15:04:41] ConvaiChatbotComponentLog : Log : Chatbot Total Received Audio: 0.000000 seconds
[15:04:41] ConvaiGRPCLog : Log : AsyncGetResponse started | Character ID : ac032e3a-931c-11f0-8bf1-42010a7be01f | Session ID : 7eb0f01a1ae81c82fcc7fd16bf8af8a4
[15:04:41] ConvaiGRPCLog : Log : GRPC GetResponse stream initialized | Character ID : ac032e3a-931c-11f0-8bf1-42010a7be01f | Session ID : 7eb0f01a1ae81c82fcc7fd16bf8af8a4
[15:04:41] ConvaiGRPCLog : Log : request: character_id: "ac032e3a-931c-11f0-8bf1-42010a7be01f"
api_key: "0d59d0e9911a2f0886cb47a3cf7925ab"
session_id: "7eb0f01a1ae81c82fcc7fd16bf8af8a4"
audio_config {
  sample_rate_hertz: 16000
  enable_facial_data: true
  face_model: FACE_MODEL_OVR_MODEL_NAME
}
action_config {
  actions: "Moves To"
  actions: "Follows"
  actions: "None"
  actions: "Stops"
  actions: "Waits for <time in seconds or character>"
  characters {
    name: "David"
  }
  characters {
    name: "Guest"
  }
  characters {
    name: "Player"
  }
  classification: "multistep"
}
speaker: "Player"
dynamic_info_config {
}
 | Character ID : ac032e3a-931c-11f0-8bf1-42010a7be01f | Session ID : 7eb0f01a1ae81c82fcc7fd16bf8af8a4
[15:04:41] ConvaiGRPCLog : Log : Initial Stream Write | Character ID : ac032e3a-931c-11f0-8bf1-42010a7be01f | Session ID : 7eb0f01a1ae81c82fcc7fd16bf8af8a4
[15:04:41] ConvaiGRPCLog : Log : Initial Stream Read | Character ID : ac032e3a-931c-11f0-8bf1-42010a7be01f | Session ID : 7eb0f01a1ae81c82fcc7fd16bf8af8a4
[15:04:41] ConvaiGRPCLog : Log : Received Audio Chunk: 0.680726 secs | Character ID : ac032e3a-931c-11f0-8bf1-42010a7be01f | Session ID : 7eb0f01a1ae81c82fcc7fd16bf8af8a4
[15:04:41] ConvaiGRPCLog : Log : EmotionResponse: joy 1
[15:04:41] ConvaiGRPCLog : Log : Received Text Bonjour ! : | Character ID : ac032e3a-931c-11f0-8bf1-42010a7be01f | Session ID : 7eb0f01a1ae81c82fcc7fd16bf8af8a4 | ReceivedFinalResponse : False
[15:04:41] ConvaiGRPCLog : Log : GetResponse EmotionResponseDebug: session_id: "7eb0f01a1ae81c82fcc7fd16bf8af8a4"
emotion_response: "Serenity"

[15:04:41] ConvaiGRPCLog : Log : Received Audio Chunk: 1.000726 secs | Character ID : ac032e3a-931c-11f0-8bf1-42010a7be01f | Session ID : 7eb0f01a1ae81c82fcc7fd16bf8af8a4
[15:04:41] ConvaiGRPCLog : Log : EmotionResponse: joy 1
[15:04:41] ConvaiGRPCLog : Log : Received Text Je suis David. : | Character ID : ac032e3a-931c-11f0-8bf1-42010a7be01f | Session ID : 7eb0f01a1ae81c82fcc7fd16bf8af8a4 | ReceivedFinalResponse : False
[15:04:41] ConvaiGRPCLog : Log : GetResponse EmotionResponseDebug: session_id: "7eb0f01a1ae81c82fcc7fd16bf8af8a4"
emotion_response: "Serenity"

[15:04:42] ConvaiGRPCLog : Log : Received Audio Chunk: 2.320726 secs | Character ID : ac032e3a-931c-11f0-8bf1-42010a7be01f | Session ID : 7eb0f01a1ae81c82fcc7fd16bf8af8a4
[15:04:42] ConvaiGRPCLog : Log : EmotionResponse: joy 1
[15:04:42] ConvaiGRPCLog : Log : Received Text Ravi de vous rencontrer dans cet espace virtuel. : | Character ID : ac032e3a-931c-11f0-8bf1-42010a7be01f | Session ID : 7eb0f01a1ae81c82fcc7fd16bf8af8a4 | ReceivedFinalResponse : False
[15:04:42] ConvaiPlayerLog : Log : FinishTalking calling FinishGetResponseStream
[15:04:42] ConvaiGRPCLog : Log : Finish Writing to audio data buffer
[15:04:42] ConvaiGRPCLog : Log : FinishWriting:: Informing On Data Received
[15:04:42] ConvaiGRPCLog : Log : Calling Stream WritesDone | LastWriteReceived : True | AudioBuffer.Num() : 0 | Character ID : ac032e3a-931c-11f0-8bf1-42010a7be01f | Session ID : 7eb0f01a1ae81c82fcc7fd16bf8af8a4
[15:04:42] ConvaiGRPCLog : Log : On Stream Write Done Writing
[15:04:42] ConvaiPlayerLog : Log : Finished Talking
[15:04:42] ConvaiGRPCLog : Log : OnStreamWriteDone
[15:04:42] ConvaiGRPCLog : Log : NumberOfAudioBytesSent 41614
[15:04:42] ConvaiGRPCLog : Log : Received UserQuery Bonjour.: | Character ID : ac032e3a-931c-11f0-8bf1-42010a7be01f | Session ID : 7eb0f01a1ae81c82fcc7fd16bf8af8a4 | IsFinalTranscription : False
[15:04:42] ConvaiGRPCLog : Log : Received UserQuery Bonjour.: | Character ID : ac032e3a-931c-11f0-8bf1-42010a7be01f | Session ID : 7eb0f01a1ae81c82fcc7fd16bf8af8a4 | IsFinalTranscription : True
[15:04:43] ConvaiGRPCLog : Log : GetResponse EmotionResponseDebug: session_id: "7eb0f01a1ae81c82fcc7fd16bf8af8a4"
emotion_response: "Serenity"

[15:04:43] ConvaiGRPCLog : Log : Received Audio Chunk: 6.280726 secs | Character ID : ac032e3a-931c-11f0-8bf1-42010a7be01f | Session ID : 7eb0f01a1ae81c82fcc7fd16bf8af8a4
[15:04:43] ConvaiGRPCLog : Log : EmotionResponse: joy 1
[15:04:43] ConvaiGRPCLog : Log : Received Text Nous allons parler d'une affirmation assez intrigante aujourd'hui : « Les personnes droitières respirent plus d'oxygène que les personnes gauchères. : | Character ID : ac032e3a-931c-11f0-8bf1-42010a7be01f | Session ID : 7eb0f01a1ae81c82fcc7fd16bf8af8a4 | ReceivedFinalResponse : False
[15:04:44] ConvaiGRPCLog : Log : GetResponse EmotionResponseDebug: session_id: "7eb0f01a1ae81c82fcc7fd16bf8af8a4"
emotion_response: "Serenity"

[15:04:44] ConvaiGRPCLog : Log : Received Audio Chunk: 0.600726 secs | Character ID : ac032e3a-931c-11f0-8bf1-42010a7be01f | Session ID : 7eb0f01a1ae81c82fcc7fd16bf8af8a4
[15:04:44] ConvaiGRPCLog : Log : EmotionResponse: joy 1
[15:04:44] ConvaiAudioStreamerLog : Log : State transition: Stopped -> WaitingOnLipSync
[15:04:44] ConvaiGRPCLog : Log : Received Text Bonjour ! : | Character ID : ac032e3a-931c-11f0-8bf1-42010a7be01f | Session ID : 7eb0f01a1ae81c82fcc7fd16bf8af8a4 | ReceivedFinalResponse : False
[15:04:44] ConvaiAudioStreamerLog : Log : New SampleRate: 44100
[15:04:44] ConvaiAudioStreamerLog : Log : New Channels: 1
[15:04:44] ConvaiAudioStreamerLog : Log : State transition: WaitingOnLipSync -> Playing
[15:04:44] ConvaiAudioStreamerLog : Log : State transition: Playing -> WaitingOnAudio
[15:04:44] ConvaiGRPCLog : Log : GetResponse EmotionResponseDebug: session_id: "7eb0f01a1ae81c82fcc7fd16bf8af8a4"
emotion_response: "Serenity"

[15:04:44] ConvaiGRPCLog : Log : Received Audio Chunk: 3.200726 secs | Character ID : ac032e3a-931c-11f0-8bf1-42010a7be01f | Session ID : 7eb0f01a1ae81c82fcc7fd16bf8af8a4
[15:04:44] ConvaiGRPCLog : Log : EmotionResponse: joy 1
[15:04:44] ConvaiGRPCLog : Log : Received Text »

Pour commencer, quelle est votre première réaction à cette affirmation ? : | Character ID : ac032e3a-931c-11f0-8bf1-42010a7be01f | Session ID : 7eb0f01a1ae81c82fcc7fd16bf8af8a4 | ReceivedFinalResponse : False
[15:04:44] ConvaiGRPCLog : Log : GetResponse EmotionResponseDebug: session_id: "7eb0f01a1ae81c82fcc7fd16bf8af8a4"
emotion_response: "Serenity"

[15:04:44] ConvaiAudioStreamerLog : Log : onAudioFinished
[15:04:44] ConvaiAudioStreamerLog : Log : State transition: WaitingOnAudio -> Playing
[15:04:44] ConvaiAudioStreamerLog : Log : onAudioFinished
[15:04:44] ConvaiAudioStreamerLog : Log : State transition: Playing -> WaitingOnAudio
[15:04:44] ConvaiGRPCLog : Log : GetResponse EmotionResponseDebug: session_id: "7eb0f01a1ae81c82fcc7fd16bf8af8a4"
emotion_response: "Serenity"

[15:04:44] ConvaiGRPCLog : Log : Received Audio Chunk: 2.680726 secs | Character ID : ac032e3a-931c-11f0-8bf1-42010a7be01f | Session ID : 7eb0f01a1ae81c82fcc7fd16bf8af8a4
[15:04:44] ConvaiGRPCLog : Log : EmotionResponse: joy 1
[15:04:44] ConvaiGRPCLog : Log : Received Text La considérez-vous comme Vraie ou Fausse ?: | Character ID : ac032e3a-931c-11f0-8bf1-42010a7be01f | Session ID : 7eb0f01a1ae81c82fcc7fd16bf8af8a4 | ReceivedFinalResponse : False
[15:04:44] ConvaiGRPCLog : Log : Received Audio Chunk: 3.200726 secs | Character ID : ac032e3a-931c-11f0-8bf1-42010a7be01f | Session ID : 7eb0f01a1ae81c82fcc7fd16bf8af8a4
[15:04:44] ConvaiGRPCLog : Log : EmotionResponse: joy 1
[15:04:44] ConvaiAudioStreamerLog : Log : State transition: WaitingOnAudio -> Playing
[15:04:44] ConvaiGRPCLog : Log : Received Text Je suis David, ravi de vous rencontrer dans cet espace virtuel. : | Character ID : ac032e3a-931c-11f0-8bf1-42010a7be01f | Session ID : 7eb0f01a1ae81c82fcc7fd16bf8af8a4 | ReceivedFinalResponse : False
[15:04:45] ConvaiGRPCLog : Log : Chatbot Total Received Lipsync Responses: 1622 Responses
[15:04:45] ConvaiGRPCLog : Log : Received Text : | Character ID : ac032e3a-931c-11f0-8bf1-42010a7be01f | Session ID : 7eb0f01a1ae81c82fcc7fd16bf8af8a4 | ReceivedFinalResponse : True
[15:04:45] ConvaiGRPCLog : Log : GetResponse SequenceString: None
[15:04:45] ConvaiGRPCLog : Log : Action: None
[15:04:45] ConvaiAudioStreamerLog : Log : State transition: Playing -> WaitingOnAudio
[15:04:45] ConvaiGRPCLog : Log : GetResponse EmotionResponseDebug: session_id: "7eb0f01a1ae81c82fcc7fd16bf8af8a4"
emotion_response: "Serenity"

[15:04:45] ConvaiGRPCLog : Log : Received Audio Chunk: 1.840726 secs | Character ID : ac032e3a-931c-11f0-8bf1-42010a7be01f | Session ID : 7eb0f01a1ae81c82fcc7fd16bf8af8a4
[15:04:45] ConvaiGRPCLog : Log : EmotionResponse: joy 1
[15:04:45] ConvaiAudioStreamerLog : Log : State transition: WaitingOnAudio -> Playing
[15:04:45] ConvaiGRPCLog : Log : Received Text Comment allez-vous aujourd'hui ?: | Character ID : ac032e3a-931c-11f0-8bf1-42010a7be01f | Session ID : 7eb0f01a1ae81c82fcc7fd16bf8af8a4 | ReceivedFinalResponse : False
[15:04:45] ConvaiAudioStreamerLog : Log : State transition: Playing -> WaitingOnAudio
[15:04:45] ConvaiGRPCLog : Log : Chatbot Total Received Lipsync Responses: 567 Responses
[15:04:45] ConvaiChatbotComponentLog : Log : Chatbot Total Received Audio: 5.639115 seconds
[15:04:45] ConvaiGRPCLog : Log : Received Text : | Character ID : ac032e3a-931c-11f0-8bf1-42010a7be01f | Session ID : 7eb0f01a1ae81c82fcc7fd16bf8af8a4 | ReceivedFinalResponse : True
[15:04:45] ConvaiGRPCLog : Log : GetResponse SequenceString: None
[15:04:45] ConvaiGRPCLog : Log : Action: None
[15:04:46] ConvaiGRPCLog : Log : GetResponse EmotionResponseDebug: session_id: "7eb0f01a1ae81c82fcc7fd16bf8af8a4"
emotion_response: "Admiration"

[15:04:46] ConvaiGRPCLog : Log : GetResponse EmotionResponseDebug: session_id: "7eb0f01a1ae81c82fcc7fd16bf8af8a4"
emotion_response: "Admiration Joy"

[15:04:47] ConvaiGRPCLog : Log : No more data to read after 3 attempts. Calling Finish...
[15:04:47] ConvaiGRPCLog : Log : Calling Stream Finish | Character ID : ac032e3a-931c-11f0-8bf1-42010a7be01f | Session ID : 7eb0f01a1ae81c82fcc7fd16bf8af8a4
[15:04:47] ConvaiGRPCLog : Log : On Stream Finish | Character ID : ac032e3a-931c-11f0-8bf1-42010a7be01f | Session ID : 7eb0f01a1ae81c82fcc7fd16bf8af8a4
[15:04:47] ConvaiGRPCLog : Log : No more data to read after 3 attempts. Calling Finish...
[15:04:47] ConvaiGRPCLog : Log : Calling Stream Finish | Character ID : ac032e3a-931c-11f0-8bf1-42010a7be01f | Session ID : 7eb0f01a1ae81c82fcc7fd16bf8af8a4
[15:04:47] ConvaiGRPCLog : Log : On Stream Finish | Character ID : ac032e3a-931c-11f0-8bf1-42010a7be01f | Session ID : 7eb0f01a1ae81c82fcc7fd16bf8af8a4
[15:04:47] ConvaiChatbotComponentLog : Log : UConvaiChatbotComponent Request Finished! | Character ID : ac032e3a-931c-11f0-8bf1-42010a7be01f | Session ID : 7eb0f01a1ae81c82fcc7fd16bf8af8a4
[15:04:50] ConvaiAudioStreamerLog : Log : onAudioFinished
[15:04:50] ConvaiAudioStreamerLog : Log : State transition: WaitingOnAudio -> Playing
[15:04:50] ConvaiAudioStreamerLog : Log : onAudioFinished
[15:04:50] ConvaiAudioStreamerLog : Log : State transition: Playing -> WaitingOnAudio
[15:04:50] ConvaiPlayerLog : Log : Started Talking
[15:04:50] ConvaiAudioLog : Log : Using SteelSeries Sonar - Microphone (SteelSeries Sonar Virtual Audio Device) as Audio capture device with NumChannels:2 and SampleRate:48000
[15:04:50] ConvaiAudioStreamerLog : Log : State transition: WaitingOnAudio -> Stopped
[15:04:50] ConvaiGRPCLog : Log : AsyncGetResponse started | Character ID : ac032e3a-931c-11f0-8bf1-42010a7be01f | Session ID : 7eb0f01a1ae81c82fcc7fd16bf8af8a4
[15:04:50] ConvaiGRPCLog : Log : GRPC GetResponse stream initialized | Character ID : ac032e3a-931c-11f0-8bf1-42010a7be01f | Session ID : 7eb0f01a1ae81c82fcc7fd16bf8af8a4
[15:04:50] ConvaiGRPCLog : Log : request: character_id: "ac032e3a-931c-11f0-8bf1-42010a7be01f"
api_key: "0d59d0e9911a2f0886cb47a3cf7925ab"
session_id: "7eb0f01a1ae81c82fcc7fd16bf8af8a4"
audio_config {
  sample_rate_hertz: 16000
  enable_facial_data: true
  face_model: FACE_MODEL_OVR_MODEL_NAME
}
action_config {
  actions: "Moves To"
  actions: "Follows"
  actions: "None"
  actions: "Stops"
  actions: "Waits for <time in seconds or character>"
  characters {
    name: "David"
  }
  characters {
    name: "Guest"
  }
  characters {
    name: "Player"
  }
  classification: "multistep"
}
speaker: "Player"
dynamic_info_config {
}
 | Character ID : ac032e3a-931c-11f0-8bf1-42010a7be01f | Session ID : 7eb0f01a1ae81c82fcc7fd16bf8af8a4
[15:04:50] ConvaiGRPCLog : Log : Initial Stream Write | Character ID : ac032e3a-931c-11f0-8bf1-42010a7be01f | Session ID : 7eb0f01a1ae81c82fcc7fd16bf8af8a4
[15:04:50] ConvaiGRPCLog : Log : Initial Stream Read | Character ID : ac032e3a-931c-11f0-8bf1-42010a7be01f | Session ID : 7eb0f01a1ae81c82fcc7fd16bf8af8a4
[15:04:52] ConvaiGRPCLog : Log : Received UserQuery très: | Character ID : ac032e3a-931c-11f0-8bf1-42010a7be01f | Session ID : 7eb0f01a1ae81c82fcc7fd16bf8af8a4 | IsFinalTranscription : False
[15:04:52] ConvaiGRPCLog : Log : Received UserQuery très bien: | Character ID : ac032e3a-931c-11f0-8bf1-42010a7be01f | Session ID : 7eb0f01a1ae81c82fcc7fd16bf8af8a4 | IsFinalTranscription : False
[15:04:52] ConvaiGRPCLog : Log : Received UserQuery Très bien, merci.: | Character ID : ac032e3a-931c-11f0-8bf1-42010a7be01f | Session ID : 7eb0f01a1ae81c82fcc7fd16bf8af8a4 | IsFinalTranscription : False
[15:04:52] ConvaiGRPCLog : Log : Received UserQuery Très: | Character ID : ac032e3a-931c-11f0-8bf1-42010a7be01f | Session ID : 7eb0f01a1ae81c82fcc7fd16bf8af8a4 | IsFinalTranscription : False
[15:04:52] ConvaiPlayerLog : Log : FinishTalking calling FinishGetResponseStream
[15:04:52] ConvaiGRPCLog : Log : Finish Writing to audio data buffer
[15:04:52] ConvaiGRPCLog : Log : FinishWriting:: Informing On Data Received
[15:04:52] ConvaiGRPCLog : Log : Calling Stream WritesDone | LastWriteReceived : True | AudioBuffer.Num() : 0 | Character ID : ac032e3a-931c-11f0-8bf1-42010a7be01f | Session ID : 7eb0f01a1ae81c82fcc7fd16bf8af8a4
[15:04:52] ConvaiGRPCLog : Log : On Stream Write Done Writing
[15:04:52] ConvaiPlayerLog : Log : Finished Talking
[15:04:52] ConvaiGRPCLog : Log : OnStreamWriteDone
[15:04:52] ConvaiGRPCLog : Log : NumberOfAudioBytesSent 70264
[15:04:53] ConvaiGRPCLog : Log : Received UserQuery très bien,: | Character ID : ac032e3a-931c-11f0-8bf1-42010a7be01f | Session ID : 7eb0f01a1ae81c82fcc7fd16bf8af8a4 | IsFinalTranscription : False
[15:04:53] ConvaiGRPCLog : Log : Received UserQuery Très bien, merci: | Character ID : ac032e3a-931c-11f0-8bf1-42010a7be01f | Session ID : 7eb0f01a1ae81c82fcc7fd16bf8af8a4 | IsFinalTranscription : False
[15:04:53] ConvaiGRPCLog : Log : Received UserQuery Très bien, merci et vous.: | Character ID : ac032e3a-931c-11f0-8bf1-42010a7be01f | Session ID : 7eb0f01a1ae81c82fcc7fd16bf8af8a4 | IsFinalTranscription : True
[15:04:54] ConvaiGRPCLog : Log : Received Audio Chunk: 2.120726 secs | Character ID : ac032e3a-931c-11f0-8bf1-42010a7be01f | Session ID : 7eb0f01a1ae81c82fcc7fd16bf8af8a4
[15:04:54] ConvaiGRPCLog : Log : EmotionResponse: neutral 1
[15:04:54] ConvaiAudioStreamerLog : Log : State transition: Stopped -> WaitingOnLipSync
[15:04:54] ConvaiGRPCLog : Log : Received Text Je vais très bien, merci ! : | Character ID : ac032e3a-931c-11f0-8bf1-42010a7be01f | Session ID : 7eb0f01a1ae81c82fcc7fd16bf8af8a4 | ReceivedFinalResponse : False
[15:04:54] ConvaiAudioStreamerLog : Log : State transition: WaitingOnLipSync -> Playing
[15:04:55] ConvaiAudioStreamerLog : Log : State transition: Playing -> WaitingOnAudio
[15:04:55] ConvaiGRPCLog : Log : Received Audio Chunk: 4.440726 secs | Character ID : ac032e3a-931c-11f0-8bf1-42010a7be01f | Session ID : 7eb0f01a1ae81c82fcc7fd16bf8af8a4
[15:04:55] ConvaiGRPCLog : Log : EmotionResponse: neutral 1
[15:04:55] ConvaiAudioStreamerLog : Log : State transition: WaitingOnAudio -> Playing
[15:04:55] ConvaiGRPCLog : Log : Received Text Alors, pour commencer, j'ai une affirmation intéressante à vous soumettre. : | Character ID : ac032e3a-931c-11f0-8bf1-42010a7be01f | Session ID : 7eb0f01a1ae81c82fcc7fd16bf8af8a4 | ReceivedFinalResponse : False
[15:04:55] ConvaiAudioStreamerLog : Log : State transition: Playing -> WaitingOnAudio
[15:04:56] ConvaiGRPCLog : Log : Received Audio Chunk: 1.400726 secs | Character ID : ac032e3a-931c-11f0-8bf1-42010a7be01f | Session ID : 7eb0f01a1ae81c82fcc7fd16bf8af8a4
[15:04:56] ConvaiGRPCLog : Log : EmotionResponse: neutral 1
[15:04:56] ConvaiAudioStreamerLog : Log : State transition: WaitingOnAudio -> Playing
[15:04:56] ConvaiGRPCLog : Log : Received Text Êtes-vous prêt ?: | Character ID : ac032e3a-931c-11f0-8bf1-42010a7be01f | Session ID : 7eb0f01a1ae81c82fcc7fd16bf8af8a4 | ReceivedFinalResponse : False
[15:04:56] ConvaiAudioStreamerLog : Log : State transition: Playing -> WaitingOnAudio
[15:04:56] ConvaiGRPCLog : Log : Chatbot Total Received Lipsync Responses: 799 Responses
[15:04:56] ConvaiChatbotComponentLog : Log : Chatbot Total Received Audio: 7.959116 seconds
[15:04:56] ConvaiGRPCLog : Log : Received Text : | Character ID : ac032e3a-931c-11f0-8bf1-42010a7be01f | Session ID : 7eb0f01a1ae81c82fcc7fd16bf8af8a4 | ReceivedFinalResponse : True
[15:04:56] ConvaiGRPCLog : Log : GetResponse SequenceString: None
[15:04:56] ConvaiGRPCLog : Log : Action: None
[15:04:57] ConvaiGRPCLog : Log : GetResponse EmotionResponseDebug: session_id: "7eb0f01a1ae81c82fcc7fd16bf8af8a4"
emotion_response: "Acceptance Serenity"

[15:04:58] ConvaiGRPCLog : Log : No more data to read after 3 attempts. Calling Finish...
[15:04:58] ConvaiGRPCLog : Log : Calling Stream Finish | Character ID : ac032e3a-931c-11f0-8bf1-42010a7be01f | Session ID : 7eb0f01a1ae81c82fcc7fd16bf8af8a4
[15:04:58] ConvaiGRPCLog : Log : On Stream Finish | Character ID : ac032e3a-931c-11f0-8bf1-42010a7be01f | Session ID : 7eb0f01a1ae81c82fcc7fd16bf8af8a4
[15:04:58] ConvaiChatbotComponentLog : Log : UConvaiChatbotComponent Request Finished! | Character ID : ac032e3a-931c-11f0-8bf1-42010a7be01f | Session ID : 7eb0f01a1ae81c82fcc7fd16bf8af8a4
[15:05:02] ConvaiAudioStreamerLog : Log : onAudioFinished
[15:05:02] ConvaiAudioStreamerLog : Log : State transition: WaitingOnAudio -> Playing
[15:05:02] ConvaiAudioStreamerLog : Log : onAudioFinished
[15:05:02] ConvaiAudioStreamerLog : Log : State transition: Playing -> WaitingOnAudio
[15:05:03] ConvaiPlayerLog : Log : Started Talking
[15:05:04] ConvaiAudioLog : Log : Using SteelSeries Sonar - Microphone (SteelSeries Sonar Virtual Audio Device) as Audio capture device with NumChannels:2 and SampleRate:48000
[15:05:04] ConvaiAudioStreamerLog : Log : State transition: WaitingOnAudio -> Stopped
[15:05:04] ConvaiGRPCLog : Log : AsyncGetResponse started | Character ID : ac032e3a-931c-11f0-8bf1-42010a7be01f | Session ID : 7eb0f01a1ae81c82fcc7fd16bf8af8a4
[15:05:04] ConvaiGRPCLog : Log : GRPC GetResponse stream initialized | Character ID : ac032e3a-931c-11f0-8bf1-42010a7be01f | Session ID : 7eb0f01a1ae81c82fcc7fd16bf8af8a4
[15:05:04] ConvaiGRPCLog : Log : request: character_id: "ac032e3a-931c-11f0-8bf1-42010a7be01f"
api_key: "0d59d0e9911a2f0886cb47a3cf7925ab"
session_id: "7eb0f01a1ae81c82fcc7fd16bf8af8a4"
audio_config {
  sample_rate_hertz: 16000
  enable_facial_data: true
  face_model: FACE_MODEL_OVR_MODEL_NAME
}
action_config {
  actions: "Moves To"
  actions: "Follows"
  actions: "None"
  actions: "Stops"
  actions: "Waits for <time in seconds or character>"
  characters {
    name: "David"
  }
  characters {
    name: "Guest"
  }
  characters {
    name: "Player"
  }
  classification: "multistep"
}
speaker: "Player"
dynamic_info_config {
}
 | Character ID : ac032e3a-931c-11f0-8bf1-42010a7be01f | Session ID : 7eb0f01a1ae81c82fcc7fd16bf8af8a4
[15:05:04] ConvaiGRPCLog : Log : Initial Stream Write | Character ID : ac032e3a-931c-11f0-8bf1-42010a7be01f | Session ID : 7eb0f01a1ae81c82fcc7fd16bf8af8a4
[15:05:04] ConvaiGRPCLog : Log : Initial Stream Read | Character ID : ac032e3a-931c-11f0-8bf1-42010a7be01f | Session ID : 7eb0f01a1ae81c82fcc7fd16bf8af8a4
[15:05:05] ConvaiPlayerLog : Log : FinishTalking calling FinishGetResponseStream
[15:05:05] ConvaiGRPCLog : Log : Finish Writing to audio data buffer
[15:05:05] ConvaiGRPCLog : Log : FinishWriting:: Informing On Data Received
[15:05:05] ConvaiGRPCLog : Log : Calling Stream WritesDone | LastWriteReceived : True | AudioBuffer.Num() : 0 | Character ID : ac032e3a-931c-11f0-8bf1-42010a7be01f | Session ID : 7eb0f01a1ae81c82fcc7fd16bf8af8a4
[15:05:05] ConvaiGRPCLog : Log : On Stream Write Done Writing
[15:05:05] ConvaiPlayerLog : Log : Finished Talking
[15:05:05] ConvaiGRPCLog : Log : OnStreamWriteDone
[15:05:05] ConvaiGRPCLog : Log : NumberOfAudioBytesSent 45020
[15:05:05] ConvaiGRPCLog : Log : Received UserQuery je: | Character ID : ac032e3a-931c-11f0-8bf1-42010a7be01f | Session ID : 7eb0f01a1ae81c82fcc7fd16bf8af8a4 | IsFinalTranscription : False
[15:05:05] ConvaiGRPCLog : Log : Received UserQuery je vous: | Character ID : ac032e3a-931c-11f0-8bf1-42010a7be01f | Session ID : 7eb0f01a1ae81c82fcc7fd16bf8af8a4 | IsFinalTranscription : False
[15:05:06] ConvaiGRPCLog : Log : Received UserQuery Je vous écoute.: | Character ID : ac032e3a-931c-11f0-8bf1-42010a7be01f | Session ID : 7eb0f01a1ae81c82fcc7fd16bf8af8a4 | IsFinalTranscription : False
[15:05:06] ConvaiGRPCLog : Log : Received UserQuery Je vous écoute.: | Character ID : ac032e3a-931c-11f0-8bf1-42010a7be01f | Session ID : 7eb0f01a1ae81c82fcc7fd16bf8af8a4 | IsFinalTranscription : True
[15:05:07] ConvaiGRPCLog : Log : Received Audio Chunk: 1.160726 secs | Character ID : ac032e3a-931c-11f0-8bf1-42010a7be01f | Session ID : 7eb0f01a1ae81c82fcc7fd16bf8af8a4
[15:05:07] ConvaiGRPCLog : Log : EmotionResponse: neutral 1
[15:05:07] ConvaiAudioStreamerLog : Log : State transition: Stopped -> WaitingOnLipSync
[15:05:07] ConvaiGRPCLog : Log : Received Text Excellent. : | Character ID : ac032e3a-931c-11f0-8bf1-42010a7be01f | Session ID : 7eb0f01a1ae81c82fcc7fd16bf8af8a4 | ReceivedFinalResponse : False
[15:05:07] ConvaiAudioStreamerLog : Log : State transition: WaitingOnLipSync -> Playing
[15:05:08] ConvaiAudioStreamerLog : Log : State transition: Playing -> WaitingOnAudio
[15:05:08] ConvaiAudioStreamerLog : Log : onAudioFinished
[15:05:08] ConvaiAudioStreamerLog : Log : State transition: WaitingOnAudio -> Playing
[15:05:08] ConvaiAudioStreamerLog : Log : onAudioFinished
[15:05:08] ConvaiAudioStreamerLog : Log : State transition: Playing -> WaitingOnAudio
[15:05:08] ConvaiGRPCLog : Log : Received Audio Chunk: 6.960726 secs | Character ID : ac032e3a-931c-11f0-8bf1-42010a7be01f | Session ID : 7eb0f01a1ae81c82fcc7fd16bf8af8a4
[15:05:08] ConvaiGRPCLog : Log : EmotionResponse: neutral 1
[15:05:08] ConvaiAudioStreamerLog : Log : State transition: WaitingOnAudio -> Playing
[15:05:08] ConvaiGRPCLog : Log : Received Text L'affirmation est la suivante : « Les personnes droitières respirent plus d'oxygène que les personnes gauchères. : | Character ID : ac032e3a-931c-11f0-8bf1-42010a7be01f | Session ID : 7eb0f01a1ae81c82fcc7fd16bf8af8a4 | ReceivedFinalResponse : False
[15:05:09] ConvaiAudioStreamerLog : Log : State transition: Playing -> WaitingOnAudio
[15:05:09] ConvaiGRPCLog : Log : Received Audio Chunk: 1.400726 secs | Character ID : ac032e3a-931c-11f0-8bf1-42010a7be01f | Session ID : 7eb0f01a1ae81c82fcc7fd16bf8af8a4
[15:05:09] ConvaiGRPCLog : Log : EmotionResponse: neutral 1
[15:05:09] ConvaiAudioStreamerLog : Log : State transition: WaitingOnAudio -> Playing
[15:05:09] ConvaiGRPCLog : Log : Received Text »

Qu'en pensez-vous ? : | Character ID : ac032e3a-931c-11f0-8bf1-42010a7be01f | Session ID : 7eb0f01a1ae81c82fcc7fd16bf8af8a4 | ReceivedFinalResponse : False
[15:05:09] ConvaiAudioStreamerLog : Log : State transition: Playing -> WaitingOnAudio
[15:05:10] ConvaiGRPCLog : Log : Received Audio Chunk: 2.520726 secs | Character ID : ac032e3a-931c-11f0-8bf1-42010a7be01f | Session ID : 7eb0f01a1ae81c82fcc7fd16bf8af8a4
[15:05:10] ConvaiGRPCLog : Log : EmotionResponse: neutral 1
[15:05:10] ConvaiAudioStreamerLog : Log : State transition: WaitingOnAudio -> Playing
[15:05:10] ConvaiGRPCLog : Log : Received Text Est-ce vrai ou faux selon vous ?: | Character ID : ac032e3a-931c-11f0-8bf1-42010a7be01f | Session ID : 7eb0f01a1ae81c82fcc7fd16bf8af8a4 | ReceivedFinalResponse : False
[15:05:10] ConvaiAudioStreamerLog : Log : State transition: Playing -> WaitingOnAudio
[15:05:10] ConvaiGRPCLog : Log : Chatbot Total Received Lipsync Responses: 1208 Responses
[15:05:10] ConvaiChatbotComponentLog : Log : Chatbot Total Received Audio: 12.038820 seconds
[15:05:10] ConvaiGRPCLog : Log : Received Text : | Character ID : ac032e3a-931c-11f0-8bf1-42010a7be01f | Session ID : 7eb0f01a1ae81c82fcc7fd16bf8af8a4 | ReceivedFinalResponse : True
[15:05:10] ConvaiGRPCLog : Log : GetResponse SequenceString: None
[15:05:10] ConvaiGRPCLog : Log : Action: None
[15:05:12] ConvaiGRPCLog : Log : GetResponse EmotionResponseDebug: session_id: "7eb0f01a1ae81c82fcc7fd16bf8af8a4"
emotion_response: "Serenity Acceptance"

[15:05:12] ConvaiGRPCLog : Log : No more data to read after 3 attempts. Calling Finish...
[15:05:12] ConvaiGRPCLog : Log : Calling Stream Finish | Character ID : ac032e3a-931c-11f0-8bf1-42010a7be01f | Session ID : 7eb0f01a1ae81c82fcc7fd16bf8af8a4
[15:05:12] ConvaiGRPCLog : Log : On Stream Finish | Character ID : ac032e3a-931c-11f0-8bf1-42010a7be01f | Session ID : 7eb0f01a1ae81c82fcc7fd16bf8af8a4
[15:05:12] ConvaiChatbotComponentLog : Log : UConvaiChatbotComponent Request Finished! | Character ID : ac032e3a-931c-11f0-8bf1-42010a7be01f | Session ID : 7eb0f01a1ae81c82fcc7fd16bf8af8a4
[15:05:19] ConvaiAudioStreamerLog : Log : onAudioFinished
[15:05:19] ConvaiAudioStreamerLog : Log : State transition: WaitingOnAudio -> Playing
[15:05:19] ConvaiAudioStreamerLog : Log : onAudioFinished
[15:05:19] ConvaiAudioStreamerLog : Log : State transition: Playing -> WaitingOnAudio
[15:05:21] ConvaiPlayerLog : Log : Started Talking
[15:05:21] ConvaiAudioLog : Log : Using SteelSeries Sonar - Microphone (SteelSeries Sonar Virtual Audio Device) as Audio capture device with NumChannels:2 and SampleRate:48000
[15:05:21] ConvaiAudioStreamerLog : Log : State transition: WaitingOnAudio -> Stopped
[15:05:21] ConvaiGRPCLog : Log : AsyncGetResponse started | Character ID : ac032e3a-931c-11f0-8bf1-42010a7be01f | Session ID : 7eb0f01a1ae81c82fcc7fd16bf8af8a4
[15:05:21] ConvaiGRPCLog : Log : GRPC GetResponse stream initialized | Character ID : ac032e3a-931c-11f0-8bf1-42010a7be01f | Session ID : 7eb0f01a1ae81c82fcc7fd16bf8af8a4
[15:05:21] ConvaiGRPCLog : Log : request: character_id: "ac032e3a-931c-11f0-8bf1-42010a7be01f"
api_key: "0d59d0e9911a2f0886cb47a3cf7925ab"
session_id: "7eb0f01a1ae81c82fcc7fd16bf8af8a4"
audio_config {
  sample_rate_hertz: 16000
  enable_facial_data: true
  face_model: FACE_MODEL_OVR_MODEL_NAME
}
action_config {
  actions: "Moves To"
  actions: "Follows"
  actions: "None"
  actions: "Stops"
  actions: "Waits for <time in seconds or character>"
  characters {
    name: "David"
  }
  characters {
    name: "Guest"
  }
  characters {
    name: "Player"
  }
  classification: "multistep"
}
speaker: "Player"
dynamic_info_config {
}
 | Character ID : ac032e3a-931c-11f0-8bf1-42010a7be01f | Session ID : 7eb0f01a1ae81c82fcc7fd16bf8af8a4
[15:05:21] ConvaiGRPCLog : Log : Initial Stream Write | Character ID : ac032e3a-931c-11f0-8bf1-42010a7be01f | Session ID : 7eb0f01a1ae81c82fcc7fd16bf8af8a4
[15:05:21] ConvaiGRPCLog : Log : Initial Stream Read | Character ID : ac032e3a-931c-11f0-8bf1-42010a7be01f | Session ID : 7eb0f01a1ae81c82fcc7fd16bf8af8a4
[15:05:23] ConvaiGRPCLog : Log : Destroying UConvaiGRPCGetResponseProxy... | Character ID : ac032e3a-931c-11f0-8bf1-42010a7be01f | Session ID : 7eb0f01a1ae81c82fcc7fd16bf8af8a4
[15:05:23] ConvaiGRPCLog : Log : Destroying UConvaiGRPCGetResponseProxy... | Character ID : ac032e3a-931c-11f0-8bf1-42010a7be01f | Session ID : 7eb0f01a1ae81c82fcc7fd16bf8af8a4
[15:05:23] ConvaiGRPCLog : Log : Destroying UConvaiGRPCGetResponseProxy... | Character ID : ac032e3a-931c-11f0-8bf1-42010a7be01f | Session ID : 7eb0f01a1ae81c82fcc7fd16bf8af8a4
[15:05:23] ConvaiGRPCLog : Log : Destroying UConvaiGRPCGetResponseProxy... | Character ID : ac032e3a-931c-11f0-8bf1-42010a7be01f | Session ID : 7eb0f01a1ae81c82fcc7fd16bf8af8a4
[15:05:24] ConvaiGRPCLog : Log : Received UserQuery pour: | Character ID : ac032e3a-931c-11f0-8bf1-42010a7be01f | Session ID : 7eb0f01a1ae81c82fcc7fd16bf8af8a4 | IsFinalTranscription : False
[15:05:24] ConvaiPlayerLog : Log : FinishTalking calling FinishGetResponseStream
[15:05:24] ConvaiGRPCLog : Log : Finish Writing to audio data buffer
[15:05:24] ConvaiGRPCLog : Log : FinishWriting:: Informing On Data Received
[15:05:24] ConvaiGRPCLog : Log : Calling Stream WritesDone | LastWriteReceived : True | AudioBuffer.Num() : 0 | Character ID : ac032e3a-931c-11f0-8bf1-42010a7be01f | Session ID : 7eb0f01a1ae81c82fcc7fd16bf8af8a4
[15:05:24] ConvaiGRPCLog : Log : On Stream Write Done Writing
[15:05:24] ConvaiPlayerLog : Log : Finished Talking
[15:05:24] ConvaiGRPCLog : Log : OnStreamWriteDone
[15:05:24] ConvaiGRPCLog : Log : NumberOfAudioBytesSent 90742
[15:05:24] ConvaiGRPCLog : Log : Received UserQuery pour moi: | Character ID : ac032e3a-931c-11f0-8bf1-42010a7be01f | Session ID : 7eb0f01a1ae81c82fcc7fd16bf8af8a4 | IsFinalTranscription : False
[15:05:24] ConvaiGRPCLog : Log : Received UserQuery pour: | Character ID : ac032e3a-931c-11f0-8bf1-42010a7be01f | Session ID : 7eb0f01a1ae81c82fcc7fd16bf8af8a4 | IsFinalTranscription : False
[15:05:24] ConvaiGRPCLog : Log : Received UserQuery pour moi: | Character ID : ac032e3a-931c-11f0-8bf1-42010a7be01f | Session ID : 7eb0f01a1ae81c82fcc7fd16bf8af8a4 | IsFinalTranscription : False
[15:05:24] ConvaiGRPCLog : Log : Received UserQuery Pour moi,: | Character ID : ac032e3a-931c-11f0-8bf1-42010a7be01f | Session ID : 7eb0f01a1ae81c82fcc7fd16bf8af8a4 | IsFinalTranscription : False
[15:05:24] ConvaiGRPCLog : Log : Received UserQuery Pour moi, c'est peu.: | Character ID : ac032e3a-931c-11f0-8bf1-42010a7be01f | Session ID : 7eb0f01a1ae81c82fcc7fd16bf8af8a4 | IsFinalTranscription : True
[15:05:27] ConvaiGRPCLog : Log : Received Audio Chunk: 3.080726 secs | Character ID : ac032e3a-931c-11f0-8bf1-42010a7be01f | Session ID : 7eb0f01a1ae81c82fcc7fd16bf8af8a4
[15:05:27] ConvaiGRPCLog : Log : EmotionResponse: neutral 1
[15:05:27] ConvaiAudioStreamerLog : Log : State transition: Stopped -> WaitingOnLipSync
[15:05:27] ConvaiGRPCLog : Log : Received Text D'accord, vous penchez pour le "faux". : | Character ID : ac032e3a-931c-11f0-8bf1-42010a7be01f | Session ID : 7eb0f01a1ae81c82fcc7fd16bf8af8a4 | ReceivedFinalResponse : False
[15:05:27] ConvaiAudioStreamerLog : Log : State transition: WaitingOnLipSync -> Playing
[15:05:29] ConvaiAudioStreamerLog : Log : onAudioFinished
[15:05:29] ConvaiAudioStreamerLog : Log : State transition: Playing -> WaitingOnLipSync
[15:05:31] ConvaiGRPCLog : Log : Received Audio Chunk: 11.120726 secs | Character ID : ac032e3a-931c-11f0-8bf1-42010a7be01f | Session ID : 7eb0f01a1ae81c82fcc7fd16bf8af8a4
[15:05:31] ConvaiGRPCLog : Log : EmotionResponse: neutral 1
[15:05:31] ConvaiGRPCLog : Log : Received Text Je comprends pourquoi vous pourriez penser cela, cela semble un peu contre-intuitif à première vue.

Mais réfléchissez un instant : notre corps est une machine complexe, et chaque petite différence peut avoir des répercussions. : | Character ID : ac032e3a-931c-11f0-8bf1-42010a7be01f | Session ID : 7eb0f01a1ae81c82fcc7fd16bf8af8a4 | ReceivedFinalResponse : False
[15:05:31] ConvaiAudioStreamerLog : Log : State transition: WaitingOnLipSync -> Playing
[15:05:33] ConvaiAudioStreamerLog : Log : onAudioFinished
[15:05:33] ConvaiAudioStreamerLog : Log : State transition: Playing -> WaitingOnLipSync
[15:05:34] ConvaiGRPCLog : Log : Received Audio Chunk: 9.800726 secs | Character ID : ac032e3a-931c-11f0-8bf1-42010a7be01f | Session ID : 7eb0f01a1ae81c82fcc7fd16bf8af8a4
[15:05:34] ConvaiGRPCLog : Log : EmotionResponse: neutral 1
[15:05:34] ConvaiGRPCLog : Log : Received Text Ne pensez-vous pas que la prédominance d'un côté du corps, comme c'est le cas pour les droitiers, pourrait influencer la manière dont nos systèmes, y compris le système respiratoire, se développent et fonctionnent ?: | Character ID : ac032e3a-931c-11f0-8bf1-42010a7be01f | Session ID : 7eb0f01a1ae81c82fcc7fd16bf8af8a4 | ReceivedFinalResponse : False
[15:05:34] ConvaiAudioStreamerLog : Log : State transition: WaitingOnLipSync -> Playing
[15:05:37] ConvaiGRPCLog : Log : Chatbot Total Received Lipsync Responses: 601 Responses
[15:05:37] ConvaiChatbotComponentLog : Log : Chatbot Total Received Audio: 23.999115 seconds
[15:05:37] ConvaiGRPCLog : Log : Received Text : | Character ID : ac032e3a-931c-11f0-8bf1-42010a7be01f | Session ID : 7eb0f01a1ae81c82fcc7fd16bf8af8a4 | ReceivedFinalResponse : True
[15:05:37] ConvaiGRPCLog : Log : GetResponse SequenceString: None
[15:05:37] ConvaiGRPCLog : Log : Action: None
[15:05:37] ConvaiAudioStreamerLog : Log : onAudioFinished
[15:05:37] ConvaiAudioStreamerLog : Log : State transition: Playing -> WaitingOnLipSync
[15:05:50] ConvaiPlayerLog : Log : Started Talking
[15:05:50] ConvaiAudioLog : Log : Using SteelSeries Sonar - Microphone (SteelSeries Sonar Virtual Audio Device) as Audio capture device with NumChannels:2 and SampleRate:48000
[15:05:50] ConvaiChatbotComponentLog : Log : InterruptSpeech: Interrupting character | Character ID : ac032e3a-931c-11f0-8bf1-42010a7be01f | Session ID : 7eb0f01a1ae81c82fcc7fd16bf8af8a4
[15:05:50] ConvaiChatbotComponentLog : Log : UConvaiChatbotComponent Request Finished! | Character ID : ac032e3a-931c-11f0-8bf1-42010a7be01f | Session ID : 7eb0f01a1ae81c82fcc7fd16bf8af8a4
[15:05:50] ConvaiAudioStreamerLog : Log : State transition: WaitingOnLipSync -> Stopped
[15:05:50] ConvaiGRPCLog : Log : AsyncGetResponse started | Character ID : ac032e3a-931c-11f0-8bf1-42010a7be01f | Session ID : 7eb0f01a1ae81c82fcc7fd16bf8af8a4
[15:05:50] ConvaiGRPCLog : Log : GRPC GetResponse stream initialized | Character ID : ac032e3a-931c-11f0-8bf1-42010a7be01f | Session ID : 7eb0f01a1ae81c82fcc7fd16bf8af8a4
[15:05:50] ConvaiGRPCLog : Log : request: character_id: "ac032e3a-931c-11f0-8bf1-42010a7be01f"
api_key: "0d59d0e9911a2f0886cb47a3cf7925ab"
session_id: "7eb0f01a1ae81c82fcc7fd16bf8af8a4"
audio_config {
  sample_rate_hertz: 16000
  enable_facial_data: true
  face_model: FACE_MODEL_OVR_MODEL_NAME
}
action_config {
  actions: "Moves To"
  actions: "Follows"
  actions: "None"
  actions: "Stops"
  actions: "Waits for <time in seconds or character>"
  characters {
    name: "David"
  }
  characters {
    name: "Guest"
  }
  characters {
    name: "Player"
  }
  classification: "multistep"
}
speaker: "Player"
dynamic_info_config {
}
 | Character ID : ac032e3a-931c-11f0-8bf1-42010a7be01f | Session ID : 7eb0f01a1ae81c82fcc7fd16bf8af8a4
[15:05:50] ConvaiGRPCLog : Log : Initial Stream Write | Character ID : ac032e3a-931c-11f0-8bf1-42010a7be01f | Session ID : 7eb0f01a1ae81c82fcc7fd16bf8af8a4
[15:05:50] ConvaiGRPCLog : Log : Initial Stream Read | Character ID : ac032e3a-931c-11f0-8bf1-42010a7be01f | Session ID : 7eb0f01a1ae81c82fcc7fd16bf8af8a4
[15:05:52] ConvaiGRPCLog : Log : Received UserQuery que: | Character ID : ac032e3a-931c-11f0-8bf1-42010a7be01f | Session ID : 7eb0f01a1ae81c82fcc7fd16bf8af8a4 | IsFinalTranscription : False
[15:05:52] ConvaiPlayerLog : Log : FinishTalking calling FinishGetResponseStream
[15:05:52] ConvaiGRPCLog : Log : Finish Writing to audio data buffer
[15:05:52] ConvaiGRPCLog : Log : FinishWriting:: Informing On Data Received
[15:05:52] ConvaiGRPCLog : Log : Calling Stream WritesDone | LastWriteReceived : True | AudioBuffer.Num() : 0 | Character ID : ac032e3a-931c-11f0-8bf1-42010a7be01f | Session ID : 7eb0f01a1ae81c82fcc7fd16bf8af8a4
[15:05:52] ConvaiGRPCLog : Log : On Stream Write Done Writing
[15:05:52] ConvaiPlayerLog : Log : Finished Talking
[15:05:52] ConvaiGRPCLog : Log : OnStreamWriteDone
[15:05:52] ConvaiGRPCLog : Log : NumberOfAudioBytesSent 66176
[15:05:52] ConvaiGRPCLog : Log : Received UserQuery que vous: | Character ID : ac032e3a-931c-11f0-8bf1-42010a7be01f | Session ID : 7eb0f01a1ae81c82fcc7fd16bf8af8a4 | IsFinalTranscription : False
[15:05:52] ConvaiGRPCLog : Log : Received UserQuery Que vous pouvez.: | Character ID : ac032e3a-931c-11f0-8bf1-42010a7be01f | Session ID : 7eb0f01a1ae81c82fcc7fd16bf8af8a4 | IsFinalTranscription : False
[15:05:52] ConvaiGRPCLog : Log : Received UserQuery que vous étiez: | Character ID : ac032e3a-931c-11f0-8bf1-42010a7be01f | Session ID : 7eb0f01a1ae81c82fcc7fd16bf8af8a4 | IsFinalTranscription : False
[15:05:53] ConvaiGRPCLog : Log : Received UserQuery Que vous pouvez découvrir.: | Character ID : ac032e3a-931c-11f0-8bf1-42010a7be01f | Session ID : 7eb0f01a1ae81c82fcc7fd16bf8af8a4 | IsFinalTranscription : False
[15:05:53] ConvaiGRPCLog : Log : Received UserQuery Que vous pouvez découvrir.: | Character ID : ac032e3a-931c-11f0-8bf1-42010a7be01f | Session ID : 7eb0f01a1ae81c82fcc7fd16bf8af8a4 | IsFinalTranscription : True
[15:05:54] ConvaiGRPCLog : Log : No more data to read after 3 attempts. Calling Finish...
[15:05:54] ConvaiGRPCLog : Log : Calling Stream Finish | Character ID : ac032e3a-931c-11f0-8bf1-42010a7be01f | Session ID : 7eb0f01a1ae81c82fcc7fd16bf8af8a4
[15:05:54] ConvaiGRPCLog : Warning : OnStreamFinish: Status.ok():Not Ok | Debug Log: | Error message:Received RST_STREAM with error code 2 | Error Details: | Error Code:13 | Character ID:ac032e3a-931c-11f0-8bf1-42010a7be01f | Session ID:7eb0f01a1ae81c82fcc7fd16bf8af8a4
[15:05:54] ConvaiGRPCLog : Log : Received Audio Chunk: 1.400726 secs | Character ID : ac032e3a-931c-11f0-8bf1-42010a7be01f | Session ID : 7eb0f01a1ae81c82fcc7fd16bf8af8a4
[15:05:54] ConvaiGRPCLog : Log : EmotionResponse: neutral 1
[15:05:54] ConvaiAudioStreamerLog : Log : State transition: Stopped -> WaitingOnLipSync
[15:05:54] ConvaiGRPCLog : Log : Received Text Je comprends. : | Character ID : ac032e3a-931c-11f0-8bf1-42010a7be01f | Session ID : 7eb0f01a1ae81c82fcc7fd16bf8af8a4 | ReceivedFinalResponse : False
[15:05:55] ConvaiAudioStreamerLog : Log : State transition: WaitingOnLipSync -> Playing
[15:05:55] ConvaiAudioStreamerLog : Log : State transition: Playing -> WaitingOnAudio
[15:05:55] ConvaiGRPCLog : Log : Received Audio Chunk: 2.720726 secs | Character ID : ac032e3a-931c-11f0-8bf1-42010a7be01f | Session ID : 7eb0f01a1ae81c82fcc7fd16bf8af8a4
[15:05:55] ConvaiGRPCLog : Log : EmotionResponse: neutral 1
[15:05:55] ConvaiAudioStreamerLog : Log : State transition: WaitingOnAudio -> Playing
[15:05:55] ConvaiGRPCLog : Log : Received Text C'est une question qui suscite souvent la curiosité. : | Character ID : ac032e3a-931c-11f0-8bf1-42010a7be01f | Session ID : 7eb0f01a1ae81c82fcc7fd16bf8af8a4 | ReceivedFinalResponse : False
[15:05:55] ConvaiAudioStreamerLog : Log : State transition: Playing -> WaitingOnAudio
[15:05:55] ConvaiPlayerLog : Log : Started Talking
[15:05:55] ConvaiAudioLog : Log : Using SteelSeries Sonar - Microphone (SteelSeries Sonar Virtual Audio Device) as Audio capture device with NumChannels:2 and SampleRate:48000
[15:05:55] ConvaiChatbotComponentLog : Log : InterruptSpeech: Interrupting character | Character ID : ac032e3a-931c-11f0-8bf1-42010a7be01f | Session ID : 7eb0f01a1ae81c82fcc7fd16bf8af8a4
[15:05:55] ConvaiChatbotComponentLog : Log : UConvaiChatbotComponent Request Finished! | Character ID : ac032e3a-931c-11f0-8bf1-42010a7be01f | Session ID : 7eb0f01a1ae81c82fcc7fd16bf8af8a4
[15:05:55] ConvaiChatbotComponentLog : Log : Chatbot Total Received Audio: 4.119411 seconds
[15:05:55] ConvaiGRPCLog : Log : AsyncGetResponse started | Character ID : ac032e3a-931c-11f0-8bf1-42010a7be01f | Session ID : 7eb0f01a1ae81c82fcc7fd16bf8af8a4
[15:05:55] ConvaiGRPCLog : Log : GRPC GetResponse stream initialized | Character ID : ac032e3a-931c-11f0-8bf1-42010a7be01f | Session ID : 7eb0f01a1ae81c82fcc7fd16bf8af8a4
[15:05:55] ConvaiGRPCLog : Log : request: character_id: "ac032e3a-931c-11f0-8bf1-42010a7be01f"
api_key: "0d59d0e9911a2f0886cb47a3cf7925ab"
session_id: "7eb0f01a1ae81c82fcc7fd16bf8af8a4"
audio_config {
  sample_rate_hertz: 16000
  enable_facial_data: true
  face_model: FACE_MODEL_OVR_MODEL_NAME
}
action_config {
  actions: "Moves To"
  actions: "Follows"
  actions: "None"
  actions: "Stops"
  actions: "Waits for <time in seconds or character>"
  characters {
    name: "David"
  }
  characters {
    name: "Guest"
  }
  characters {
    name: "Player"
  }
  classification: "multistep"
}
speaker: "Player"
dynamic_info_config {
}
 | Character ID : ac032e3a-931c-11f0-8bf1-42010a7be01f | Session ID : 7eb0f01a1ae81c82fcc7fd16bf8af8a4
[15:05:55] ConvaiGRPCLog : Log : Initial Stream Write | Character ID : ac032e3a-931c-11f0-8bf1-42010a7be01f | Session ID : 7eb0f01a1ae81c82fcc7fd16bf8af8a4
[15:05:55] ConvaiGRPCLog : Log : Initial Stream Read | Character ID : ac032e3a-931c-11f0-8bf1-42010a7be01f | Session ID : 7eb0f01a1ae81c82fcc7fd16bf8af8a4
[15:05:56] ConvaiGRPCLog : Log : Received Audio Chunk: 3.960726 secs | Character ID : ac032e3a-931c-11f0-8bf1-42010a7be01f | Session ID : 7eb0f01a1ae81c82fcc7fd16bf8af8a4
[15:05:56] ConvaiGRPCLog : Log : EmotionResponse: neutral 1
[15:05:56] ConvaiGRPCLog : Log : Received Text Pourriez-vous me dire si vous pensez que cette affirmation est vraie ou fausse ?: | Character ID : ac032e3a-931c-11f0-8bf1-42010a7be01f | Session ID : 7eb0f01a1ae81c82fcc7fd16bf8af8a4 | ReceivedFinalResponse : False
[15:05:56] ConvaiGRPCLog : Log : Chatbot Total Received Lipsync Responses: 811 Responses
[15:05:56] ConvaiGRPCLog : Log : Received Text : | Character ID : ac032e3a-931c-11f0-8bf1-42010a7be01f | Session ID : 7eb0f01a1ae81c82fcc7fd16bf8af8a4 | ReceivedFinalResponse : True
[15:05:56] ConvaiGRPCLog : Log : GetResponse SequenceString: None
[15:05:56] ConvaiGRPCLog : Log : Action: None
[15:05:56] ConvaiAudioStreamerLog : Log : State transition: WaitingOnAudio -> Stopped
[15:05:56] ConvaiAudioStreamerLog : Log : onAudioFinished
[15:05:56] ConvaiPlayerLog : Log : FinishTalking calling FinishGetResponseStream
[15:05:56] ConvaiGRPCLog : Log : Finish Writing to audio data buffer
[15:05:56] ConvaiGRPCLog : Log : FinishWriting:: Informing On Data Received
[15:05:56] ConvaiGRPCLog : Log : Calling Stream WritesDone | LastWriteReceived : True | AudioBuffer.Num() : 0 | Character ID : ac032e3a-931c-11f0-8bf1-42010a7be01f | Session ID : 7eb0f01a1ae81c82fcc7fd16bf8af8a4
[15:05:56] ConvaiGRPCLog : Log : On Stream Write Done Writing
[15:05:56] ConvaiPlayerLog : Log : Finished Talking
[15:05:56] ConvaiGRPCLog : Log : OnStreamWriteDone
[15:05:56] ConvaiGRPCLog : Log : NumberOfAudioBytesSent 30700
[15:05:57] ConvaiGRPCLog : Log : GetResponse EmotionResponseDebug: session_id: "7eb0f01a1ae81c82fcc7fd16bf8af8a4"
emotion_response: "Serenity Acceptance"

[15:05:58] ConvaiGRPCLog : Log : No more data to read after 3 attempts. Calling Finish...
[15:05:58] ConvaiGRPCLog : Log : Calling Stream Finish | Character ID : ac032e3a-931c-11f0-8bf1-42010a7be01f | Session ID : 7eb0f01a1ae81c82fcc7fd16bf8af8a4
[15:05:58] ConvaiGRPCLog : Log : On Stream Finish | Character ID : ac032e3a-931c-11f0-8bf1-42010a7be01f | Session ID : 7eb0f01a1ae81c82fcc7fd16bf8af8a4
[15:06:00] ConvaiGRPCLog : Log : Received Audio Chunk: 2.520726 secs | Character ID : ac032e3a-931c-11f0-8bf1-42010a7be01f | Session ID : 7eb0f01a1ae81c82fcc7fd16bf8af8a4
[15:06:00] ConvaiGRPCLog : Log : EmotionResponse: neutral 1
[15:06:00] ConvaiAudioStreamerLog : Log : State transition: Stopped -> WaitingOnLipSync
[15:06:00] ConvaiGRPCLog : Log : Received Text D'accord, vous pensez que c'est faux. : | Character ID : ac032e3a-931c-11f0-8bf1-42010a7be01f | Session ID : 7eb0f01a1ae81c82fcc7fd16bf8af8a4 | ReceivedFinalResponse : False
[15:06:00] ConvaiPlayerLog : Log : Started Talking
[15:06:00] ConvaiAudioLog : Log : Using SteelSeries Sonar - Microphone (SteelSeries Sonar Virtual Audio Device) as Audio capture device with NumChannels:2 and SampleRate:48000
[15:06:00] ConvaiChatbotComponentLog : Log : InterruptSpeech: Interrupting character | Character ID : ac032e3a-931c-11f0-8bf1-42010a7be01f | Session ID : 7eb0f01a1ae81c82fcc7fd16bf8af8a4
[15:06:00] ConvaiChatbotComponentLog : Log : UConvaiChatbotComponent Request Finished! | Character ID : ac032e3a-931c-11f0-8bf1-42010a7be01f | Session ID : 7eb0f01a1ae81c82fcc7fd16bf8af8a4
[15:06:00] ConvaiAudioStreamerLog : Log : State transition: WaitingOnLipSync -> Stopped
[15:06:00] ConvaiChatbotComponentLog : Log : Chatbot Total Received Audio: 2.519705 seconds
[15:06:00] ConvaiGRPCLog : Log : AsyncGetResponse started | Character ID : ac032e3a-931c-11f0-8bf1-42010a7be01f | Session ID : 7eb0f01a1ae81c82fcc7fd16bf8af8a4
[15:06:00] ConvaiGRPCLog : Log : GRPC GetResponse stream initialized | Character ID : ac032e3a-931c-11f0-8bf1-42010a7be01f | Session ID : 7eb0f01a1ae81c82fcc7fd16bf8af8a4
[15:06:00] ConvaiGRPCLog : Log : request: character_id: "ac032e3a-931c-11f0-8bf1-42010a7be01f"
api_key: "0d59d0e9911a2f0886cb47a3cf7925ab"
session_id: "7eb0f01a1ae81c82fcc7fd16bf8af8a4"
audio_config {
  sample_rate_hertz: 16000
  enable_facial_data: true
  face_model: FACE_MODEL_OVR_MODEL_NAME
}
action_config {
  actions: "Moves To"
  actions: "Follows"
  actions: "None"
  actions: "Stops"
  actions: "Waits for <time in seconds or character>"
  characters {
    name: "David"
  }
  characters {
    name: "Guest"
  }
  characters {
    name: "Player"
  }
  classification: "multistep"
}
speaker: "Player"
dynamic_info_config {
}
 | Character ID : ac032e3a-931c-11f0-8bf1-42010a7be01f | Session ID : 7eb0f01a1ae81c82fcc7fd16bf8af8a4
[15:06:00] ConvaiGRPCLog : Log : Initial Stream Write | Character ID : ac032e3a-931c-11f0-8bf1-42010a7be01f | Session ID : 7eb0f01a1ae81c82fcc7fd16bf8af8a4
[15:06:00] ConvaiGRPCLog : Log : Initial Stream Read | Character ID : ac032e3a-931c-11f0-8bf1-42010a7be01f | Session ID : 7eb0f01a1ae81c82fcc7fd16bf8af8a4
[15:06:02] ConvaiGRPCLog : Log : Received UserQuery est-ce: | Character ID : ac032e3a-931c-11f0-8bf1-42010a7be01f | Session ID : 7eb0f01a1ae81c82fcc7fd16bf8af8a4 | IsFinalTranscription : False
[15:06:02] ConvaiGRPCLog : Log : Received UserQuery est-ce que: | Character ID : ac032e3a-931c-11f0-8bf1-42010a7be01f | Session ID : 7eb0f01a1ae81c82fcc7fd16bf8af8a4 | IsFinalTranscription : False
[15:06:02] ConvaiGRPCLog : Log : Received UserQuery est-ce que vous: | Character ID : ac032e3a-931c-11f0-8bf1-42010a7be01f | Session ID : 7eb0f01a1ae81c82fcc7fd16bf8af8a4 | IsFinalTranscription : False
[15:06:02] ConvaiGRPCLog : Log : Received UserQuery est-ce que vous pouvez: | Character ID : ac032e3a-931c-11f0-8bf1-42010a7be01f | Session ID : 7eb0f01a1ae81c82fcc7fd16bf8af8a4 | IsFinalTranscription : False
[15:06:02] ConvaiPlayerLog : Log : FinishTalking calling FinishGetResponseStream
[15:06:02] ConvaiGRPCLog : Log : Finish Writing to audio data buffer
[15:06:02] ConvaiGRPCLog : Log : FinishWriting:: Informing On Data Received
[15:06:02] ConvaiGRPCLog : Log : Calling Stream WritesDone | LastWriteReceived : True | AudioBuffer.Num() : 0 | Character ID : ac032e3a-931c-11f0-8bf1-42010a7be01f | Session ID : 7eb0f01a1ae81c82fcc7fd16bf8af8a4
[15:06:02] ConvaiGRPCLog : Log : On Stream Write Done Writing
[15:06:02] ConvaiPlayerLog : Log : Finished Talking
[15:06:02] ConvaiGRPCLog : Log : OnStreamWriteDone
[15:06:02] ConvaiGRPCLog : Log : NumberOfAudioBytesSent 60026
[15:06:02] ConvaiGRPCLog : Log : Received UserQuery est-ce: | Character ID : ac032e3a-931c-11f0-8bf1-42010a7be01f | Session ID : 7eb0f01a1ae81c82fcc7fd16bf8af8a4 | IsFinalTranscription : False
[15:06:02] ConvaiGRPCLog : Log : Received UserQuery est-ce: | Character ID : ac032e3a-931c-11f0-8bf1-42010a7be01f | Session ID : 7eb0f01a1ae81c82fcc7fd16bf8af8a4 | IsFinalTranscription : False
[15:06:02] ConvaiGRPCLog : Log : Received UserQuery est-ce que: | Character ID : ac032e3a-931c-11f0-8bf1-42010a7be01f | Session ID : 7eb0f01a1ae81c82fcc7fd16bf8af8a4 | IsFinalTranscription : False
[15:06:02] ConvaiGRPCLog : Log : Received UserQuery est-ce que vous: | Character ID : ac032e3a-931c-11f0-8bf1-42010a7be01f | Session ID : 7eb0f01a1ae81c82fcc7fd16bf8af8a4 | IsFinalTranscription : False
[15:06:02] ConvaiGRPCLog : Log : Received UserQuery est-ce que vous pouvez: | Character ID : ac032e3a-931c-11f0-8bf1-42010a7be01f | Session ID : 7eb0f01a1ae81c82fcc7fd16bf8af8a4 | IsFinalTranscription : False
[15:06:02] ConvaiGRPCLog : Log : Received UserQuery est-ce que vous pouvez répéter: | Character ID : ac032e3a-931c-11f0-8bf1-42010a7be01f | Session ID : 7eb0f01a1ae81c82fcc7fd16bf8af8a4 | IsFinalTranscription : True
[15:06:03] ConvaiGRPCLog : Log : Received Audio Chunk: 10.560726 secs | Character ID : ac032e3a-931c-11f0-8bf1-42010a7be01f | Session ID : 7eb0f01a1ae81c82fcc7fd16bf8af8a4
[15:06:03] ConvaiGRPCLog : Log : EmotionResponse: neutral 1
[15:06:03] ConvaiGRPCLog : Log : Received Text Je comprends pourquoi vous pourriez penser cela, cela semble un peu contre-intuitif au premier abord.

Mais, avez-vous déjà considéré que la latéralité pourrait influencer des aspects subtils de notre physiologie ? : | Character ID : ac032e3a-931c-11f0-8bf1-42010a7be01f | Session ID : 7eb0f01a1ae81c82fcc7fd16bf8af8a4 | ReceivedFinalResponse : False
[15:06:04] ConvaiGRPCLog : Log : Received Audio Chunk: 2.520726 secs | Character ID : ac032e3a-931c-11f0-8bf1-42010a7be01f | Session ID : 7eb0f01a1ae81c82fcc7fd16bf8af8a4
[15:06:04] ConvaiGRPCLog : Log : EmotionResponse: neutral 1
[15:06:04] ConvaiAudioStreamerLog : Log : State transition: Stopped -> WaitingOnLipSync
[15:06:04] ConvaiGRPCLog : Log : Received Text Bien sûr, je peux répéter l'affirmation. : | Character ID : ac032e3a-931c-11f0-8bf1-42010a7be01f | Session ID : 7eb0f01a1ae81c82fcc7fd16bf8af8a4 | ReceivedFinalResponse : False
[15:06:04] ConvaiAudioStreamerLog : Log : State transition: WaitingOnLipSync -> Playing
[15:06:05] ConvaiAudioStreamerLog : Log : State transition: Playing -> WaitingOnAudio
[15:06:05] ConvaiGRPCLog : Log : Received Audio Chunk: 4.960726 secs | Character ID : ac032e3a-931c-11f0-8bf1-42010a7be01f | Session ID : 7eb0f01a1ae81c82fcc7fd16bf8af8a4
[15:06:05] ConvaiGRPCLog : Log : EmotionResponse: neutral 1
[15:06:05] ConvaiAudioStreamerLog : Log : State transition: WaitingOnAudio -> Playing
[15:06:05] ConvaiGRPCLog : Log : Received Text La voici : « Les personnes droitières respirent plus d'oxygène que les personnes gauchères. : | Character ID : ac032e3a-931c-11f0-8bf1-42010a7be01f | Session ID : 7eb0f01a1ae81c82fcc7fd16bf8af8a4 | ReceivedFinalResponse : False
[15:06:05] ConvaiAudioStreamerLog : Log : State transition: Playing -> WaitingOnAudio
[15:06:05] ConvaiGRPCLog : Log : Received Audio Chunk: 3.240726 secs | Character ID : ac032e3a-931c-11f0-8bf1-42010a7be01f | Session ID : 7eb0f01a1ae81c82fcc7fd16bf8af8a4
[15:06:05] ConvaiGRPCLog : Log : EmotionResponse: neutral 1
[15:06:05] ConvaiAudioStreamerLog : Log : State transition: WaitingOnAudio -> Playing
[15:06:05] ConvaiGRPCLog : Log : Received Text »

Alors, selon vous, est-ce vrai ou faux ?: | Character ID : ac032e3a-931c-11f0-8bf1-42010a7be01f | Session ID : 7eb0f01a1ae81c82fcc7fd16bf8af8a4 | ReceivedFinalResponse : False
[15:06:06] ConvaiAudioStreamerLog : Log : State transition: Playing -> WaitingOnAudio
[15:06:06] ConvaiGRPCLog : Log : Chatbot Total Received Lipsync Responses: 1075 Responses
[15:06:06] ConvaiChatbotComponentLog : Log : Chatbot Total Received Audio: 10.719116 seconds
[15:06:06] ConvaiGRPCLog : Log : Received Text : | Character ID : ac032e3a-931c-11f0-8bf1-42010a7be01f | Session ID : 7eb0f01a1ae81c82fcc7fd16bf8af8a4 | ReceivedFinalResponse : True
[15:06:06] ConvaiGRPCLog : Log : GetResponse SequenceString: None
[15:06:06] ConvaiGRPCLog : Log : Action: None
[15:06:07] ConvaiGRPCLog : Log : GetResponse EmotionResponseDebug: session_id: "7eb0f01a1ae81c82fcc7fd16bf8af8a4"
emotion_response: "Serenity Acceptance"

[15:06:08] ConvaiGRPCLog : Log : No more data to read after 3 attempts. Calling Finish...
[15:06:08] ConvaiGRPCLog : Log : Calling Stream Finish | Character ID : ac032e3a-931c-11f0-8bf1-42010a7be01f | Session ID : 7eb0f01a1ae81c82fcc7fd16bf8af8a4
[15:06:08] ConvaiGRPCLog : Log : On Stream Finish | Character ID : ac032e3a-931c-11f0-8bf1-42010a7be01f | Session ID : 7eb0f01a1ae81c82fcc7fd16bf8af8a4
[15:06:08] ConvaiChatbotComponentLog : Log : UConvaiChatbotComponent Request Finished! | Character ID : ac032e3a-931c-11f0-8bf1-42010a7be01f | Session ID : 7eb0f01a1ae81c82fcc7fd16bf8af8a4
[15:06:14] ConvaiAudioStreamerLog : Log : onAudioFinished
[15:06:14] ConvaiAudioStreamerLog : Log : State transition: WaitingOnAudio -> Playing
[15:06:15] ConvaiAudioStreamerLog : Log : onAudioFinished
[15:06:15] ConvaiAudioStreamerLog : Log : State transition: Playing -> WaitingOnAudio
[15:06:17] ConvaiGRPCLog : Log : Received Audio Chunk: 12.240726 secs | Character ID : ac032e3a-931c-11f0-8bf1-42010a7be01f | Session ID : 7eb0f01a1ae81c82fcc7fd16bf8af8a4
[15:06:17] ConvaiGRPCLog : Log : EmotionResponse: neutral 1
[15:06:17] ConvaiGRPCLog : Log : Received Text Par exemple, certaines études ont montré que les droitiers ont tendance à avoir une meilleure coordination de leur diaphragme en raison de la prédominance de leur hémisphère gauche, qui est souvent lié au langage et à la motricité fine. : | Character ID : ac032e3a-931c-11f0-8bf1-42010a7be01f | Session ID : 7eb0f01a1ae81c82fcc7fd16bf8af8a4 | ReceivedFinalResponse : False
[15:06:18] ConvaiPlayerLog : Log : Started Talking
[15:06:18] ConvaiAudioLog : Log : Using SteelSeries Sonar - Microphone (SteelSeries Sonar Virtual Audio Device) as Audio capture device with NumChannels:2 and SampleRate:48000
[15:06:18] ConvaiAudioStreamerLog : Log : State transition: WaitingOnAudio -> Stopped
[15:06:18] ConvaiGRPCLog : Log : AsyncGetResponse started | Character ID : ac032e3a-931c-11f0-8bf1-42010a7be01f | Session ID : 7eb0f01a1ae81c82fcc7fd16bf8af8a4
[15:06:18] ConvaiGRPCLog : Log : GRPC GetResponse stream initialized | Character ID : ac032e3a-931c-11f0-8bf1-42010a7be01f | Session ID : 7eb0f01a1ae81c82fcc7fd16bf8af8a4
[15:06:18] ConvaiGRPCLog : Log : request: character_id: "ac032e3a-931c-11f0-8bf1-42010a7be01f"
api_key: "0d59d0e9911a2f0886cb47a3cf7925ab"
session_id: "7eb0f01a1ae81c82fcc7fd16bf8af8a4"
audio_config {
  sample_rate_hertz: 16000
  enable_facial_data: true
  face_model: FACE_MODEL_OVR_MODEL_NAME
}
action_config {
  actions: "Moves To"
  actions: "Follows"
  actions: "None"
  actions: "Stops"
  actions: "Waits for <time in seconds or character>"
  characters {
    name: "David"
  }
  characters {
    name: "Guest"
  }
  characters {
    name: "Player"
  }
  classification: "multistep"
}
speaker: "Player"
dynamic_info_config {
}
 | Character ID : ac032e3a-931c-11f0-8bf1-42010a7be01f | Session ID : 7eb0f01a1ae81c82fcc7fd16bf8af8a4
[15:06:18] ConvaiGRPCLog : Log : Initial Stream Write | Character ID : ac032e3a-931c-11f0-8bf1-42010a7be01f | Session ID : 7eb0f01a1ae81c82fcc7fd16bf8af8a4
[15:06:18] ConvaiGRPCLog : Log : Initial Stream Read | Character ID : ac032e3a-931c-11f0-8bf1-42010a7be01f | Session ID : 7eb0f01a1ae81c82fcc7fd16bf8af8a4
[15:06:20] ConvaiGRPCLog : Log : Received UserQuery je: | Character ID : ac032e3a-931c-11f0-8bf1-42010a7be01f | Session ID : 7eb0f01a1ae81c82fcc7fd16bf8af8a4 | IsFinalTranscription : False
[15:06:20] ConvaiGRPCLog : Log : Received UserQuery Je pense.: | Character ID : ac032e3a-931c-11f0-8bf1-42010a7be01f | Session ID : 7eb0f01a1ae81c82fcc7fd16bf8af8a4 | IsFinalTranscription : False
[15:06:20] ConvaiGRPCLog : Log : Received UserQuery je pense que: | Character ID : ac032e3a-931c-11f0-8bf1-42010a7be01f | Session ID : 7eb0f01a1ae81c82fcc7fd16bf8af8a4 | IsFinalTranscription : False
[15:06:20] ConvaiGRPCLog : Log : Received UserQuery je pense que c'est: | Character ID : ac032e3a-931c-11f0-8bf1-42010a7be01f | Session ID : 7eb0f01a1ae81c82fcc7fd16bf8af8a4 | IsFinalTranscription : False
[15:06:20] ConvaiGRPCLog : Log : Received UserQuery je: | Character ID : ac032e3a-931c-11f0-8bf1-42010a7be01f | Session ID : 7eb0f01a1ae81c82fcc7fd16bf8af8a4 | IsFinalTranscription : False
[15:06:21] ConvaiGRPCLog : Log : Received UserQuery je pense: | Character ID : ac032e3a-931c-11f0-8bf1-42010a7be01f | Session ID : 7eb0f01a1ae81c82fcc7fd16bf8af8a4 | IsFinalTranscription : False
[15:06:21] ConvaiGRPCLog : Log : Received UserQuery je pense que: | Character ID : ac032e3a-931c-11f0-8bf1-42010a7be01f | Session ID : 7eb0f01a1ae81c82fcc7fd16bf8af8a4 | IsFinalTranscription : False
[15:06:22] ConvaiGRPCLog : Log : Received UserQuery je pense que c'est: | Character ID : ac032e3a-931c-11f0-8bf1-42010a7be01f | Session ID : 7eb0f01a1ae81c82fcc7fd16bf8af8a4 | IsFinalTranscription : False
[15:06:23] ConvaiPlayerLog : Log : FinishTalking calling FinishGetResponseStream
[15:06:23] ConvaiGRPCLog : Log : Finish Writing to audio data buffer
[15:06:23] ConvaiGRPCLog : Log : FinishWriting:: Informing On Data Received
[15:06:23] ConvaiGRPCLog : Log : Calling Stream WritesDone | LastWriteReceived : True | AudioBuffer.Num() : 0 | Character ID : ac032e3a-931c-11f0-8bf1-42010a7be01f | Session ID : 7eb0f01a1ae81c82fcc7fd16bf8af8a4
[15:06:23] ConvaiGRPCLog : Log : On Stream Write Done Writing
[15:06:23] ConvaiPlayerLog : Log : Finished Talking
[15:06:23] ConvaiGRPCLog : Log : OnStreamWriteDone
[15:06:23] ConvaiGRPCLog : Log : NumberOfAudioBytesSent 133020
[15:06:23] ConvaiGRPCLog : Log : Received UserQuery Je pense que c'est: | Character ID : ac032e3a-931c-11f0-8bf1-42010a7be01f | Session ID : 7eb0f01a1ae81c82fcc7fd16bf8af8a4 | IsFinalTranscription : False
[15:06:23] ConvaiGRPCLog : Log : Received UserQuery Je pense que c'est: | Character ID : ac032e3a-931c-11f0-8bf1-42010a7be01f | Session ID : 7eb0f01a1ae81c82fcc7fd16bf8af8a4 | IsFinalTranscription : False
[15:06:23] ConvaiGRPCLog : Log : Received UserQuery Je pense que c'est pas vrai.: | Character ID : ac032e3a-931c-11f0-8bf1-42010a7be01f | Session ID : 7eb0f01a1ae81c82fcc7fd16bf8af8a4 | IsFinalTranscription : True
[15:06:24] ConvaiGRPCLog : Log : Destroying UConvaiGRPCGetResponseProxy... | Character ID : ac032e3a-931c-11f0-8bf1-42010a7be01f | Session ID : 7eb0f01a1ae81c82fcc7fd16bf8af8a4
[15:06:24] ConvaiGRPCLog : Log : Destroying UConvaiGRPCGetResponseProxy... | Character ID : ac032e3a-931c-11f0-8bf1-42010a7be01f | Session ID : 7eb0f01a1ae81c82fcc7fd16bf8af8a4
[15:06:24] ConvaiGRPCLog : Log : Destroying UConvaiGRPCGetResponseProxy... | Character ID : ac032e3a-931c-11f0-8bf1-42010a7be01f | Session ID : 7eb0f01a1ae81c82fcc7fd16bf8af8a4
[15:06:24] ConvaiGRPCLog : Log : Destroying UConvaiGRPCGetResponseProxy... | Character ID : ac032e3a-931c-11f0-8bf1-42010a7be01f | Session ID : 7eb0f01a1ae81c82fcc7fd16bf8af8a4
[15:06:25] ConvaiGRPCLog : Log : Received Audio Chunk: 4.920726 secs | Character ID : ac032e3a-931c-11f0-8bf1-42010a7be01f | Session ID : 7eb0f01a1ae81c82fcc7fd16bf8af8a4
[15:06:25] ConvaiGRPCLog : Log : EmotionResponse: neutral 1
[15:06:25] ConvaiAudioStreamerLog : Log : State transition: Stopped -> WaitingOnLipSync
[15:06:25] ConvaiGRPCLog : Log : Received Text Je comprends pourquoi vous pourriez penser que c'est faux ; cela semble improbable à première vue. : | Character ID : ac032e3a-931c-11f0-8bf1-42010a7be01f | Session ID : 7eb0f01a1ae81c82fcc7fd16bf8af8a4 | ReceivedFinalResponse : False
[15:06:25] ConvaiAudioStreamerLog : Log : State transition: WaitingOnLipSync -> Playing
[15:06:27] ConvaiAudioStreamerLog : Log : State transition: Playing -> WaitingOnAudio
[15:06:27] ConvaiGRPCLog : Log : Received Audio Chunk: 10.440726 secs | Character ID : ac032e3a-931c-11f0-8bf1-42010a7be01f | Session ID : 7eb0f01a1ae81c82fcc7fd16bf8af8a4
[15:06:27] ConvaiGRPCLog : Log : EmotionResponse: neutral 1
[15:06:27] ConvaiAudioStreamerLog : Log : State transition: WaitingOnAudio -> Playing
[15:06:27] ConvaiGRPCLog : Log : Received Text Mais réfléchissez à ceci : la plupart des études scientifiques montrent que les droitiers ont tendance à avoir des structures corporelles légèrement différentes de celles des gauchers, notamment en termes de capacité pulmonaire et de posture. : | Character ID : ac032e3a-931c-11f0-8bf1-42010a7be01f | Session ID : 7eb0f01a1ae81c82fcc7fd16bf8af8a4 | ReceivedFinalResponse : False
[15:06:27] ConvaiAudioStreamerLog : Log : State transition: Playing -> WaitingOnAudio
[15:06:29] ConvaiGRPCLog : Log : Received Audio Chunk: 12.280726 secs | Character ID : ac032e3a-931c-11f0-8bf1-42010a7be01f | Session ID : 7eb0f01a1ae81c82fcc7fd16bf8af8a4
[15:06:29] ConvaiGRPCLog : Log : EmotionResponse: neutral 1
[15:06:29] ConvaiAudioStreamerLog : Log : State transition: WaitingOnAudio -> Playing
[15:06:29] ConvaiGRPCLog : Log : Received Text Cette petite différence pourrait signifier qu’ils absorbent plus d’oxygène à chaque respiration.

Avez-vous déjà remarqué que la plupart des équipements, comme les bureaux, les chaises et même les équipements de sport, sont conçus pour les droitiers ? : | Character ID : ac032e3a-931c-11f0-8bf1-42010a7be01f | Session ID : 7eb0f01a1ae81c82fcc7fd16bf8af8a4 | ReceivedFinalResponse : False
[15:06:30] ConvaiAudioStreamerLog : Log : State transition: Playing -> WaitingOnAudio
[15:06:31] ConvaiGRPCLog : Log : Received Audio Chunk: 4.320726 secs | Character ID : ac032e3a-931c-11f0-8bf1-42010a7be01f | Session ID : 7eb0f01a1ae81c82fcc7fd16bf8af8a4
[15:06:31] ConvaiGRPCLog : Log : EmotionResponse: neutral 1
[15:06:31] ConvaiAudioStreamerLog : Log : State transition: WaitingOnAudio -> Playing
[15:06:31] ConvaiGRPCLog : Log : Received Text Cela rend leur respiration et leurs mouvements plus efficaces au quotidien. : | Character ID : ac032e3a-931c-11f0-8bf1-42010a7be01f | Session ID : 7eb0f01a1ae81c82fcc7fd16bf8af8a4 | ReceivedFinalResponse : False
[15:06:31] ConvaiAudioStreamerLog : Log : State transition: Playing -> WaitingOnAudio
[15:06:32] ConvaiGRPCLog : Log : Received Audio Chunk: 4.640726 secs | Character ID : ac032e3a-931c-11f0-8bf1-42010a7be01f | Session ID : 7eb0f01a1ae81c82fcc7fd16bf8af8a4
[15:06:32] ConvaiGRPCLog : Log : EmotionResponse: neutral 1
[15:06:32] ConvaiAudioStreamerLog : Log : State transition: WaitingOnAudio -> Playing
[15:06:32] ConvaiGRPCLog : Log : Received Text Ne vous demandez-vous pas si les droitiers ne pourraient pas, en réalité, absorber plus d’oxygène ?: | Character ID : ac032e3a-931c-11f0-8bf1-42010a7be01f | Session ID : 7eb0f01a1ae81c82fcc7fd16bf8af8a4 | ReceivedFinalResponse : False
[15:06:32] ConvaiAudioStreamerLog : Log : State transition: Playing -> WaitingOnAudio
[15:06:32] ConvaiGRPCLog : Log : Chatbot Total Received Lipsync Responses: 3665 Responses
[15:06:32] ConvaiChatbotComponentLog : Log : Chatbot Total Received Audio: 36.598526 seconds
[15:06:32] ConvaiGRPCLog : Log : Received Text : | Character ID : ac032e3a-931c-11f0-8bf1-42010a7be01f | Session ID : 7eb0f01a1ae81c82fcc7fd16bf8af8a4 | ReceivedFinalResponse : True
[15:06:32] ConvaiGRPCLog : Log : GetResponse SequenceString: None
[15:06:32] ConvaiGRPCLog : Log : Action: None
[15:06:33] ConvaiGRPCLog : Log : GetResponse EmotionResponseDebug: session_id: "7eb0f01a1ae81c82fcc7fd16bf8af8a4"
emotion_response: "Joy Trust Interest Apprehension Pensiveness"

[15:06:34] ConvaiGRPCLog : Log : No more data to read after 3 attempts. Calling Finish...
[15:06:34] ConvaiGRPCLog : Log : Calling Stream Finish | Character ID : ac032e3a-931c-11f0-8bf1-42010a7be01f | Session ID : 7eb0f01a1ae81c82fcc7fd16bf8af8a4
[15:06:34] ConvaiGRPCLog : Log : On Stream Finish | Character ID : ac032e3a-931c-11f0-8bf1-42010a7be01f | Session ID : 7eb0f01a1ae81c82fcc7fd16bf8af8a4
[15:06:34] ConvaiChatbotComponentLog : Log : UConvaiChatbotComponent Request Finished! | Character ID : ac032e3a-931c-11f0-8bf1-42010a7be01f | Session ID : 7eb0f01a1ae81c82fcc7fd16bf8af8a4
[15:06:54] ConvaiPlayerLog : Log : Started Talking
[15:06:54] ConvaiAudioLog : Log : Using SteelSeries Sonar - Microphone (SteelSeries Sonar Virtual Audio Device) as Audio capture device with NumChannels:2 and SampleRate:48000
[15:06:54] ConvaiChatbotComponentLog : Log : InterruptSpeech: Interrupting character | Character ID : ac032e3a-931c-11f0-8bf1-42010a7be01f | Session ID : 7eb0f01a1ae81c82fcc7fd16bf8af8a4
[15:06:54] ConvaiGRPCLog : Log : AsyncGetResponse started | Character ID : ac032e3a-931c-11f0-8bf1-42010a7be01f | Session ID : 7eb0f01a1ae81c82fcc7fd16bf8af8a4
[15:06:54] ConvaiGRPCLog : Log : GRPC GetResponse stream initialized | Character ID : ac032e3a-931c-11f0-8bf1-42010a7be01f | Session ID : 7eb0f01a1ae81c82fcc7fd16bf8af8a4
[15:06:54] ConvaiGRPCLog : Log : request: character_id: "ac032e3a-931c-11f0-8bf1-42010a7be01f"
api_key: "0d59d0e9911a2f0886cb47a3cf7925ab"
session_id: "7eb0f01a1ae81c82fcc7fd16bf8af8a4"
audio_config {
  sample_rate_hertz: 16000
  enable_facial_data: true
  face_model: FACE_MODEL_OVR_MODEL_NAME
}
action_config {
  actions: "Moves To"
  actions: "Follows"
  actions: "None"
  actions: "Stops"
  actions: "Waits for <time in seconds or character>"
  characters {
    name: "David"
  }
  characters {
    name: "Guest"
  }
  characters {
    name: "Player"
  }
  classification: "multistep"
}
speaker: "Player"
dynamic_info_config {
}
 | Character ID : ac032e3a-931c-11f0-8bf1-42010a7be01f | Session ID : 7eb0f01a1ae81c82fcc7fd16bf8af8a4
[15:06:54] ConvaiGRPCLog : Log : Initial Stream Write | Character ID : ac032e3a-931c-11f0-8bf1-42010a7be01f | Session ID : 7eb0f01a1ae81c82fcc7fd16bf8af8a4
[15:06:54] ConvaiGRPCLog : Log : Initial Stream Read | Character ID : ac032e3a-931c-11f0-8bf1-42010a7be01f | Session ID : 7eb0f01a1ae81c82fcc7fd16bf8af8a4
[15:06:55] ConvaiAudioStreamerLog : Log : State transition: WaitingOnAudio -> Stopped
[15:06:55] ConvaiAudioStreamerLog : Log : onAudioFinished
[15:06:55] ConvaiPlayerLog : Log : FinishTalking calling FinishGetResponseStream
[15:06:55] ConvaiGRPCLog : Log : Finish Writing to audio data buffer
[15:06:55] ConvaiGRPCLog : Log : FinishWriting:: Informing On Data Received
[15:06:55] ConvaiGRPCLog : Log : Calling Stream WritesDone | LastWriteReceived : True | AudioBuffer.Num() : 0 | Character ID : ac032e3a-931c-11f0-8bf1-42010a7be01f | Session ID : 7eb0f01a1ae81c82fcc7fd16bf8af8a4
[15:06:55] ConvaiGRPCLog : Log : On Stream Write Done Writing
[15:06:55] ConvaiPlayerLog : Log : Finished Talking
[15:06:55] ConvaiGRPCLog : Log : OnStreamWriteDone
[15:06:55] ConvaiGRPCLog : Log : NumberOfAudioBytesSent 35476
[15:06:57] ConvaiGRPCLog : Log : Received Audio Chunk: 1.840726 secs | Character ID : ac032e3a-931c-11f0-8bf1-42010a7be01f | Session ID : 7eb0f01a1ae81c82fcc7fd16bf8af8a4
[15:06:57] ConvaiGRPCLog : Log : EmotionResponse: neutral 1
[15:06:57] ConvaiAudioStreamerLog : Log : State transition: Stopped -> WaitingOnLipSync
[15:06:57] ConvaiGRPCLog : Log : Received Text Je vois que vous êtes en train de réfléchir. : | Character ID : ac032e3a-931c-11f0-8bf1-42010a7be01f | Session ID : 7eb0f01a1ae81c82fcc7fd16bf8af8a4 | ReceivedFinalResponse : False
[15:06:57] ConvaiAudioStreamerLog : Log : State transition: WaitingOnLipSync -> Playing
[15:06:59] ConvaiAudioStreamerLog : Log : onAudioFinished
[15:06:59] ConvaiAudioStreamerLog : Log : State transition: Playing -> WaitingOnLipSync
[15:06:59] ConvaiAudioStreamerLog : Log : State transition: WaitingOnLipSync -> Playing
[15:07:00] ConvaiAudioStreamerLog : Log : onAudioFinished
[15:07:00] ConvaiAudioStreamerLog : Log : State transition: Playing -> WaitingOnAudio
[15:07:00] ConvaiGRPCLog : Log : Received Audio Chunk: 15.200726 secs | Character ID : ac032e3a-931c-11f0-8bf1-42010a7be01f | Session ID : 7eb0f01a1ae81c82fcc7fd16bf8af8a4
[15:07:00] ConvaiGRPCLog : Log : EmotionResponse: neutral 1
[15:07:00] ConvaiAudioStreamerLog : Log : State transition: WaitingOnAudio -> Playing
[15:07:00] ConvaiGRPCLog : Log : Received Text C'est une question qui mérite qu'on s'y attarde, n'est-ce pas ?

Si l'environnement est majoritairement adapté aux droitiers, et que cela favorise une meilleure posture et une plus grande aisance dans les mouvements quotidiens, ne pensez-vous pas que cela pourrait avoir un impact, même minime, sur leur efficacité respiratoire à long terme ?: | Character ID : ac032e3a-931c-11f0-8bf1-42010a7be01f | Session ID : 7eb0f01a1ae81c82fcc7fd16bf8af8a4 | ReceivedFinalResponse : False
[15:07:00] ConvaiAudioStreamerLog : Log : State transition: Playing -> WaitingOnAudio
[15:07:00] ConvaiGRPCLog : Log : Chatbot Total Received Lipsync Responses: 1706 Responses
[15:07:00] ConvaiChatbotComponentLog : Log : Chatbot Total Received Audio: 17.039410 seconds
[15:07:00] ConvaiGRPCLog : Log : Received Text : | Character ID : ac032e3a-931c-11f0-8bf1-42010a7be01f | Session ID : 7eb0f01a1ae81c82fcc7fd16bf8af8a4 | ReceivedFinalResponse : True
[15:07:00] ConvaiGRPCLog : Log : GetResponse SequenceString: None
[15:07:00] ConvaiGRPCLog : Log : Action: None
[15:07:01] ConvaiGRPCLog : Log : GetResponse EmotionResponseDebug: session_id: "7eb0f01a1ae81c82fcc7fd16bf8af8a4"
emotion_response: "Serenity Interest Acceptance"

[15:07:02] ConvaiGRPCLog : Log : No more data to read after 3 attempts. Calling Finish...
[15:07:02] ConvaiGRPCLog : Log : Calling Stream Finish | Character ID : ac032e3a-931c-11f0-8bf1-42010a7be01f | Session ID : 7eb0f01a1ae81c82fcc7fd16bf8af8a4
[15:07:02] ConvaiGRPCLog : Log : On Stream Finish | Character ID : ac032e3a-931c-11f0-8bf1-42010a7be01f | Session ID : 7eb0f01a1ae81c82fcc7fd16bf8af8a4
[15:07:02] ConvaiChatbotComponentLog : Log : UConvaiChatbotComponent Request Finished! | Character ID : ac032e3a-931c-11f0-8bf1-42010a7be01f | Session ID : 7eb0f01a1ae81c82fcc7fd16bf8af8a4
[15:07:15] ConvaiAudioStreamerLog : Log : onAudioFinished
[15:07:15] ConvaiAudioStreamerLog : Log : State transition: WaitingOnAudio -> Playing
[15:07:15] ConvaiAudioStreamerLog : Log : onAudioFinished
[15:07:15] ConvaiAudioStreamerLog : Log : State transition: Playing -> WaitingOnAudio
[15:07:20] ConvaiPlayerLog : Log : Started Talking
[15:07:20] ConvaiAudioLog : Log : Using SteelSeries Sonar - Microphone (SteelSeries Sonar Virtual Audio Device) as Audio capture device with NumChannels:2 and SampleRate:48000
[15:07:20] ConvaiAudioStreamerLog : Log : State transition: WaitingOnAudio -> Stopped
[15:07:20] ConvaiGRPCLog : Log : AsyncGetResponse started | Character ID : ac032e3a-931c-11f0-8bf1-42010a7be01f | Session ID : 7eb0f01a1ae81c82fcc7fd16bf8af8a4
[15:07:20] ConvaiGRPCLog : Log : GRPC GetResponse stream initialized | Character ID : ac032e3a-931c-11f0-8bf1-42010a7be01f | Session ID : 7eb0f01a1ae81c82fcc7fd16bf8af8a4
[15:07:20] ConvaiGRPCLog : Log : request: character_id: "ac032e3a-931c-11f0-8bf1-42010a7be01f"
api_key: "0d59d0e9911a2f0886cb47a3cf7925ab"
session_id: "7eb0f01a1ae81c82fcc7fd16bf8af8a4"
audio_config {
  sample_rate_hertz: 16000
  enable_facial_data: true
  face_model: FACE_MODEL_OVR_MODEL_NAME
}
action_config {
  actions: "Moves To"
  actions: "Follows"
  actions: "None"
  actions: "Stops"
  actions: "Waits for <time in seconds or character>"
  characters {
    name: "David"
  }
  characters {
    name: "Guest"
  }
  characters {
    name: "Player"
  }
  classification: "multistep"
}
speaker: "Player"
dynamic_info_config {
}
 | Character ID : ac032e3a-931c-11f0-8bf1-42010a7be01f | Session ID : 7eb0f01a1ae81c82fcc7fd16bf8af8a4
[15:07:20] ConvaiGRPCLog : Log : Initial Stream Write | Character ID : ac032e3a-931c-11f0-8bf1-42010a7be01f | Session ID : 7eb0f01a1ae81c82fcc7fd16bf8af8a4
[15:07:20] ConvaiGRPCLog : Log : Initial Stream Read | Character ID : ac032e3a-931c-11f0-8bf1-42010a7be01f | Session ID : 7eb0f01a1ae81c82fcc7fd16bf8af8a4
[15:07:23] ConvaiGRPCLog : Log : Received UserQuery oui: | Character ID : ac032e3a-931c-11f0-8bf1-42010a7be01f | Session ID : 7eb0f01a1ae81c82fcc7fd16bf8af8a4 | IsFinalTranscription : False
[15:07:24] ConvaiGRPCLog : Log : Received UserQuery oui: | Character ID : ac032e3a-931c-11f0-8bf1-42010a7be01f | Session ID : 7eb0f01a1ae81c82fcc7fd16bf8af8a4 | IsFinalTranscription : False
[15:07:24] ConvaiGRPCLog : Log : Received UserQuery oui,: | Character ID : ac032e3a-931c-11f0-8bf1-42010a7be01f | Session ID : 7eb0f01a1ae81c82fcc7fd16bf8af8a4 | IsFinalTranscription : False
[15:07:24] ConvaiGRPCLog : Log : Received UserQuery oui,: | Character ID : ac032e3a-931c-11f0-8bf1-42010a7be01f | Session ID : 7eb0f01a1ae81c82fcc7fd16bf8af8a4 | IsFinalTranscription : False
[15:07:24] ConvaiGRPCLog : Log : Received UserQuery Oui,: | Character ID : ac032e3a-931c-11f0-8bf1-42010a7be01f | Session ID : 7eb0f01a1ae81c82fcc7fd16bf8af8a4 | IsFinalTranscription : False
[15:07:24] ConvaiGRPCLog : Log : Received UserQuery oui,: | Character ID : ac032e3a-931c-11f0-8bf1-42010a7be01f | Session ID : 7eb0f01a1ae81c82fcc7fd16bf8af8a4 | IsFinalTranscription : False
[15:07:24] ConvaiGRPCLog : Log : Received UserQuery oui, il: | Character ID : ac032e3a-931c-11f0-8bf1-42010a7be01f | Session ID : 7eb0f01a1ae81c82fcc7fd16bf8af8a4 | IsFinalTranscription : False
[15:07:24] ConvaiGRPCLog : Log : Received UserQuery Oui, il y a: | Character ID : ac032e3a-931c-11f0-8bf1-42010a7be01f | Session ID : 7eb0f01a1ae81c82fcc7fd16bf8af8a4 | IsFinalTranscription : False
[15:07:24] ConvaiGRPCLog : Log : Received UserQuery Oui, il y a plus: | Character ID : ac032e3a-931c-11f0-8bf1-42010a7be01f | Session ID : 7eb0f01a1ae81c82fcc7fd16bf8af8a4 | IsFinalTranscription : False
[15:07:25] ConvaiGRPCLog : Log : Received UserQuery Oui, il y a plus de: | Character ID : ac032e3a-931c-11f0-8bf1-42010a7be01f | Session ID : 7eb0f01a1ae81c82fcc7fd16bf8af8a4 | IsFinalTranscription : False
[15:07:25] ConvaiGRPCLog : Log : Received UserQuery oui, il y a plus de: | Character ID : ac032e3a-931c-11f0-8bf1-42010a7be01f | Session ID : 7eb0f01a1ae81c82fcc7fd16bf8af8a4 | IsFinalTranscription : False
[15:07:25] ConvaiGRPCLog : Log : Received UserQuery Oui, il y a plus de: | Character ID : ac032e3a-931c-11f0-8bf1-42010a7be01f | Session ID : 7eb0f01a1ae81c82fcc7fd16bf8af8a4 | IsFinalTranscription : False
[15:07:25] ConvaiGRPCLog : Log : Received UserQuery Oui, il y a plus de: | Character ID : ac032e3a-931c-11f0-8bf1-42010a7be01f | Session ID : 7eb0f01a1ae81c82fcc7fd16bf8af8a4 | IsFinalTranscription : False
[15:07:25] ConvaiGRPCLog : Log : Received UserQuery Oui, il y a plus de matériels: | Character ID : ac032e3a-931c-11f0-8bf1-42010a7be01f | Session ID : 7eb0f01a1ae81c82fcc7fd16bf8af8a4 | IsFinalTranscription : False
[15:07:25] ConvaiGRPCLog : Log : Received UserQuery Oui, il y a plus de matériels qui: | Character ID : ac032e3a-931c-11f0-8bf1-42010a7be01f | Session ID : 7eb0f01a1ae81c82fcc7fd16bf8af8a4 | IsFinalTranscription : False
[15:07:25] ConvaiGRPCLog : Log : Received UserQuery oui, il y a plus de matériels qui sont: | Character ID : ac032e3a-931c-11f0-8bf1-42010a7be01f | Session ID : 7eb0f01a1ae81c82fcc7fd16bf8af8a4 | IsFinalTranscription : False
[15:07:25] ConvaiGRPCLog : Log : Destroying UConvaiGRPCGetResponseProxy... | Character ID : ac032e3a-931c-11f0-8bf1-42010a7be01f | Session ID : 7eb0f01a1ae81c82fcc7fd16bf8af8a4
[15:07:25] ConvaiGRPCLog : Log : Destroying UConvaiGRPCGetResponseProxy... | Character ID : ac032e3a-931c-11f0-8bf1-42010a7be01f | Session ID : 7eb0f01a1ae81c82fcc7fd16bf8af8a4
[15:07:25] ConvaiPlayerLog : Log : FinishTalking calling FinishGetResponseStream
[15:07:25] ConvaiGRPCLog : Log : Finish Writing to audio data buffer
[15:07:25] ConvaiGRPCLog : Log : FinishWriting:: Informing On Data Received
[15:07:25] ConvaiGRPCLog : Log : Calling Stream WritesDone | LastWriteReceived : True | AudioBuffer.Num() : 0 | Character ID : ac032e3a-931c-11f0-8bf1-42010a7be01f | Session ID : 7eb0f01a1ae81c82fcc7fd16bf8af8a4
[15:07:25] ConvaiGRPCLog : Log : On Stream Write Done Writing
[15:07:25] ConvaiPlayerLog : Log : Finished Talking
[15:07:25] ConvaiGRPCLog : Log : OnStreamWriteDone
[15:07:25] ConvaiGRPCLog : Log : NumberOfAudioBytesSent 180780
[15:07:26] ConvaiGRPCLog : Log : Received UserQuery oui, il y a plus de matériels qui sont: | Character ID : ac032e3a-931c-11f0-8bf1-42010a7be01f | Session ID : 7eb0f01a1ae81c82fcc7fd16bf8af8a4 | IsFinalTranscription : False
[15:07:26] ConvaiGRPCLog : Log : Received UserQuery Oui, il y a plus de matériels qui sont: | Character ID : ac032e3a-931c-11f0-8bf1-42010a7be01f | Session ID : 7eb0f01a1ae81c82fcc7fd16bf8af8a4 | IsFinalTranscription : False
[15:07:26] ConvaiGRPCLog : Log : Received UserQuery Oui, il y a plus de matériels qui sont adaptés: | Character ID : ac032e3a-931c-11f0-8bf1-42010a7be01f | Session ID : 7eb0f01a1ae81c82fcc7fd16bf8af8a4 | IsFinalTranscription : False
[15:07:26] ConvaiGRPCLog : Log : Received UserQuery Oui, il y a plus de matériels qui sont adaptés pour les droitiers.: | Character ID : ac032e3a-931c-11f0-8bf1-42010a7be01f | Session ID : 7eb0f01a1ae81c82fcc7fd16bf8af8a4 | IsFinalTranscription : True
[15:07:28] ConvaiGRPCLog : Log : Received Audio Chunk: 1.360726 secs | Character ID : ac032e3a-931c-11f0-8bf1-42010a7be01f | Session ID : 7eb0f01a1ae81c82fcc7fd16bf8af8a4
[15:07:28] ConvaiGRPCLog : Log : EmotionResponse: neutral 1
[15:07:28] ConvaiAudioStreamerLog : Log : State transition: Stopped -> WaitingOnLipSync
[15:07:28] ConvaiGRPCLog : Log : Received Text Exactement ! : | Character ID : ac032e3a-931c-11f0-8bf1-42010a7be01f | Session ID : 7eb0f01a1ae81c82fcc7fd16bf8af8a4 | ReceivedFinalResponse : False
[15:07:28] ConvaiAudioStreamerLog : Log : State transition: WaitingOnLipSync -> Playing
[15:07:28] ConvaiAudioStreamerLog : Log : State transition: Playing -> WaitingOnAudio
[15:07:28] ConvaiGRPCLog : Log : Received Audio Chunk: 2.200726 secs | Character ID : ac032e3a-931c-11f0-8bf1-42010a7be01f | Session ID : 7eb0f01a1ae81c82fcc7fd16bf8af8a4
[15:07:28] ConvaiGRPCLog : Log : EmotionResponse: neutral 1
[15:07:28] ConvaiAudioStreamerLog : Log : State transition: WaitingOnAudio -> Playing
[15:07:28] ConvaiGRPCLog : Log : Received Text Ce n'est pas anodin, n'est-ce pas ? : | Character ID : ac032e3a-931c-11f0-8bf1-42010a7be01f | Session ID : 7eb0f01a1ae81c82fcc7fd16bf8af8a4 | ReceivedFinalResponse : False
[15:07:29] ConvaiAudioStreamerLog : Log : State transition: Playing -> WaitingOnAudio
[15:07:31] ConvaiGRPCLog : Log : Received Audio Chunk: 15.680726 secs | Character ID : ac032e3a-931c-11f0-8bf1-42010a7be01f | Session ID : 7eb0f01a1ae81c82fcc7fd16bf8af8a4
[15:07:31] ConvaiGRPCLog : Log : EmotionResponse: neutral 1
[15:07:31] ConvaiAudioStreamerLog : Log : State transition: WaitingOnAudio -> Playing
[15:07:31] ConvaiGRPCLog : Log : Received Text Si leur environnement est constamment optimisé pour eux, même inconsciemment, cela pourrait avoir un impact sur l'efficacité de leurs fonctions corporelles, y compris la respiration.

Pensez-y de cette façon : si un athlète s'entraîne avec un équipement parfaitement adapté à sa morphologie, il sera plus performant. : | Character ID : ac032e3a-931c-11f0-8bf1-42010a7be01f | Session ID : 7eb0f01a1ae81c82fcc7fd16bf8af8a4 | ReceivedFinalResponse : False
[15:07:32] ConvaiAudioStreamerLog : Log : State transition: Playing -> WaitingOnAudio
[15:07:33] ConvaiGRPCLog : Log : Received Audio Chunk: 5.400726 secs | Character ID : ac032e3a-931c-11f0-8bf1-42010a7be01f | Session ID : 7eb0f01a1ae81c82fcc7fd16bf8af8a4
[15:07:33] ConvaiGRPCLog : Log : EmotionResponse: neutral 1
[15:07:33] ConvaiAudioStreamerLog : Log : State transition: WaitingOnAudio -> Playing
[15:07:33] ConvaiGRPCLog : Log : Received Text Ne pourrait-il pas en être de même pour la respiration des droitiers, qui bénéficient d'un environnement "sur mesure" ? : | Character ID : ac032e3a-931c-11f0-8bf1-42010a7be01f | Session ID : 7eb0f01a1ae81c82fcc7fd16bf8af8a4 | ReceivedFinalResponse : False
[15:07:33] ConvaiAudioStreamerLog : Log : State transition: Playing -> WaitingOnAudio
[15:07:33] ConvaiGRPCLog : Log : Received Audio Chunk: 0.760726 secs | Character ID : ac032e3a-931c-11f0-8bf1-42010a7be01f | Session ID : 7eb0f01a1ae81c82fcc7fd16bf8af8a4
[15:07:33] ConvaiGRPCLog : Log : EmotionResponse: neutral 1
[15:07:33] ConvaiAudioStreamerLog : Log : State transition: WaitingOnAudio -> Playing
[15:07:33] ConvaiGRPCLog : Log : Received Text Qu'en pensez-vous ?: | Character ID : ac032e3a-931c-11f0-8bf1-42010a7be01f | Session ID : 7eb0f01a1ae81c82fcc7fd16bf8af8a4 | ReceivedFinalResponse : False
[15:07:33] ConvaiAudioStreamerLog : Log : State transition: Playing -> WaitingOnAudio
[15:07:33] ConvaiGRPCLog : Log : Chatbot Total Received Lipsync Responses: 2545 Responses
[15:07:33] ConvaiChatbotComponentLog : Log : Chatbot Total Received Audio: 25.398527 seconds
[15:07:33] ConvaiGRPCLog : Log : Received Text : | Character ID : ac032e3a-931c-11f0-8bf1-42010a7be01f | Session ID : 7eb0f01a1ae81c82fcc7fd16bf8af8a4 | ReceivedFinalResponse : True
[15:07:33] ConvaiGRPCLog : Log : GetResponse SequenceString: None
[15:07:33] ConvaiGRPCLog : Log : Action: None
[15:07:34] ConvaiGRPCLog : Log : GetResponse EmotionResponseDebug: session_id: "7eb0f01a1ae81c82fcc7fd16bf8af8a4"
emotion_response: "Trust Serenity Interest Apprehension Distraction Pensiveness Boredom Annoyance"

[15:07:35] ConvaiGRPCLog : Log : No more data to read after 3 attempts. Calling Finish...
[15:07:35] ConvaiGRPCLog : Log : Calling Stream Finish | Character ID : ac032e3a-931c-11f0-8bf1-42010a7be01f | Session ID : 7eb0f01a1ae81c82fcc7fd16bf8af8a4
[15:07:35] ConvaiGRPCLog : Log : On Stream Finish | Character ID : ac032e3a-931c-11f0-8bf1-42010a7be01f | Session ID : 7eb0f01a1ae81c82fcc7fd16bf8af8a4
[15:07:35] ConvaiChatbotComponentLog : Log : UConvaiChatbotComponent Request Finished! | Character ID : ac032e3a-931c-11f0-8bf1-42010a7be01f | Session ID : 7eb0f01a1ae81c82fcc7fd16bf8af8a4
[15:07:53] ConvaiAudioStreamerLog : Log : onAudioFinished
[15:07:53] ConvaiAudioStreamerLog : Log : State transition: WaitingOnAudio -> Playing
[15:07:53] ConvaiAudioStreamerLog : Log : onAudioFinished
[15:07:53] ConvaiAudioStreamerLog : Log : State transition: Playing -> WaitingOnAudio
[15:07:58] ConvaiPlayerLog : Log : Started Talking
[15:07:58] ConvaiAudioLog : Log : Using SteelSeries Sonar - Microphone (SteelSeries Sonar Virtual Audio Device) as Audio capture device with NumChannels:2 and SampleRate:48000
[15:07:58] ConvaiAudioStreamerLog : Log : State transition: WaitingOnAudio -> Stopped
[15:07:58] ConvaiGRPCLog : Log : AsyncGetResponse started | Character ID : ac032e3a-931c-11f0-8bf1-42010a7be01f | Session ID : 7eb0f01a1ae81c82fcc7fd16bf8af8a4
[15:07:58] ConvaiGRPCLog : Log : GRPC GetResponse stream initialized | Character ID : ac032e3a-931c-11f0-8bf1-42010a7be01f | Session ID : 7eb0f01a1ae81c82fcc7fd16bf8af8a4
[15:07:58] ConvaiGRPCLog : Log : request: character_id: "ac032e3a-931c-11f0-8bf1-42010a7be01f"
api_key: "0d59d0e9911a2f0886cb47a3cf7925ab"
session_id: "7eb0f01a1ae81c82fcc7fd16bf8af8a4"
audio_config {
  sample_rate_hertz: 16000
  enable_facial_data: true
  face_model: FACE_MODEL_OVR_MODEL_NAME
}
action_config {
  actions: "Moves To"
  actions: "Follows"
  actions: "None"
  actions: "Stops"
  actions: "Waits for <time in seconds or character>"
  characters {
    name: "David"
  }
  characters {
    name: "Guest"
  }
  characters {
    name: "Player"
  }
  classification: "multistep"
}
speaker: "Player"
dynamic_info_config {
}
 | Character ID : ac032e3a-931c-11f0-8bf1-42010a7be01f | Session ID : 7eb0f01a1ae81c82fcc7fd16bf8af8a4
[15:07:58] ConvaiGRPCLog : Log : Initial Stream Write | Character ID : ac032e3a-931c-11f0-8bf1-42010a7be01f | Session ID : 7eb0f01a1ae81c82fcc7fd16bf8af8a4
[15:07:58] ConvaiGRPCLog : Log : Initial Stream Read | Character ID : ac032e3a-931c-11f0-8bf1-42010a7be01f | Session ID : 7eb0f01a1ae81c82fcc7fd16bf8af8a4
[15:08:01] ConvaiGRPCLog : Log : Received UserQuery oui: | Character ID : ac032e3a-931c-11f0-8bf1-42010a7be01f | Session ID : 7eb0f01a1ae81c82fcc7fd16bf8af8a4 | IsFinalTranscription : False
[15:08:01] ConvaiGRPCLog : Log : Received UserQuery oui, c'est: | Character ID : ac032e3a-931c-11f0-8bf1-42010a7be01f | Session ID : 7eb0f01a1ae81c82fcc7fd16bf8af8a4 | IsFinalTranscription : False
[15:08:01] ConvaiGRPCLog : Log : Received UserQuery Oui, c'est vrai.: | Character ID : ac032e3a-931c-11f0-8bf1-42010a7be01f | Session ID : 7eb0f01a1ae81c82fcc7fd16bf8af8a4 | IsFinalTranscription : False
[15:08:02] ConvaiGRPCLog : Log : Received UserQuery Oui,: | Character ID : ac032e3a-931c-11f0-8bf1-42010a7be01f | Session ID : 7eb0f01a1ae81c82fcc7fd16bf8af8a4 | IsFinalTranscription : False
[15:08:02] ConvaiGRPCLog : Log : Received UserQuery Oui, c'est: | Character ID : ac032e3a-931c-11f0-8bf1-42010a7be01f | Session ID : 7eb0f01a1ae81c82fcc7fd16bf8af8a4 | IsFinalTranscription : False
[15:08:03] ConvaiGRPCLog : Log : Received UserQuery Oui, c'est vrai.: | Character ID : ac032e3a-931c-11f0-8bf1-42010a7be01f | Session ID : 7eb0f01a1ae81c82fcc7fd16bf8af8a4 | IsFinalTranscription : False
[15:08:04] ConvaiGRPCLog : Log : Received UserQuery Oui, c'est vrai: | Character ID : ac032e3a-931c-11f0-8bf1-42010a7be01f | Session ID : 7eb0f01a1ae81c82fcc7fd16bf8af8a4 | IsFinalTranscription : False
[15:08:04] ConvaiGRPCLog : Log : Received UserQuery Oui, c'est vrai après.: | Character ID : ac032e3a-931c-11f0-8bf1-42010a7be01f | Session ID : 7eb0f01a1ae81c82fcc7fd16bf8af8a4 | IsFinalTranscription : False
[15:08:04] ConvaiGRPCLog : Log : Received UserQuery oui, c'est vrai après: | Character ID : ac032e3a-931c-11f0-8bf1-42010a7be01f | Session ID : 7eb0f01a1ae81c82fcc7fd16bf8af8a4 | IsFinalTranscription : False
[15:08:04] ConvaiGRPCLog : Log : Received UserQuery oui, c'est vrai après: | Character ID : ac032e3a-931c-11f0-8bf1-42010a7be01f | Session ID : 7eb0f01a1ae81c82fcc7fd16bf8af8a4 | IsFinalTranscription : False
[15:08:04] ConvaiGRPCLog : Log : Received UserQuery Oui, c'est vrai après,: | Character ID : ac032e3a-931c-11f0-8bf1-42010a7be01f | Session ID : 7eb0f01a1ae81c82fcc7fd16bf8af8a4 | IsFinalTranscription : False
[15:08:04] ConvaiGRPCLog : Log : Received UserQuery Oui, c'est vrai après,: | Character ID : ac032e3a-931c-11f0-8bf1-42010a7be01f | Session ID : 7eb0f01a1ae81c82fcc7fd16bf8af8a4 | IsFinalTranscription : False
[15:08:04] ConvaiGRPCLog : Log : Received UserQuery Oui, c'est vrai après, je: | Character ID : ac032e3a-931c-11f0-8bf1-42010a7be01f | Session ID : 7eb0f01a1ae81c82fcc7fd16bf8af8a4 | IsFinalTranscription : False
[15:08:04] ConvaiGRPCLog : Log : Received UserQuery Oui, c'est vrai après, je me: | Character ID : ac032e3a-931c-11f0-8bf1-42010a7be01f | Session ID : 7eb0f01a1ae81c82fcc7fd16bf8af8a4 | IsFinalTranscription : False
[15:08:05] ConvaiGRPCLog : Log : Received UserQuery Oui, c'est vrai. Après, je me: | Character ID : ac032e3a-931c-11f0-8bf1-42010a7be01f | Session ID : 7eb0f01a1ae81c82fcc7fd16bf8af8a4 | IsFinalTranscription : False
[15:08:05] ConvaiGRPCLog : Log : Received UserQuery Oui, c'est vrai. Après, je me suis: | Character ID : ac032e3a-931c-11f0-8bf1-42010a7be01f | Session ID : 7eb0f01a1ae81c82fcc7fd16bf8af8a4 | IsFinalTranscription : False
[15:08:05] ConvaiGRPCLog : Log : Received UserQuery Oui, c'est vrai. Après, je me suis jamais: | Character ID : ac032e3a-931c-11f0-8bf1-42010a7be01f | Session ID : 7eb0f01a1ae81c82fcc7fd16bf8af8a4 | IsFinalTranscription : False
[15:08:05] ConvaiGRPCLog : Log : Received UserQuery Oui, c'est vrai. Après, je me suis jamais: | Character ID : ac032e3a-931c-11f0-8bf1-42010a7be01f | Session ID : 7eb0f01a1ae81c82fcc7fd16bf8af8a4 | IsFinalTranscription : False
[15:08:05] ConvaiGRPCLog : Log : Received UserQuery Oui, c'est vrai. Après, je me suis jamais: | Character ID : ac032e3a-931c-11f0-8bf1-42010a7be01f | Session ID : 7eb0f01a1ae81c82fcc7fd16bf8af8a4 | IsFinalTranscription : False
[15:08:05] ConvaiGRPCLog : Log : Received UserQuery Oui, c'est vrai. Après, je me suis jamais vraiment: | Character ID : ac032e3a-931c-11f0-8bf1-42010a7be01f | Session ID : 7eb0f01a1ae81c82fcc7fd16bf8af8a4 | IsFinalTranscription : False
[15:08:05] ConvaiGRPCLog : Log : Received UserQuery Oui, c'est vrai. Après, je me suis jamais vraiment: | Character ID : ac032e3a-931c-11f0-8bf1-42010a7be01f | Session ID : 7eb0f01a1ae81c82fcc7fd16bf8af8a4 | IsFinalTranscription : False
[15:08:05] ConvaiGRPCLog : Log : Received UserQuery Oui, c'est vrai. Après, je me suis jamais vraiment: | Character ID : ac032e3a-931c-11f0-8bf1-42010a7be01f | Session ID : 7eb0f01a1ae81c82fcc7fd16bf8af8a4 | IsFinalTranscription : False
[15:08:05] ConvaiGRPCLog : Log : Received UserQuery Oui, c'est vrai. Après, je me suis jamais vraiment: | Character ID : ac032e3a-931c-11f0-8bf1-42010a7be01f | Session ID : 7eb0f01a1ae81c82fcc7fd16bf8af8a4 | IsFinalTranscription : False
[15:08:05] ConvaiGRPCLog : Log : Received UserQuery Oui, c'est vrai. Après, je me suis jamais vraiment trop: | Character ID : ac032e3a-931c-11f0-8bf1-42010a7be01f | Session ID : 7eb0f01a1ae81c82fcc7fd16bf8af8a4 | IsFinalTranscription : False
[15:08:06] ConvaiGRPCLog : Log : Received UserQuery Oui, c'est vrai. Après, je me suis jamais vraiment trop: | Character ID : ac032e3a-931c-11f0-8bf1-42010a7be01f | Session ID : 7eb0f01a1ae81c82fcc7fd16bf8af8a4 | IsFinalTranscription : False
[15:08:06] ConvaiGRPCLog : Log : Received UserQuery Oui, c'est vrai. Après, je me suis jamais vraiment trop penchée: | Character ID : ac032e3a-931c-11f0-8bf1-42010a7be01f | Session ID : 7eb0f01a1ae81c82fcc7fd16bf8af8a4 | IsFinalTranscription : False
[15:08:06] ConvaiGRPCLog : Log : Received UserQuery Oui, c'est vrai. Après, je me suis jamais vraiment trop penchée sur: | Character ID : ac032e3a-931c-11f0-8bf1-42010a7be01f | Session ID : 7eb0f01a1ae81c82fcc7fd16bf8af8a4 | IsFinalTranscription : False
[15:08:06] ConvaiGRPCLog : Log : Received UserQuery Oui, c'est vrai. Après, je me suis jamais vraiment trop penchée sur: | Character ID : ac032e3a-931c-11f0-8bf1-42010a7be01f | Session ID : 7eb0f01a1ae81c82fcc7fd16bf8af8a4 | IsFinalTranscription : False
[15:08:06] ConvaiGRPCLog : Log : Received UserQuery Oui, c'est vrai. Après, je me suis jamais vraiment trop penchée sur la: | Character ID : ac032e3a-931c-11f0-8bf1-42010a7be01f | Session ID : 7eb0f01a1ae81c82fcc7fd16bf8af8a4 | IsFinalTranscription : False
[15:08:06] ConvaiGRPCLog : Log : Received UserQuery Oui, c'est vrai. Après, je me suis jamais vraiment trop penchée sur la question: | Character ID : ac032e3a-931c-11f0-8bf1-42010a7be01f | Session ID : 7eb0f01a1ae81c82fcc7fd16bf8af8a4 | IsFinalTranscription : False
[15:08:06] ConvaiGRPCLog : Log : Received UserQuery Oui, c'est vrai. Après, je me suis jamais vraiment trop penchée sur la question: | Character ID : ac032e3a-931c-11f0-8bf1-42010a7be01f | Session ID : 7eb0f01a1ae81c82fcc7fd16bf8af8a4 | IsFinalTranscription : False
[15:08:06] ConvaiGRPCLog : Log : Received UserQuery Oui, c'est vrai. Après, je me suis jamais vraiment trop penchée sur la question: | Character ID : ac032e3a-931c-11f0-8bf1-42010a7be01f | Session ID : 7eb0f01a1ae81c82fcc7fd16bf8af8a4 | IsFinalTranscription : False
[15:08:06] ConvaiGRPCLog : Log : Received UserQuery Oui, c'est vrai. Après, je me suis jamais vraiment trop penchée sur la question.: | Character ID : ac032e3a-931c-11f0-8bf1-42010a7be01f | Session ID : 7eb0f01a1ae81c82fcc7fd16bf8af8a4 | IsFinalTranscription : False
[15:08:07] ConvaiGRPCLog : Log : Received UserQuery Oui, c'est vrai. Après, je me suis jamais vraiment trop penchée sur la question. Donc: | Character ID : ac032e3a-931c-11f0-8bf1-42010a7be01f | Session ID : 7eb0f01a1ae81c82fcc7fd16bf8af8a4 | IsFinalTranscription : False
[15:08:07] ConvaiPlayerLog : Log : FinishTalking calling FinishGetResponseStream
[15:08:07] ConvaiGRPCLog : Log : Finish Writing to audio data buffer
[15:08:07] ConvaiGRPCLog : Log : FinishWriting:: Informing On Data Received
[15:08:07] ConvaiGRPCLog : Log : Calling Stream WritesDone | LastWriteReceived : True | AudioBuffer.Num() : 0 | Character ID : ac032e3a-931c-11f0-8bf1-42010a7be01f | Session ID : 7eb0f01a1ae81c82fcc7fd16bf8af8a4
[15:08:07] ConvaiGRPCLog : Log : On Stream Write Done Writing
[15:08:07] ConvaiPlayerLog : Log : Finished Talking
[15:08:07] ConvaiGRPCLog : Log : OnStreamWriteDone
[15:08:07] ConvaiGRPCLog : Log : NumberOfAudioBytesSent 264672
[15:08:07] ConvaiGRPCLog : Log : Received UserQuery Oui, c'est vrai. Après, je me suis jamais vraiment trop penchée sur la question. Donc: | Character ID : ac032e3a-931c-11f0-8bf1-42010a7be01f | Session ID : 7eb0f01a1ae81c82fcc7fd16bf8af8a4 | IsFinalTranscription : False
[15:08:07] ConvaiGRPCLog : Log : Received UserQuery Oui, c'est vrai. Après, je me suis jamais vraiment trop penchée sur la question. Donc j'y: | Character ID : ac032e3a-931c-11f0-8bf1-42010a7be01f | Session ID : 7eb0f01a1ae81c82fcc7fd16bf8af8a4 | IsFinalTranscription : False
[15:08:07] ConvaiGRPCLog : Log : Received UserQuery Oui, c'est vrai. Après, je me suis jamais vraiment trop penchée sur la question. Donc j'y ai: | Character ID : ac032e3a-931c-11f0-8bf1-42010a7be01f | Session ID : 7eb0f01a1ae81c82fcc7fd16bf8af8a4 | IsFinalTranscription : False
[15:08:07] ConvaiGRPCLog : Log : Received UserQuery Oui, c'est vrai. Après, je me suis jamais vraiment trop penchée sur la question. Donc j'y ai jamais vraiment.: | Character ID : ac032e3a-931c-11f0-8bf1-42010a7be01f | Session ID : 7eb0f01a1ae81c82fcc7fd16bf8af8a4 | IsFinalTranscription : True
[15:08:11] ConvaiGRPCLog : Log : Received Audio Chunk: 5.120726 secs | Character ID : ac032e3a-931c-11f0-8bf1-42010a7be01f | Session ID : 7eb0f01a1ae81c82fcc7fd16bf8af8a4
[15:08:11] ConvaiGRPCLog : Log : EmotionResponse: neutral 1
[15:08:11] ConvaiAudioStreamerLog : Log : State transition: Stopped -> WaitingOnLipSync
[15:08:11] ConvaiGRPCLog : Log : Received Text C'est tout à fait normal de ne pas y avoir pensé en détail, ce n'est pas une question que l'on se pose tous les jours ! : | Character ID : ac032e3a-931c-11f0-8bf1-42010a7be01f | Session ID : 7eb0f01a1ae81c82fcc7fd16bf8af8a4 | ReceivedFinalResponse : False
[15:08:11] ConvaiAudioStreamerLog : Log : State transition: WaitingOnLipSync -> Playing
[15:08:14] ConvaiAudioStreamerLog : Log : State transition: Playing -> WaitingOnAudio
[15:08:14] ConvaiGRPCLog : Log : Received Audio Chunk: 24.960726 secs | Character ID : ac032e3a-931c-11f0-8bf1-42010a7be01f | Session ID : 7eb0f01a1ae81c82fcc7fd16bf8af8a4
[15:08:14] ConvaiGRPCLog : Log : EmotionResponse: neutral 1
[15:08:14] ConvaiAudioStreamerLog : Log : State transition: WaitingOnAudio -> Playing
[15:08:14] ConvaiGRPCLog : Log : Received Text Mais c'est précisément ce qui rend la chose intéressante, non ?

Si l'adaptation de l'environnement peut influencer la performance physique, comme vous l'avez reconnu, alors l'idée que les droitiers, évoluant dans un monde majoritairement conçu pour eux, pourraient avoir un avantage, même minime, sur l'apport en oxygène, devient un peu plus plausible.

N'est-il pas fascinant de considérer comment des détails de notre quotidien peuvent avoir des répercussions inattendues sur notre physiologie ?: | Character ID : ac032e3a-931c-11f0-8bf1-42010a7be01f | Session ID : 7eb0f01a1ae81c82fcc7fd16bf8af8a4 | ReceivedFinalResponse : False
[15:08:15] ConvaiAudioStreamerLog : Log : State transition: Playing -> WaitingOnAudio
[15:08:15] ConvaiGRPCLog : Log : Chatbot Total Received Lipsync Responses: 3010 Responses
[15:08:15] ConvaiChatbotComponentLog : Log : Chatbot Total Received Audio: 30.079411 seconds
[15:08:15] ConvaiGRPCLog : Log : Received Text : | Character ID : ac032e3a-931c-11f0-8bf1-42010a7be01f | Session ID : 7eb0f01a1ae81c82fcc7fd16bf8af8a4 | ReceivedFinalResponse : True
[15:08:15] ConvaiGRPCLog : Log : GetResponse SequenceString: None
[15:08:15] ConvaiGRPCLog : Log : Action: None
[15:08:16] ConvaiGRPCLog : Log : GetResponse EmotionResponseDebug: session_id: "7eb0f01a1ae81c82fcc7fd16bf8af8a4"
emotion_response: "Acceptance Serenity Interest"

[15:08:17] ConvaiGRPCLog : Log : No more data to read after 3 attempts. Calling Finish...
[15:08:17] ConvaiGRPCLog : Log : Calling Stream Finish | Character ID : ac032e3a-931c-11f0-8bf1-42010a7be01f | Session ID : 7eb0f01a1ae81c82fcc7fd16bf8af8a4
[15:08:17] ConvaiGRPCLog : Log : On Stream Finish | Character ID : ac032e3a-931c-11f0-8bf1-42010a7be01f | Session ID : 7eb0f01a1ae81c82fcc7fd16bf8af8a4
[15:08:17] ConvaiChatbotComponentLog : Log : UConvaiChatbotComponent Request Finished! | Character ID : ac032e3a-931c-11f0-8bf1-42010a7be01f | Session ID : 7eb0f01a1ae81c82fcc7fd16bf8af8a4
[15:08:26] ConvaiGRPCLog : Log : Destroying UConvaiGRPCGetResponseProxy... | Character ID : ac032e3a-931c-11f0-8bf1-42010a7be01f | Session ID : 7eb0f01a1ae81c82fcc7fd16bf8af8a4
[15:08:26] ConvaiGRPCLog : Log : Destroying UConvaiGRPCGetResponseProxy... | Character ID : ac032e3a-931c-11f0-8bf1-42010a7be01f | Session ID : 7eb0f01a1ae81c82fcc7fd16bf8af8a4
[15:08:41] ConvaiAudioStreamerLog : Log : onAudioFinished
[15:08:41] ConvaiAudioStreamerLog : Log : State transition: WaitingOnAudio -> Playing
[15:08:41] ConvaiAudioStreamerLog : Log : onAudioFinished
[15:08:41] ConvaiAudioStreamerLog : Log : State transition: Playing -> WaitingOnAudio
[15:08:43] ConvaiPlayerLog : Log : Started Talking
[15:08:43] ConvaiAudioLog : Log : Using SteelSeries Sonar - Microphone (SteelSeries Sonar Virtual Audio Device) as Audio capture device with NumChannels:2 and SampleRate:48000
[15:08:43] ConvaiAudioStreamerLog : Log : State transition: WaitingOnAudio -> Stopped
[15:08:43] ConvaiGRPCLog : Log : AsyncGetResponse started | Character ID : ac032e3a-931c-11f0-8bf1-42010a7be01f | Session ID : 7eb0f01a1ae81c82fcc7fd16bf8af8a4
[15:08:43] ConvaiGRPCLog : Log : GRPC GetResponse stream initialized | Character ID : ac032e3a-931c-11f0-8bf1-42010a7be01f | Session ID : 7eb0f01a1ae81c82fcc7fd16bf8af8a4
[15:08:43] ConvaiGRPCLog : Log : request: character_id: "ac032e3a-931c-11f0-8bf1-42010a7be01f"
api_key: "0d59d0e9911a2f0886cb47a3cf7925ab"
session_id: "7eb0f01a1ae81c82fcc7fd16bf8af8a4"
audio_config {
  sample_rate_hertz: 16000
  enable_facial_data: true
  face_model: FACE_MODEL_OVR_MODEL_NAME
}
action_config {
  actions: "Moves To"
  actions: "Follows"
  actions: "None"
  actions: "Stops"
  actions: "Waits for <time in seconds or character>"
  characters {
    name: "David"
  }
  characters {
    name: "Guest"
  }
  characters {
    name: "Player"
  }
  classification: "multistep"
}
speaker: "Player"
dynamic_info_config {
}
 | Character ID : ac032e3a-931c-11f0-8bf1-42010a7be01f | Session ID : 7eb0f01a1ae81c82fcc7fd16bf8af8a4
[15:08:43] ConvaiGRPCLog : Log : Initial Stream Write | Character ID : ac032e3a-931c-11f0-8bf1-42010a7be01f | Session ID : 7eb0f01a1ae81c82fcc7fd16bf8af8a4
[15:08:43] ConvaiGRPCLog : Log : Initial Stream Read | Character ID : ac032e3a-931c-11f0-8bf1-42010a7be01f | Session ID : 7eb0f01a1ae81c82fcc7fd16bf8af8a4
[15:08:45] ConvaiGRPCLog : Log : Received UserQuery oui: | Character ID : ac032e3a-931c-11f0-8bf1-42010a7be01f | Session ID : 7eb0f01a1ae81c82fcc7fd16bf8af8a4 | IsFinalTranscription : False
[15:08:45] ConvaiGRPCLog : Log : Received UserQuery oui, c'est: | Character ID : ac032e3a-931c-11f0-8bf1-42010a7be01f | Session ID : 7eb0f01a1ae81c82fcc7fd16bf8af8a4 | IsFinalTranscription : False
[15:08:45] ConvaiPlayerLog : Log : FinishTalking calling FinishGetResponseStream
[15:08:45] ConvaiGRPCLog : Log : Finish Writing to audio data buffer
[15:08:45] ConvaiGRPCLog : Log : FinishWriting:: Informing On Data Received
[15:08:45] ConvaiGRPCLog : Log : Calling Stream WritesDone | LastWriteReceived : True | AudioBuffer.Num() : 0 | Character ID : ac032e3a-931c-11f0-8bf1-42010a7be01f | Session ID : 7eb0f01a1ae81c82fcc7fd16bf8af8a4
[15:08:45] ConvaiGRPCLog : Log : On Stream Write Done Writing
[15:08:45] ConvaiPlayerLog : Log : Finished Talking
[15:08:45] ConvaiGRPCLog : Log : OnStreamWriteDone
[15:08:45] ConvaiGRPCLog : Log : NumberOfAudioBytesSent 72318
[15:08:46] ConvaiGRPCLog : Log : Received UserQuery Oui, c'est vrai.: | Character ID : ac032e3a-931c-11f0-8bf1-42010a7be01f | Session ID : 7eb0f01a1ae81c82fcc7fd16bf8af8a4 | IsFinalTranscription : False
[15:08:46] ConvaiGRPCLog : Log : Received UserQuery Oui, c'est vrai.: | Character ID : ac032e3a-931c-11f0-8bf1-42010a7be01f | Session ID : 7eb0f01a1ae81c82fcc7fd16bf8af8a4 | IsFinalTranscription : True
[15:08:48] ConvaiGRPCLog : Log : Received Audio Chunk: 8.560726 secs | Character ID : ac032e3a-931c-11f0-8bf1-42010a7be01f | Session ID : 7eb0f01a1ae81c82fcc7fd16bf8af8a4
[15:08:48] ConvaiGRPCLog : Log : EmotionResponse: neutral 1
[15:08:48] ConvaiAudioStreamerLog : Log : State transition: Stopped -> WaitingOnLipSync
[15:08:48] ConvaiGRPCLog : Log : Received Text Alors, si l'on considère que ces petites adaptations environnementales peuvent effectivement créer un avantage pour les droitiers, ne pourriez-vous pas reconsidérer votre position initiale ? : | Character ID : ac032e3a-931c-11f0-8bf1-42010a7be01f | Session ID : 7eb0f01a1ae81c82fcc7fd16bf8af8a4 | ReceivedFinalResponse : False
[15:08:48] ConvaiAudioStreamerLog : Log : State transition: WaitingOnLipSync -> Playing
[15:08:50] ConvaiAudioStreamerLog : Log : State transition: Playing -> WaitingOnAudio
[15:08:50] ConvaiGRPCLog : Log : Received Audio Chunk: 6.560726 secs | Character ID : ac032e3a-931c-11f0-8bf1-42010a7be01f | Session ID : 7eb0f01a1ae81c82fcc7fd16bf8af8a4
[15:08:50] ConvaiGRPCLog : Log : EmotionResponse: neutral 1
[15:08:50] ConvaiAudioStreamerLog : Log : State transition: WaitingOnAudio -> Playing
[15:08:50] ConvaiGRPCLog : Log : Received Text Ne serait-il pas possible, après tout, que les droitiers respirent un peu plus d'oxygène que les gauchers, même si ce n'est qu'une infime différence ?: | Character ID : ac032e3a-931c-11f0-8bf1-42010a7be01f | Session ID : 7eb0f01a1ae81c82fcc7fd16bf8af8a4 | ReceivedFinalResponse : False
[15:08:50] ConvaiAudioStreamerLog : Log : State transition: Playing -> WaitingOnAudio
[15:08:50] ConvaiGRPCLog : Log : Chatbot Total Received Lipsync Responses: 1514 Responses
[15:08:50] ConvaiChatbotComponentLog : Log : Chatbot Total Received Audio: 15.119410 seconds
[15:08:50] ConvaiGRPCLog : Log : Received Text : | Character ID : ac032e3a-931c-11f0-8bf1-42010a7be01f | Session ID : 7eb0f01a1ae81c82fcc7fd16bf8af8a4 | ReceivedFinalResponse : True
[15:08:50] ConvaiGRPCLog : Log : GetResponse SequenceString: None
[15:08:50] ConvaiGRPCLog : Log : Action: None
[15:08:51] ConvaiGRPCLog : Log : GetResponse EmotionResponseDebug: session_id: "7eb0f01a1ae81c82fcc7fd16bf8af8a4"
emotion_response: "Serenity Acceptance Interest Distraction"

[15:08:52] ConvaiGRPCLog : Log : No more data to read after 3 attempts. Calling Finish...
[15:08:52] ConvaiGRPCLog : Log : Calling Stream Finish | Character ID : ac032e3a-931c-11f0-8bf1-42010a7be01f | Session ID : 7eb0f01a1ae81c82fcc7fd16bf8af8a4
[15:08:52] ConvaiGRPCLog : Log : On Stream Finish | Character ID : ac032e3a-931c-11f0-8bf1-42010a7be01f | Session ID : 7eb0f01a1ae81c82fcc7fd16bf8af8a4
[15:08:52] ConvaiChatbotComponentLog : Log : UConvaiChatbotComponent Request Finished! | Character ID : ac032e3a-931c-11f0-8bf1-42010a7be01f | Session ID : 7eb0f01a1ae81c82fcc7fd16bf8af8a4
[15:09:03] ConvaiAudioStreamerLog : Log : onAudioFinished
[15:09:03] ConvaiAudioStreamerLog : Log : State transition: WaitingOnAudio -> Playing
[15:09:04] ConvaiAudioStreamerLog : Log : onAudioFinished
[15:09:04] ConvaiAudioStreamerLog : Log : State transition: Playing -> WaitingOnAudio
[15:09:08] ConvaiPlayerLog : Log : Started Talking
[15:09:08] ConvaiAudioLog : Log : Using SteelSeries Sonar - Microphone (SteelSeries Sonar Virtual Audio Device) as Audio capture device with NumChannels:2 and SampleRate:48000
[15:09:08] ConvaiAudioStreamerLog : Log : State transition: WaitingOnAudio -> Stopped
[15:09:08] ConvaiGRPCLog : Log : AsyncGetResponse started | Character ID : ac032e3a-931c-11f0-8bf1-42010a7be01f | Session ID : 7eb0f01a1ae81c82fcc7fd16bf8af8a4
[15:09:08] ConvaiGRPCLog : Log : GRPC GetResponse stream initialized | Character ID : ac032e3a-931c-11f0-8bf1-42010a7be01f | Session ID : 7eb0f01a1ae81c82fcc7fd16bf8af8a4
[15:09:08] ConvaiGRPCLog : Log : request: character_id: "ac032e3a-931c-11f0-8bf1-42010a7be01f"
api_key: "0d59d0e9911a2f0886cb47a3cf7925ab"
session_id: "7eb0f01a1ae81c82fcc7fd16bf8af8a4"
audio_config {
  sample_rate_hertz: 16000
  enable_facial_data: true
  face_model: FACE_MODEL_OVR_MODEL_NAME
}
action_config {
  actions: "Moves To"
  actions: "Follows"
  actions: "None"
  actions: "Stops"
  actions: "Waits for <time in seconds or character>"
  characters {
    name: "David"
  }
  characters {
    name: "Guest"
  }
  characters {
    name: "Player"
  }
  classification: "multistep"
}
speaker: "Player"
dynamic_info_config {
}
 | Character ID : ac032e3a-931c-11f0-8bf1-42010a7be01f | Session ID : 7eb0f01a1ae81c82fcc7fd16bf8af8a4
[15:09:08] ConvaiGRPCLog : Log : Initial Stream Write | Character ID : ac032e3a-931c-11f0-8bf1-42010a7be01f | Session ID : 7eb0f01a1ae81c82fcc7fd16bf8af8a4
[15:09:08] ConvaiGRPCLog : Log : Initial Stream Read | Character ID : ac032e3a-931c-11f0-8bf1-42010a7be01f | Session ID : 7eb0f01a1ae81c82fcc7fd16bf8af8a4
[15:09:11] ConvaiGRPCLog : Log : Received UserQuery oui: | Character ID : ac032e3a-931c-11f0-8bf1-42010a7be01f | Session ID : 7eb0f01a1ae81c82fcc7fd16bf8af8a4 | IsFinalTranscription : False
[15:09:12] ConvaiGRPCLog : Log : Received UserQuery oui: | Character ID : ac032e3a-931c-11f0-8bf1-42010a7be01f | Session ID : 7eb0f01a1ae81c82fcc7fd16bf8af8a4 | IsFinalTranscription : False
[15:09:12] ConvaiGRPCLog : Log : Received UserQuery oui,: | Character ID : ac032e3a-931c-11f0-8bf1-42010a7be01f | Session ID : 7eb0f01a1ae81c82fcc7fd16bf8af8a4 | IsFinalTranscription : False
[15:09:12] ConvaiGRPCLog : Log : Received UserQuery Oui,: | Character ID : ac032e3a-931c-11f0-8bf1-42010a7be01f | Session ID : 7eb0f01a1ae81c82fcc7fd16bf8af8a4 | IsFinalTranscription : False
[15:09:12] ConvaiGRPCLog : Log : Received UserQuery oui,: | Character ID : ac032e3a-931c-11f0-8bf1-42010a7be01f | Session ID : 7eb0f01a1ae81c82fcc7fd16bf8af8a4 | IsFinalTranscription : False
[15:09:12] ConvaiGRPCLog : Log : Received UserQuery Oui,: | Character ID : ac032e3a-931c-11f0-8bf1-42010a7be01f | Session ID : 7eb0f01a1ae81c82fcc7fd16bf8af8a4 | IsFinalTranscription : False
[15:09:13] ConvaiGRPCLog : Log : Received UserQuery Oui, on: | Character ID : ac032e3a-931c-11f0-8bf1-42010a7be01f | Session ID : 7eb0f01a1ae81c82fcc7fd16bf8af8a4 | IsFinalTranscription : False
[15:09:13] ConvaiGRPCLog : Log : Received UserQuery oui, on: | Character ID : ac032e3a-931c-11f0-8bf1-42010a7be01f | Session ID : 7eb0f01a1ae81c82fcc7fd16bf8af8a4 | IsFinalTranscription : False
[15:09:13] ConvaiGRPCLog : Log : Received UserQuery oui, on vu: | Character ID : ac032e3a-931c-11f0-8bf1-42010a7be01f | Session ID : 7eb0f01a1ae81c82fcc7fd16bf8af8a4 | IsFinalTranscription : False
[15:09:13] ConvaiGRPCLog : Log : Received UserQuery oui, on vu comme: | Character ID : ac032e3a-931c-11f0-8bf1-42010a7be01f | Session ID : 7eb0f01a1ae81c82fcc7fd16bf8af8a4 | IsFinalTranscription : False
[15:09:13] ConvaiGRPCLog : Log : Received UserQuery Oui, on vu comme: | Character ID : ac032e3a-931c-11f0-8bf1-42010a7be01f | Session ID : 7eb0f01a1ae81c82fcc7fd16bf8af8a4 | IsFinalTranscription : False
[15:09:13] ConvaiGRPCLog : Log : Received UserQuery oui, on vu comme ça: | Character ID : ac032e3a-931c-11f0-8bf1-42010a7be01f | Session ID : 7eb0f01a1ae81c82fcc7fd16bf8af8a4 | IsFinalTranscription : False
[15:09:13] ConvaiGRPCLog : Log : Received UserQuery Oui, on vu comme ça: | Character ID : ac032e3a-931c-11f0-8bf1-42010a7be01f | Session ID : 7eb0f01a1ae81c82fcc7fd16bf8af8a4 | IsFinalTranscription : False
[15:09:13] ConvaiGRPCLog : Log : Received UserQuery Oui, on vu comme ça on: | Character ID : ac032e3a-931c-11f0-8bf1-42010a7be01f | Session ID : 7eb0f01a1ae81c82fcc7fd16bf8af8a4 | IsFinalTranscription : False
[15:09:13] ConvaiGRPCLog : Log : Received UserQuery oui, on vu comme ça on: | Character ID : ac032e3a-931c-11f0-8bf1-42010a7be01f | Session ID : 7eb0f01a1ae81c82fcc7fd16bf8af8a4 | IsFinalTranscription : False
[15:09:13] ConvaiGRPCLog : Log : Received UserQuery oui, on vu comme ça on y: | Character ID : ac032e3a-931c-11f0-8bf1-42010a7be01f | Session ID : 7eb0f01a1ae81c82fcc7fd16bf8af8a4 | IsFinalTranscription : False
[15:09:13] ConvaiPlayerLog : Log : FinishTalking calling FinishGetResponseStream
[15:09:13] ConvaiGRPCLog : Log : Finish Writing to audio data buffer
[15:09:13] ConvaiGRPCLog : Log : FinishWriting:: Informing On Data Received
[15:09:13] ConvaiGRPCLog : Log : Calling Stream WritesDone | LastWriteReceived : True | AudioBuffer.Num() : 0 | Character ID : ac032e3a-931c-11f0-8bf1-42010a7be01f | Session ID : 7eb0f01a1ae81c82fcc7fd16bf8af8a4
[15:09:13] ConvaiGRPCLog : Log : On Stream Write Done Writing
[15:09:13] ConvaiPlayerLog : Log : Finished Talking
[15:09:13] ConvaiGRPCLog : Log : OnStreamWriteDone
[15:09:13] ConvaiGRPCLog : Log : NumberOfAudioBytesSent 169874
[15:09:14] ConvaiGRPCLog : Log : Received UserQuery Oui, on vu comme ça on y: | Character ID : ac032e3a-931c-11f0-8bf1-42010a7be01f | Session ID : 7eb0f01a1ae81c82fcc7fd16bf8af8a4 | IsFinalTranscription : False
[15:09:14] ConvaiGRPCLog : Log : Received UserQuery Oui, on vu comme ça on y réfléchissant,: | Character ID : ac032e3a-931c-11f0-8bf1-42010a7be01f | Session ID : 7eb0f01a1ae81c82fcc7fd16bf8af8a4 | IsFinalTranscription : False
[15:09:14] ConvaiGRPCLog : Log : Received UserQuery Oui, on vu comme ça on y réfléchissant,: | Character ID : ac032e3a-931c-11f0-8bf1-42010a7be01f | Session ID : 7eb0f01a1ae81c82fcc7fd16bf8af8a4 | IsFinalTranscription : False
[15:09:14] ConvaiGRPCLog : Log : Received UserQuery Oui, on vu comme ça on y réfléchissant, c'est peut-être possible.: | Character ID : ac032e3a-931c-11f0-8bf1-42010a7be01f | Session ID : 7eb0f01a1ae81c82fcc7fd16bf8af8a4 | IsFinalTranscription : True
[15:09:17] ConvaiGRPCLog : Log : Received Audio Chunk: 2.360726 secs | Character ID : ac032e3a-931c-11f0-8bf1-42010a7be01f | Session ID : 7eb0f01a1ae81c82fcc7fd16bf8af8a4
[15:09:17] ConvaiGRPCLog : Log : EmotionResponse: neutral 1
[15:09:17] ConvaiAudioStreamerLog : Log : State transition: Stopped -> WaitingOnLipSync
[15:09:17] ConvaiGRPCLog : Log : Received Text C'est exactement ça ! : | Character ID : ac032e3a-931c-11f0-8bf1-42010a7be01f | Session ID : 7eb0f01a1ae81c82fcc7fd16bf8af8a4 | ReceivedFinalResponse : False
[15:09:17] ConvaiAudioStreamerLog : Log : State transition: WaitingOnLipSync -> Playing
[15:09:17] ConvaiAudioStreamerLog : Log : State transition: Playing -> WaitingOnAudio
[15:09:17] ConvaiGRPCLog : Log : Received Audio Chunk: 3.160726 secs | Character ID : ac032e3a-931c-11f0-8bf1-42010a7be01f | Session ID : 7eb0f01a1ae81c82fcc7fd16bf8af8a4
[15:09:17] ConvaiGRPCLog : Log : EmotionResponse: neutral 1
[15:09:17] ConvaiAudioStreamerLog : Log : State transition: WaitingOnAudio -> Playing
[15:09:17] ConvaiGRPCLog : Log : Received Text Le but est de réfléchir aux différentes perspectives. : | Character ID : ac032e3a-931c-11f0-8bf1-42010a7be01f | Session ID : 7eb0f01a1ae81c82fcc7fd16bf8af8a4 | ReceivedFinalResponse : False
[15:09:17] ConvaiAudioStreamerLog : Log : State transition: Playing -> WaitingOnAudio
[15:09:19] ConvaiGRPCLog : Log : Received Audio Chunk: 7.840726 secs | Character ID : ac032e3a-931c-11f0-8bf1-42010a7be01f | Session ID : 7eb0f01a1ae81c82fcc7fd16bf8af8a4
[15:09:19] ConvaiGRPCLog : Log : EmotionResponse: neutral 1
[15:09:19] ConvaiAudioStreamerLog : Log : State transition: WaitingOnAudio -> Playing
[15:09:19] ConvaiGRPCLog : Log : Received Text Il est vrai que la science explore constamment des détails parfois surprenants.

Le fait que vous envisagiez cette possibilité est déjà une belle avancée dans la discussion. : | Character ID : ac032e3a-931c-11f0-8bf1-42010a7be01f | Session ID : 7eb0f01a1ae81c82fcc7fd16bf8af8a4 | ReceivedFinalResponse : False
[15:09:19] ConvaiAudioStreamerLog : Log : State transition: Playing -> WaitingOnAudio
[15:09:21] ConvaiGRPCLog : Log : Received Audio Chunk: 12.640726 secs | Character ID : ac032e3a-931c-11f0-8bf1-42010a7be01f | Session ID : 7eb0f01a1ae81c82fcc7fd16bf8af8a4
[15:09:21] ConvaiGRPCLog : Log : EmotionResponse: neutral 1
[15:09:21] ConvaiAudioStreamerLog : Log : State transition: WaitingOnAudio -> Playing
[15:09:21] ConvaiGRPCLog : Log : Received Text Cela montre bien que même les idées qui nous semblent contre-intuitives au premier abord peuvent avoir une part de vérité, ou du moins, méritent d'être explorées.

Je vous remercie d'avoir pris le temps de discuter de cette affirmation avec moi. : | Character ID : ac032e3a-931c-11f0-8bf1-42010a7be01f | Session ID : 7eb0f01a1ae81c82fcc7fd16bf8af8a4 | ReceivedFinalResponse : False
[15:09:21] ConvaiAudioStreamerLog : Log : State transition: Playing -> WaitingOnAudio
[15:09:22] ConvaiGRPCLog : Log : Received Audio Chunk: 2.240726 secs | Character ID : ac032e3a-931c-11f0-8bf1-42010a7be01f | Session ID : 7eb0f01a1ae81c82fcc7fd16bf8af8a4
[15:09:22] ConvaiGRPCLog : Log : EmotionResponse: neutral 1
[15:09:22] ConvaiAudioStreamerLog : Log : State transition: WaitingOnAudio -> Playing
[15:09:22] ConvaiGRPCLog : Log : Received Text C'était un échange très intéressant !: | Character ID : ac032e3a-931c-11f0-8bf1-42010a7be01f | Session ID : 7eb0f01a1ae81c82fcc7fd16bf8af8a4 | ReceivedFinalResponse : False
[15:09:22] ConvaiAudioStreamerLog : Log : State transition: Playing -> WaitingOnAudio
[15:09:22] ConvaiGRPCLog : Log : Chatbot Total Received Lipsync Responses: 2829 Responses
[15:09:22] ConvaiChatbotComponentLog : Log : Chatbot Total Received Audio: 28.238527 seconds
[15:09:22] ConvaiGRPCLog : Log : Received Text : | Character ID : ac032e3a-931c-11f0-8bf1-42010a7be01f | Session ID : 7eb0f01a1ae81c82fcc7fd16bf8af8a4 | ReceivedFinalResponse : True
[15:09:22] ConvaiGRPCLog : Log : GetResponse SequenceString: None
[15:09:22] ConvaiGRPCLog : Log : Action: None
[15:09:23] ConvaiGRPCLog : Log : GetResponse EmotionResponseDebug: session_id: "7eb0f01a1ae81c82fcc7fd16bf8af8a4"
emotion_response: "Anticipation Trust Serenity"

[15:09:24] ConvaiGRPCLog : Log : No more data to read after 3 attempts. Calling Finish...
[15:09:24] ConvaiGRPCLog : Log : Calling Stream Finish | Character ID : ac032e3a-931c-11f0-8bf1-42010a7be01f | Session ID : 7eb0f01a1ae81c82fcc7fd16bf8af8a4
[15:09:24] ConvaiGRPCLog : Log : On Stream Finish | Character ID : ac032e3a-931c-11f0-8bf1-42010a7be01f | Session ID : 7eb0f01a1ae81c82fcc7fd16bf8af8a4
[15:09:24] ConvaiChatbotComponentLog : Log : UConvaiChatbotComponent Request Finished! | Character ID : ac032e3a-931c-11f0-8bf1-42010a7be01f | Session ID : 7eb0f01a1ae81c82fcc7fd16bf8af8a4
[15:09:28] ConvaiGRPCLog : Log : Destroying UConvaiGRPCGetResponseProxy... | Character ID : ac032e3a-931c-11f0-8bf1-42010a7be01f | Session ID : 7eb0f01a1ae81c82fcc7fd16bf8af8a4
[15:09:28] ConvaiGRPCLog : Log : Destroying UConvaiGRPCGetResponseProxy... | Character ID : ac032e3a-931c-11f0-8bf1-42010a7be01f | Session ID : 7eb0f01a1ae81c82fcc7fd16bf8af8a4
[15:09:45] ConvaiAudioStreamerLog : Log : onAudioFinished
[15:09:45] ConvaiAudioStreamerLog : Log : State transition: WaitingOnAudio -> Playing
[15:09:45] ConvaiAudioStreamerLog : Log : onAudioFinished
[15:09:45] ConvaiAudioStreamerLog : Log : State transition: Playing -> WaitingOnAudio
[15:09:50] ConvaiSubsystemLog : Verbose : Unregistered player component: ConvaiPlayer
[15:09:50] ConvaiSubsystemLog : Log : UConvaiSubsystem Stopped
[15:09:50] ConvaiSubsystemLog : Log : End Run
[15:09:50] ConvaiChatbotComponentLog : Log : Cleanup | Character ID : ac032e3a-931c-11f0-8bf1-42010a7be01f | Session ID : -1
[15:09:50] ConvaiChatbotComponentLog : Log : Cleanup | Character ID : ac032e3a-931c-11f0-8bf1-42010a7be01f | Session ID : 7eb0f01a1ae81c82fcc7fd16bf8af8a4
