[16:22:14] ConvaiChatbotComponentLog : Log : Cleanup | Character ID : ac032e3a-931c-11f0-8bf1-42010a7be01f | Session ID : -1
[16:22:14] ConvaiChatbotComponentLog : Log : Cleanup | Character ID : ac032e3a-931c-11f0-8bf1-42010a7be01f | Session ID : -1
[16:22:14] ConvaiChatbotComponentLog : Log : Cleanup | Character ID : ac032e3a-931c-11f0-8bf1-42010a7be01f | Session ID : -1
[16:22:16] ConvaiChatbotComponentLog : Log : Cleanup | Character ID : ac032e3a-931c-11f0-8bf1-42010a7be01f | Session ID : -1
[16:23:48] ConvaiChatbotComponentLog : Log : Cleanup | Character ID : ac032e3a-931c-11f0-8bf1-42010a7be01f | Session ID : -1
[16:23:48] ConvaiChatbotComponentLog : Log : Cleanup | Character ID : ac032e3a-931c-11f0-8bf1-42010a7be01f | Session ID : -1
[16:23:48] ConvaiChatbotComponentLog : Log : Cleanup | Character ID : ac032e3a-931c-11f0-8bf1-42010a7be01f | Session ID : -1
[16:23:48] ConvaiSubsystemLog : Log : gRPC Creating Channel...
[16:23:48] ConvaiSubsystemLog : Log : Start Run
[16:23:48] ConvaiSubsystemLog : Log : UConvaiSubsystem Started
[16:23:50] ConvaiSubsystemLog : Log : UConvaiSubsystem Stopped
[16:23:50] ConvaiSubsystemLog : Log : End Run
[16:23:50] ConvaiChatbotComponentLog : Log : Cleanup | Character ID : ac032e3a-931c-11f0-8bf1-42010a7be01f | Session ID : -1
[16:23:50] ConvaiChatbotComponentLog : Log : Cleanup | Character ID : ac032e3a-931c-11f0-8bf1-42010a7be01f | Session ID : -1
[16:23:50] ConvaiChatbotComponentLog : Log : Cleanup | Character ID : ac032e3a-931c-11f0-8bf1-42010a7be01f | Session ID : -1
[16:23:50] ConvaiChatbotComponentLog : Log : Cleanup | Character ID : ac032e3a-931c-11f0-8bf1-42010a7be01f | Session ID : -1
[16:23:50] ConvaiChatbotComponentLog : Log : Cleanup | Character ID : ac032e3a-931c-11f0-8bf1-42010a7be01f | Session ID : -1
[16:23:50] ConvaiChatbotComponentLog : Log : Cleanup | Character ID : ac032e3a-931c-11f0-8bf1-42010a7be01f | Session ID : -1
[16:23:50] ConvaiChatbotComponentLog : Log : Cleanup | Character ID : ac032e3a-931c-11f0-8bf1-42010a7be01f | Session ID : -1
[16:24:33] ConvaiSubsystemLog : Log : gRPC Creating Channel...
[16:24:33] ConvaiSubsystemLog : Log : Start Run
[16:24:33] ConvaiSubsystemLog : Log : UConvaiSubsystem Started
[16:24:36] ConvaiSubsystemLog : Log : UConvaiSubsystem Stopped
[16:24:36] ConvaiSubsystemLog : Log : End Run
[16:24:36] ConvaiChatbotComponentLog : Log : Cleanup | Character ID : ac032e3a-931c-11f0-8bf1-42010a7be01f | Session ID : -1
[16:24:43] ConvaiSubsystemLog : Log : gRPC Creating Channel...
[16:24:43] ConvaiSubsystemLog : Log : Start Run
[16:24:43] ConvaiSubsystemLog : Log : UConvaiSubsystem Started
[16:25:04] ConvaiSubsystemLog : Log : UConvaiSubsystem Stopped
[16:25:04] ConvaiSubsystemLog : Log : End Run
[16:25:04] ConvaiChatbotComponentLog : Log : Cleanup | Character ID : ac032e3a-931c-11f0-8bf1-42010a7be01f | Session ID : -1
[16:25:10] ConvaiSubsystemLog : Log : gRPC Creating Channel...
[16:25:10] ConvaiSubsystemLog : Log : Start Run
[16:25:10] ConvaiSubsystemLog : Log : UConvaiSubsystem Started
[16:25:22] ConvaiSubsystemLog : Log : UConvaiSubsystem Stopped
[16:25:22] ConvaiSubsystemLog : Log : End Run
[16:25:22] ConvaiChatbotComponentLog : Log : Cleanup | Character ID : ac032e3a-931c-11f0-8bf1-42010a7be01f | Session ID : -1
[16:25:32] ConvaiChatbotComponentLog : Log : Cleanup | Character ID : ac032e3a-931c-11f0-8bf1-42010a7be01f | Session ID : -1
[16:25:32] ConvaiChatbotComponentLog : Log : Cleanup | Character ID : ac032e3a-931c-11f0-8bf1-42010a7be01f | Session ID : -1
[16:25:32] ConvaiChatbotComponentLog : Log : Cleanup | Character ID : ac032e3a-931c-11f0-8bf1-42010a7be01f | Session ID : -1
[16:25:32] ConvaiChatbotComponentLog : Log : Cleanup | Character ID : ac032e3a-931c-11f0-8bf1-42010a7be01f | Session ID : -1
[16:25:37] ConvaiSubsystemLog : Log : gRPC Creating Channel...
[16:25:37] ConvaiSubsystemLog : Log : Start Run
[16:25:37] ConvaiSubsystemLog : Log : UConvaiSubsystem Started
[16:25:37] ConvaiPlayerLog : Log : UConvaiPlayerComponent: Found submix "AudioInput"
[16:25:37] ConvaiSubsystemLog : Verbose : Registered player component: ConvaiPlayer
[16:25:40] ConvaiSubsystemLog : Verbose : Unregistered player component: ConvaiPlayer
[16:25:40] ConvaiSubsystemLog : Log : UConvaiSubsystem Stopped
[16:25:40] ConvaiSubsystemLog : Log : End Run
[16:25:40] ConvaiChatbotComponentLog : Log : Cleanup | Character ID : ac032e3a-931c-11f0-8bf1-42010a7be01f | Session ID : -1
[16:26:03] ConvaiChatbotComponentLog : Log : Cleanup | Character ID : ac032e3a-931c-11f0-8bf1-42010a7be01f | Session ID : -1
[16:26:03] ConvaiChatbotComponentLog : Log : Cleanup | Character ID : ac032e3a-931c-11f0-8bf1-42010a7be01f | Session ID : -1
[16:26:03] ConvaiChatbotComponentLog : Log : Cleanup | Character ID : ac032e3a-931c-11f0-8bf1-42010a7be01f | Session ID : -1
[16:26:03] ConvaiChatbotComponentLog : Log : Cleanup | Character ID : ac032e3a-931c-11f0-8bf1-42010a7be01f | Session ID : -1
[16:26:33] ConvaiSubsystemLog : Log : gRPC Creating Channel...
[16:26:33] ConvaiSubsystemLog : Log : UConvaiSubsystem Started
[16:26:33] ConvaiSubsystemLog : Log : Start Run
[16:26:35] ConvaiSubsystemLog : Log : UConvaiSubsystem Stopped
[16:26:35] ConvaiSubsystemLog : Log : End Run
[16:26:35] ConvaiChatbotComponentLog : Log : Cleanup | Character ID : ac032e3a-931c-11f0-8bf1-42010a7be01f | Session ID : -1
[16:27:47] ConvaiChatbotComponentLog : Log : Cleanup | Character ID : ac032e3a-931c-11f0-8bf1-42010a7be01f | Session ID : -1
[16:27:47] ConvaiChatbotComponentLog : Log : Cleanup | Character ID : ac032e3a-931c-11f0-8bf1-42010a7be01f | Session ID : -1
[16:27:47] ConvaiSubsystemLog : Log : gRPC Creating Channel...
[16:27:47] ConvaiSubsystemLog : Log : Start Run
[16:27:47] ConvaiSubsystemLog : Log : UConvaiSubsystem Started
[16:28:04] ConvaiSubsystemLog : Log : UConvaiSubsystem Stopped
[16:28:04] ConvaiSubsystemLog : Log : End Run
[16:28:04] ConvaiChatbotComponentLog : Log : Cleanup | Character ID : ac032e3a-931c-11f0-8bf1-42010a7be01f | Session ID : -1
[16:28:04] ConvaiChatbotComponentLog : Log : Cleanup | Character ID : ac032e3a-931c-11f0-8bf1-42010a7be01f | Session ID : -1
[16:28:26] ConvaiChatbotComponentLog : Log : Cleanup | Character ID : ac032e3a-931c-11f0-8bf1-42010a7be01f | Session ID : -1
[16:28:26] ConvaiChatbotComponentLog : Log : Cleanup | Character ID : ac032e3a-931c-11f0-8bf1-42010a7be01f | Session ID : -1
[16:28:26] ConvaiChatbotComponentLog : Log : Cleanup | Character ID : ac032e3a-931c-11f0-8bf1-42010a7be01f | Session ID : -1
[16:28:31] ConvaiSubsystemLog : Log : gRPC Creating Channel...
[16:28:31] ConvaiSubsystemLog : Log : Start Run
[16:28:31] ConvaiSubsystemLog : Log : UConvaiSubsystem Started
[16:28:36] ConvaiSubsystemLog : Log : UConvaiSubsystem Stopped
[16:28:36] ConvaiSubsystemLog : Log : End Run
[16:28:36] ConvaiChatbotComponentLog : Log : Cleanup | Character ID : ac032e3a-931c-11f0-8bf1-42010a7be01f | Session ID : -1
[16:28:58] ConvaiChatbotComponentLog : Log : Cleanup | Character ID : ac032e3a-931c-11f0-8bf1-42010a7be01f | Session ID : -1
[16:29:55] ConvaiChatbotComponentLog : Log : Cleanup | Character ID : ac032e3a-931c-11f0-8bf1-42010a7be01f | Session ID : -1
[16:29:55] ConvaiChatbotComponentLog : Log : Cleanup | Character ID : ac032e3a-931c-11f0-8bf1-42010a7be01f | Session ID : -1
[16:29:55] ConvaiChatbotComponentLog : Log : Cleanup | Character ID : ac032e3a-931c-11f0-8bf1-42010a7be01f | Session ID : -1
[16:31:07] ConvaiChatbotComponentLog : Log : Cleanup | Character ID : ac032e3a-931c-11f0-8bf1-42010a7be01f | Session ID : -1
[16:31:07] ConvaiChatbotComponentLog : Log : Cleanup | Character ID : ac032e3a-931c-11f0-8bf1-42010a7be01f | Session ID : -1
[16:31:08] ConvaiChatbotComponentLog : Log : Cleanup | Character ID : ac032e3a-931c-11f0-8bf1-42010a7be01f | Session ID : -1
[16:31:08] ConvaiChatbotComponentLog : Log : Cleanup | Character ID : ac032e3a-931c-11f0-8bf1-42010a7be01f | Session ID : -1
[16:31:08] ConvaiChatbotComponentLog : Log : Cleanup | Character ID : ac032e3a-931c-11f0-8bf1-42010a7be01f | Session ID : -1
[16:31:09] ConvaiChatbotComponentLog : Log : Cleanup | Character ID : ac032e3a-931c-11f0-8bf1-42010a7be01f | Session ID : -1
[16:31:28] ConvaiChatbotComponentLog : Log : Cleanup | Character ID : ac032e3a-931c-11f0-8bf1-42010a7be01f | Session ID : -1
[16:31:28] ConvaiChatbotComponentLog : Log : Cleanup | Character ID : ac032e3a-931c-11f0-8bf1-42010a7be01f | Session ID : -1
[16:31:28] ConvaiChatbotComponentLog : Log : Cleanup | Character ID : ac032e3a-931c-11f0-8bf1-42010a7be01f | Session ID : -1
[16:31:28] ConvaiChatbotComponentLog : Log : Cleanup | Character ID : ac032e3a-931c-11f0-8bf1-42010a7be01f | Session ID : -1
[16:31:52] ConvaiPlayerLog : Log : UConvaiPlayerComponent: Found submix "AudioInput"
[16:32:50] ConvaiChatbotComponentLog : Log : Cleanup | Character ID : ac032e3a-931c-11f0-8bf1-42010a7be01f | Session ID : -1
[16:32:50] ConvaiChatbotComponentLog : Log : Cleanup | Character ID : ac032e3a-931c-11f0-8bf1-42010a7be01f | Session ID : -1
[16:32:50] ConvaiChatbotComponentLog : Log : Cleanup | Character ID : ac032e3a-931c-11f0-8bf1-42010a7be01f | Session ID : -1
[16:32:50] ConvaiChatbotComponentLog : Log : Cleanup | Character ID : ac032e3a-931c-11f0-8bf1-42010a7be01f | Session ID : -1
[16:32:50] ConvaiChatbotComponentLog : Log : Cleanup | Character ID : ac032e3a-931c-11f0-8bf1-42010a7be01f | Session ID : -1
[16:32:51] ConvaiChatbotComponentLog : Log : Cleanup | Character ID : ac032e3a-931c-11f0-8bf1-42010a7be01f | Session ID : -1
[16:32:51] ConvaiChatbotComponentLog : Log : Cleanup | Character ID : ac032e3a-931c-11f0-8bf1-42010a7be01f | Session ID : -1
[16:32:51] ConvaiChatbotComponentLog : Log : Cleanup | Character ID : ac032e3a-931c-11f0-8bf1-42010a7be01f | Session ID : -1
[16:32:51] ConvaiChatbotComponentLog : Log : Cleanup | Character ID : ac032e3a-931c-11f0-8bf1-42010a7be01f | Session ID : -1
[16:32:52] ConvaiChatbotComponentLog : Log : Cleanup | Character ID : ac032e3a-931c-11f0-8bf1-42010a7be01f | Session ID : -1
[16:32:59] ConvaiChatbotComponentLog : Log : Cleanup | Character ID : ac032e3a-931c-11f0-8bf1-42010a7be01f | Session ID : -1
[16:33:13] ConvaiChatbotComponentLog : Log : Cleanup | Character ID : ac032e3a-931c-11f0-8bf1-42010a7be01f | Session ID : -1
[16:33:22] ConvaiChatbotComponentLog : Log : Cleanup | Character ID : ac032e3a-931c-11f0-8bf1-42010a7be01f | Session ID : -1
[16:33:22] ConvaiChatbotComponentLog : Log : Cleanup | Character ID : ac032e3a-931c-11f0-8bf1-42010a7be01f | Session ID : -1
[16:33:22] ConvaiChatbotComponentLog : Log : Cleanup | Character ID : ac032e3a-931c-11f0-8bf1-42010a7be01f | Session ID : -1
[16:33:22] ConvaiSubsystemLog : Log : gRPC Creating Channel...
[16:33:22] ConvaiSubsystemLog : Log : Start Run
[16:33:22] ConvaiSubsystemLog : Log : UConvaiSubsystem Started
[16:33:22] ConvaiPlayerLog : Log : UConvaiPlayerComponent: Found submix "AudioInput"
[16:33:22] ConvaiSubsystemLog : Verbose : Registered player component: ConvaiPlayer
[16:33:27] ConvaiSubsystemLog : Verbose : Unregistered player component: ConvaiPlayer
[16:33:27] ConvaiSubsystemLog : Log : UConvaiSubsystem Stopped
[16:33:27] ConvaiSubsystemLog : Log : End Run
[16:33:28] ConvaiChatbotComponentLog : Log : Cleanup | Character ID : ac032e3a-931c-11f0-8bf1-42010a7be01f | Session ID : -1
[16:33:38] ConvaiChatbotComponentLog : Log : Cleanup | Character ID : ac032e3a-931c-11f0-8bf1-42010a7be01f | Session ID : -1
[16:33:38] ConvaiChatbotComponentLog : Log : Cleanup | Character ID : ac032e3a-931c-11f0-8bf1-42010a7be01f | Session ID : -1
[16:33:38] ConvaiChatbotComponentLog : Log : Cleanup | Character ID : ac032e3a-931c-11f0-8bf1-42010a7be01f | Session ID : -1
[16:33:38] ConvaiChatbotComponentLog : Log : Cleanup | Character ID : ac032e3a-931c-11f0-8bf1-42010a7be01f | Session ID : -1
[16:34:16] ConvaiChatbotComponentLog : Log : Cleanup | Character ID : ac032e3a-931c-11f0-8bf1-42010a7be01f | Session ID : -1
[16:34:16] ConvaiChatbotComponentLog : Log : Cleanup | Character ID : ac032e3a-931c-11f0-8bf1-42010a7be01f | Session ID : -1
[16:34:16] ConvaiChatbotComponentLog : Log : Cleanup | Character ID : ac032e3a-931c-11f0-8bf1-42010a7be01f | Session ID : -1
[16:34:16] ConvaiChatbotComponentLog : Log : Cleanup | Character ID : ac032e3a-931c-11f0-8bf1-42010a7be01f | Session ID : -1
[16:34:21] ConvaiChatbotComponentLog : Log : Cleanup | Character ID : ac032e3a-931c-11f0-8bf1-42010a7be01f | Session ID : -1
[16:34:30] ConvaiChatbotComponentLog : Log : Cleanup | Character ID : ac032e3a-931c-11f0-8bf1-42010a7be01f | Session ID : -1
[16:34:30] ConvaiChatbotComponentLog : Log : Cleanup | Character ID : ac032e3a-931c-11f0-8bf1-42010a7be01f | Session ID : -1
[16:34:30] ConvaiChatbotComponentLog : Log : Cleanup | Character ID : ac032e3a-931c-11f0-8bf1-42010a7be01f | Session ID : -1
[16:34:30] ConvaiSubsystemLog : Log : gRPC Creating Channel...
[16:34:30] ConvaiSubsystemLog : Log : Start Run
[16:34:30] ConvaiSubsystemLog : Log : UConvaiSubsystem Started
[16:34:30] ConvaiPlayerLog : Log : UConvaiPlayerComponent: Found submix "AudioInput"
[16:34:30] ConvaiSubsystemLog : Verbose : Registered player component: ConvaiPlayer
[16:34:35] ConvaiPlayerLog : Log : Started Talking
[16:34:35] ConvaiAudioLog : Log : Using Headset Microphone (Oculus Virtual Audio Device) as Audio capture device with NumChannels:1 and SampleRate:48000
[16:34:36] ConvaiSubsystemLog : Warning : gRPC channel not ready yet.. Current State: GRPC_CHANNEL_IDLE
[16:34:36] ConvaiGRPCLog : Log : AsyncGetResponse started | Character ID : ac032e3a-931c-11f0-8bf1-42010a7be01f | Session ID : -1
[16:34:36] ConvaiPlayerLog : Log : FinishTalking calling FinishGetResponseStream
[16:34:36] ConvaiGRPCLog : Log : Finish Writing to audio data buffer
[16:34:36] ConvaiPlayerLog : Log : Finished Talking
[16:34:36] ConvaiGRPCLog : Log : GRPC GetResponse stream initialized | Character ID : ac032e3a-931c-11f0-8bf1-42010a7be01f | Session ID : -1
[16:34:36] ConvaiGRPCLog : Log : request: character_id: "ac032e3a-931c-11f0-8bf1-42010a7be01f"
api_key: "0d59d0e9911a2f0886cb47a3cf7925ab"
session_id: "-1"
audio_config {
  sample_rate_hertz: 16000
  enable_facial_data: true
  face_model: FACE_MODEL_OVR_MODEL_NAME
}
action_config {
  actions: "Moves To"
  actions: "Follows"
  actions: "None"
  actions: "Stops"
  actions: "Waits for <time in seconds or character>"
  characters {
    name: "Malia"
  }
  characters {
    name: "Guest"
  }
  characters {
    name: "Player"
  }
  classification: "multistep"
}
speaker: "Player"
dynamic_info_config {
}
 | Character ID : ac032e3a-931c-11f0-8bf1-42010a7be01f | Session ID : -1
[16:34:36] ConvaiGRPCLog : Log : Initial Stream Write | Character ID : ac032e3a-931c-11f0-8bf1-42010a7be01f | Session ID : -1
[16:34:36] ConvaiGRPCLog : Log : Initial Stream Read | Character ID : ac032e3a-931c-11f0-8bf1-42010a7be01f | Session ID : -1
[16:34:36] ConvaiGRPCLog : Log : Calling Stream WritesDone | LastWriteReceived : True | AudioBuffer.Num() : 0 | Character ID : ac032e3a-931c-11f0-8bf1-42010a7be01f | Session ID : -1
[16:34:36] ConvaiGRPCLog : Log : On Stream Write Done Writing
[16:34:36] ConvaiGRPCLog : Log : OnStreamWriteDone
[16:34:36] ConvaiGRPCLog : Log : NumberOfAudioBytesSent 0
[16:34:39] ConvaiGRPCLog : Log : GetResponse EmotionResponseDebug: session_id: "196f586b120d9f4770eca5a2f8bcfa6e"
emotion_response: "Distraction"

[16:34:39] ConvaiGRPCLog : Log : Received Audio Chunk: 0.751519 secs | Character ID : ac032e3a-931c-11f0-8bf1-42010a7be01f | Session ID : 196f586b120d9f4770eca5a2f8bcfa6e
[16:34:39] ConvaiGRPCLog : Log : EmotionResponse: surprise 1
[16:34:39] ConvaiAudioStreamerLog : Log : State transition: Stopped -> WaitingOnLipSync
[16:34:39] ConvaiGRPCLog : Log : Received Text Bonjour ! : | Character ID : ac032e3a-931c-11f0-8bf1-42010a7be01f | Session ID : 196f586b120d9f4770eca5a2f8bcfa6e | ReceivedFinalResponse : False
[16:34:39] ConvaiAudioStreamerLog : Log : New SampleRate: 44100
[16:34:39] ConvaiAudioStreamerLog : Log : New Channels: 1
[16:34:39] ConvaiAudioStreamerLog : Log : State transition: WaitingOnLipSync -> Playing
[16:34:39] ConvaiAudioStreamerLog : Log : State transition: Playing -> WaitingOnAudio
[16:34:39] ConvaiGRPCLog : Log : GetResponse EmotionResponseDebug: session_id: "196f586b120d9f4770eca5a2f8bcfa6e"
emotion_response: "Distraction"

[16:34:40] ConvaiGRPCLog : Log : Received Audio Chunk: 2.208050 secs | Character ID : ac032e3a-931c-11f0-8bf1-42010a7be01f | Session ID : 196f586b120d9f4770eca5a2f8bcfa6e
[16:34:40] ConvaiGRPCLog : Log : EmotionResponse: surprise 1
[16:34:40] ConvaiAudioStreamerLog : Log : State transition: WaitingOnAudio -> Playing
[16:34:40] ConvaiGRPCLog : Log : Received Text Je suis Malia, ravie de vous rencontrer. : | Character ID : ac032e3a-931c-11f0-8bf1-42010a7be01f | Session ID : 196f586b120d9f4770eca5a2f8bcfa6e | ReceivedFinalResponse : False
[16:34:40] ConvaiAudioStreamerLog : Log : State transition: Playing -> WaitingOnAudio
[16:34:40] ConvaiGRPCLog : Log : GetResponse EmotionResponseDebug: session_id: "196f586b120d9f4770eca5a2f8bcfa6e"
emotion_response: "Distraction"

[16:34:40] ConvaiGRPCLog : Log : Received Audio Chunk: 5.058639 secs | Character ID : ac032e3a-931c-11f0-8bf1-42010a7be01f | Session ID : 196f586b120d9f4770eca5a2f8bcfa6e
[16:34:40] ConvaiGRPCLog : Log : EmotionResponse: surprise 1
[16:34:40] ConvaiAudioStreamerLog : Log : State transition: WaitingOnAudio -> Playing
[16:34:40] ConvaiGRPCLog : Log : Received Text Dites-moi, que pensez-vous de cette affirmation : "Les droitiers respirent plus d'oxygène" ? : | Character ID : ac032e3a-931c-11f0-8bf1-42010a7be01f | Session ID : 196f586b120d9f4770eca5a2f8bcfa6e | ReceivedFinalResponse : False
[16:34:40] ConvaiAudioStreamerLog : Log : State transition: Playing -> WaitingOnAudio
[16:34:41] ConvaiGRPCLog : Log : GetResponse EmotionResponseDebug: session_id: "196f586b120d9f4770eca5a2f8bcfa6e"
emotion_response: "Distraction"

[16:34:41] ConvaiGRPCLog : Log : Received Audio Chunk: 0.915079 secs | Character ID : ac032e3a-931c-11f0-8bf1-42010a7be01f | Session ID : 196f586b120d9f4770eca5a2f8bcfa6e
[16:34:41] ConvaiGRPCLog : Log : EmotionResponse: surprise 1
[16:34:41] ConvaiAudioStreamerLog : Log : State transition: WaitingOnAudio -> Playing
[16:34:41] ConvaiGRPCLog : Log : Received Text Vrai ou faux ?: | Character ID : ac032e3a-931c-11f0-8bf1-42010a7be01f | Session ID : 196f586b120d9f4770eca5a2f8bcfa6e | ReceivedFinalResponse : False
[16:34:41] ConvaiAudioStreamerLog : Log : State transition: Playing -> WaitingOnAudio
[16:34:41] ConvaiGRPCLog : Log : Chatbot Total Received Lipsync Responses: 895 Responses
[16:34:41] ConvaiChatbotComponentLog : Log : Chatbot Total Received Audio: 8.929207 seconds
[16:34:41] ConvaiGRPCLog : Log : Received Text : | Character ID : ac032e3a-931c-11f0-8bf1-42010a7be01f | Session ID : 196f586b120d9f4770eca5a2f8bcfa6e | ReceivedFinalResponse : True
[16:34:41] ConvaiGRPCLog : Log : GetResponse SequenceString: None
[16:34:41] ConvaiGRPCLog : Log : Action: None
[16:34:42] ConvaiGRPCLog : Log : GetResponse EmotionResponseDebug: session_id: "196f586b120d9f4770eca5a2f8bcfa6e"
emotion_response: "Acceptance Interest"

[16:34:43] ConvaiGRPCLog : Log : No more data to read after 3 attempts. Calling Finish...
[16:34:43] ConvaiGRPCLog : Log : Calling Stream Finish | Character ID : ac032e3a-931c-11f0-8bf1-42010a7be01f | Session ID : 196f586b120d9f4770eca5a2f8bcfa6e
[16:34:43] ConvaiGRPCLog : Log : On Stream Finish | Character ID : ac032e3a-931c-11f0-8bf1-42010a7be01f | Session ID : 196f586b120d9f4770eca5a2f8bcfa6e
[16:34:43] ConvaiChatbotComponentLog : Log : UConvaiChatbotComponent Request Finished! | Character ID : ac032e3a-931c-11f0-8bf1-42010a7be01f | Session ID : 196f586b120d9f4770eca5a2f8bcfa6e
[16:34:43] ConvaiPlayerLog : Log : Started Talking
[16:34:43] ConvaiAudioLog : Log : Using Headset Microphone (Oculus Virtual Audio Device) as Audio capture device with NumChannels:1 and SampleRate:48000
[16:34:43] ConvaiChatbotComponentLog : Log : InterruptSpeech: Interrupting character | Character ID : ac032e3a-931c-11f0-8bf1-42010a7be01f | Session ID : 196f586b120d9f4770eca5a2f8bcfa6e
[16:34:43] ConvaiGRPCLog : Log : AsyncGetResponse started | Character ID : ac032e3a-931c-11f0-8bf1-42010a7be01f | Session ID : 196f586b120d9f4770eca5a2f8bcfa6e
[16:34:43] ConvaiGRPCLog : Log : GRPC GetResponse stream initialized | Character ID : ac032e3a-931c-11f0-8bf1-42010a7be01f | Session ID : 196f586b120d9f4770eca5a2f8bcfa6e
[16:34:43] ConvaiGRPCLog : Log : request: character_id: "ac032e3a-931c-11f0-8bf1-42010a7be01f"
api_key: "0d59d0e9911a2f0886cb47a3cf7925ab"
session_id: "196f586b120d9f4770eca5a2f8bcfa6e"
audio_config {
  sample_rate_hertz: 16000
  enable_facial_data: true
  face_model: FACE_MODEL_OVR_MODEL_NAME
}
action_config {
  actions: "Moves To"
  actions: "Follows"
  actions: "None"
  actions: "Stops"
  actions: "Waits for <time in seconds or character>"
  characters {
    name: "Malia"
  }
  characters {
    name: "Guest"
  }
  characters {
    name: "Player"
  }
  classification: "multistep"
}
speaker: "Player"
dynamic_info_config {
}
 | Character ID : ac032e3a-931c-11f0-8bf1-42010a7be01f | Session ID : 196f586b120d9f4770eca5a2f8bcfa6e
[16:34:43] ConvaiGRPCLog : Log : Initial Stream Write | Character ID : ac032e3a-931c-11f0-8bf1-42010a7be01f | Session ID : 196f586b120d9f4770eca5a2f8bcfa6e
[16:34:43] ConvaiGRPCLog : Log : Initial Stream Read | Character ID : ac032e3a-931c-11f0-8bf1-42010a7be01f | Session ID : 196f586b120d9f4770eca5a2f8bcfa6e
[16:34:43] ConvaiPlayerLog : Log : FinishTalking calling FinishGetResponseStream
[16:34:43] ConvaiGRPCLog : Log : Finish Writing to audio data buffer
[16:34:43] ConvaiGRPCLog : Log : FinishWriting:: Informing On Data Received
[16:34:43] ConvaiGRPCLog : Log : Calling Stream WritesDone | LastWriteReceived : True | AudioBuffer.Num() : 0 | Character ID : ac032e3a-931c-11f0-8bf1-42010a7be01f | Session ID : 196f586b120d9f4770eca5a2f8bcfa6e
[16:34:43] ConvaiGRPCLog : Log : On Stream Write Done Writing
[16:34:43] ConvaiPlayerLog : Log : Finished Talking
[16:34:43] ConvaiGRPCLog : Log : OnStreamWriteDone
[16:34:43] ConvaiGRPCLog : Log : NumberOfAudioBytesSent 1364
[16:34:44] ConvaiPlayerLog : Log : Started Talking
[16:34:44] ConvaiAudioLog : Log : Using Headset Microphone (Oculus Virtual Audio Device) as Audio capture device with NumChannels:1 and SampleRate:48000
[16:34:44] ConvaiChatbotComponentLog : Log : InterruptSpeech: Interrupting character | Character ID : ac032e3a-931c-11f0-8bf1-42010a7be01f | Session ID : 196f586b120d9f4770eca5a2f8bcfa6e
[16:34:44] ConvaiChatbotComponentLog : Log : UConvaiChatbotComponent Request Finished! | Character ID : ac032e3a-931c-11f0-8bf1-42010a7be01f | Session ID : 196f586b120d9f4770eca5a2f8bcfa6e
[16:34:44] ConvaiChatbotComponentLog : Log : Chatbot Total Received Audio: 0.000000 seconds
[16:34:44] ConvaiGRPCLog : Log : AsyncGetResponse started | Character ID : ac032e3a-931c-11f0-8bf1-42010a7be01f | Session ID : 196f586b120d9f4770eca5a2f8bcfa6e
[16:34:44] ConvaiGRPCLog : Log : GRPC GetResponse stream initialized | Character ID : ac032e3a-931c-11f0-8bf1-42010a7be01f | Session ID : 196f586b120d9f4770eca5a2f8bcfa6e
[16:34:44] ConvaiGRPCLog : Log : request: character_id: "ac032e3a-931c-11f0-8bf1-42010a7be01f"
api_key: "0d59d0e9911a2f0886cb47a3cf7925ab"
session_id: "196f586b120d9f4770eca5a2f8bcfa6e"
audio_config {
  sample_rate_hertz: 16000
  enable_facial_data: true
  face_model: FACE_MODEL_OVR_MODEL_NAME
}
action_config {
  actions: "Moves To"
  actions: "Follows"
  actions: "None"
  actions: "Stops"
  actions: "Waits for <time in seconds or character>"
  characters {
    name: "Malia"
  }
  characters {
    name: "Guest"
  }
  characters {
    name: "Player"
  }
  classification: "multistep"
}
speaker: "Player"
dynamic_info_config {
}
 | Character ID : ac032e3a-931c-11f0-8bf1-42010a7be01f | Session ID : 196f586b120d9f4770eca5a2f8bcfa6e
[16:34:44] ConvaiGRPCLog : Log : Initial Stream Write | Character ID : ac032e3a-931c-11f0-8bf1-42010a7be01f | Session ID : 196f586b120d9f4770eca5a2f8bcfa6e
[16:34:44] ConvaiGRPCLog : Log : Initial Stream Read | Character ID : ac032e3a-931c-11f0-8bf1-42010a7be01f | Session ID : 196f586b120d9f4770eca5a2f8bcfa6e
[16:34:44] ConvaiPlayerLog : Log : FinishTalking calling FinishGetResponseStream
[16:34:44] ConvaiGRPCLog : Log : Finish Writing to audio data buffer
[16:34:44] ConvaiGRPCLog : Log : FinishWriting:: Informing On Data Received
[16:34:44] ConvaiGRPCLog : Log : Calling Stream WritesDone | LastWriteReceived : True | AudioBuffer.Num() : 0 | Character ID : ac032e3a-931c-11f0-8bf1-42010a7be01f | Session ID : 196f586b120d9f4770eca5a2f8bcfa6e
[16:34:44] ConvaiGRPCLog : Log : On Stream Write Done Writing
[16:34:44] ConvaiPlayerLog : Log : Finished Talking
[16:34:44] ConvaiGRPCLog : Log : OnStreamWriteDone
[16:34:44] ConvaiGRPCLog : Log : NumberOfAudioBytesSent 682
[16:34:44] ConvaiPlayerLog : Log : Started Talking
[16:34:44] ConvaiAudioLog : Log : Using Headset Microphone (Oculus Virtual Audio Device) as Audio capture device with NumChannels:1 and SampleRate:48000
[16:34:44] ConvaiChatbotComponentLog : Log : InterruptSpeech: Interrupting character | Character ID : ac032e3a-931c-11f0-8bf1-42010a7be01f | Session ID : 196f586b120d9f4770eca5a2f8bcfa6e
[16:34:44] ConvaiChatbotComponentLog : Log : UConvaiChatbotComponent Request Finished! | Character ID : ac032e3a-931c-11f0-8bf1-42010a7be01f | Session ID : 196f586b120d9f4770eca5a2f8bcfa6e
[16:34:44] ConvaiChatbotComponentLog : Log : Chatbot Total Received Audio: 0.000000 seconds
[16:34:44] ConvaiGRPCLog : Log : AsyncGetResponse started | Character ID : ac032e3a-931c-11f0-8bf1-42010a7be01f | Session ID : 196f586b120d9f4770eca5a2f8bcfa6e
[16:34:44] ConvaiGRPCLog : Log : GRPC GetResponse stream initialized | Character ID : ac032e3a-931c-11f0-8bf1-42010a7be01f | Session ID : 196f586b120d9f4770eca5a2f8bcfa6e
[16:34:44] ConvaiGRPCLog : Log : request: character_id: "ac032e3a-931c-11f0-8bf1-42010a7be01f"
api_key: "0d59d0e9911a2f0886cb47a3cf7925ab"
session_id: "196f586b120d9f4770eca5a2f8bcfa6e"
audio_config {
  sample_rate_hertz: 16000
  enable_facial_data: true
  face_model: FACE_MODEL_OVR_MODEL_NAME
}
action_config {
  actions: "Moves To"
  actions: "Follows"
  actions: "None"
  actions: "Stops"
  actions: "Waits for <time in seconds or character>"
  characters {
    name: "Malia"
  }
  characters {
    name: "Guest"
  }
  characters {
    name: "Player"
  }
  classification: "multistep"
}
speaker: "Player"
dynamic_info_config {
}
 | Character ID : ac032e3a-931c-11f0-8bf1-42010a7be01f | Session ID : 196f586b120d9f4770eca5a2f8bcfa6e
[16:34:44] ConvaiGRPCLog : Log : Initial Stream Write | Character ID : ac032e3a-931c-11f0-8bf1-42010a7be01f | Session ID : 196f586b120d9f4770eca5a2f8bcfa6e
[16:34:44] ConvaiGRPCLog : Log : Initial Stream Read | Character ID : ac032e3a-931c-11f0-8bf1-42010a7be01f | Session ID : 196f586b120d9f4770eca5a2f8bcfa6e
[16:34:44] ConvaiPlayerLog : Log : FinishTalking calling FinishGetResponseStream
[16:34:44] ConvaiGRPCLog : Log : Finish Writing to audio data buffer
[16:34:44] ConvaiGRPCLog : Log : FinishWriting:: Informing On Data Received
[16:34:44] ConvaiGRPCLog : Log : Calling Stream WritesDone | LastWriteReceived : True | AudioBuffer.Num() : 0 | Character ID : ac032e3a-931c-11f0-8bf1-42010a7be01f | Session ID : 196f586b120d9f4770eca5a2f8bcfa6e
[16:34:44] ConvaiGRPCLog : Log : On Stream Write Done Writing
[16:34:44] ConvaiPlayerLog : Log : Finished Talking
[16:34:44] ConvaiGRPCLog : Log : OnStreamWriteDone
[16:34:44] ConvaiGRPCLog : Log : NumberOfAudioBytesSent 682
[16:34:44] ConvaiPlayerLog : Log : Started Talking
[16:34:44] ConvaiAudioLog : Log : Using Headset Microphone (Oculus Virtual Audio Device) as Audio capture device with NumChannels:1 and SampleRate:48000
[16:34:44] ConvaiChatbotComponentLog : Log : InterruptSpeech: Interrupting character | Character ID : ac032e3a-931c-11f0-8bf1-42010a7be01f | Session ID : 196f586b120d9f4770eca5a2f8bcfa6e
[16:34:44] ConvaiChatbotComponentLog : Log : UConvaiChatbotComponent Request Finished! | Character ID : ac032e3a-931c-11f0-8bf1-42010a7be01f | Session ID : 196f586b120d9f4770eca5a2f8bcfa6e
[16:34:44] ConvaiChatbotComponentLog : Log : Chatbot Total Received Audio: 0.000000 seconds
[16:34:44] ConvaiGRPCLog : Log : AsyncGetResponse started | Character ID : ac032e3a-931c-11f0-8bf1-42010a7be01f | Session ID : 196f586b120d9f4770eca5a2f8bcfa6e
[16:34:44] ConvaiGRPCLog : Log : GRPC GetResponse stream initialized | Character ID : ac032e3a-931c-11f0-8bf1-42010a7be01f | Session ID : 196f586b120d9f4770eca5a2f8bcfa6e
[16:34:44] ConvaiGRPCLog : Log : request: character_id: "ac032e3a-931c-11f0-8bf1-42010a7be01f"
api_key: "0d59d0e9911a2f0886cb47a3cf7925ab"
session_id: "196f586b120d9f4770eca5a2f8bcfa6e"
audio_config {
  sample_rate_hertz: 16000
  enable_facial_data: true
  face_model: FACE_MODEL_OVR_MODEL_NAME
}
action_config {
  actions: "Moves To"
  actions: "Follows"
  actions: "None"
  actions: "Stops"
  actions: "Waits for <time in seconds or character>"
  characters {
    name: "Malia"
  }
  characters {
    name: "Guest"
  }
  characters {
    name: "Player"
  }
  classification: "multistep"
}
speaker: "Player"
dynamic_info_config {
}
 | Character ID : ac032e3a-931c-11f0-8bf1-42010a7be01f | Session ID : 196f586b120d9f4770eca5a2f8bcfa6e
[16:34:44] ConvaiGRPCLog : Log : Initial Stream Write | Character ID : ac032e3a-931c-11f0-8bf1-42010a7be01f | Session ID : 196f586b120d9f4770eca5a2f8bcfa6e
[16:34:44] ConvaiGRPCLog : Log : Initial Stream Read | Character ID : ac032e3a-931c-11f0-8bf1-42010a7be01f | Session ID : 196f586b120d9f4770eca5a2f8bcfa6e
[16:34:44] ConvaiPlayerLog : Log : FinishTalking calling FinishGetResponseStream
[16:34:44] ConvaiGRPCLog : Log : Finish Writing to audio data buffer
[16:34:44] ConvaiGRPCLog : Log : FinishWriting:: Informing On Data Received
[16:34:44] ConvaiGRPCLog : Log : Calling Stream WritesDone | LastWriteReceived : True | AudioBuffer.Num() : 0 | Character ID : ac032e3a-931c-11f0-8bf1-42010a7be01f | Session ID : 196f586b120d9f4770eca5a2f8bcfa6e
[16:34:44] ConvaiGRPCLog : Log : On Stream Write Done Writing
[16:34:44] ConvaiPlayerLog : Log : Finished Talking
[16:34:44] ConvaiGRPCLog : Log : OnStreamWriteDone
[16:34:44] ConvaiGRPCLog : Log : NumberOfAudioBytesSent 682
[16:34:44] ConvaiPlayerLog : Log : Started Talking
[16:34:44] ConvaiAudioLog : Log : Using Headset Microphone (Oculus Virtual Audio Device) as Audio capture device with NumChannels:1 and SampleRate:48000
[16:34:44] ConvaiChatbotComponentLog : Log : InterruptSpeech: Interrupting character | Character ID : ac032e3a-931c-11f0-8bf1-42010a7be01f | Session ID : 196f586b120d9f4770eca5a2f8bcfa6e
[16:34:44] ConvaiChatbotComponentLog : Log : UConvaiChatbotComponent Request Finished! | Character ID : ac032e3a-931c-11f0-8bf1-42010a7be01f | Session ID : 196f586b120d9f4770eca5a2f8bcfa6e
[16:34:44] ConvaiChatbotComponentLog : Log : Chatbot Total Received Audio: 0.000000 seconds
[16:34:44] ConvaiGRPCLog : Log : AsyncGetResponse started | Character ID : ac032e3a-931c-11f0-8bf1-42010a7be01f | Session ID : 196f586b120d9f4770eca5a2f8bcfa6e
[16:34:44] ConvaiGRPCLog : Log : GRPC GetResponse stream initialized | Character ID : ac032e3a-931c-11f0-8bf1-42010a7be01f | Session ID : 196f586b120d9f4770eca5a2f8bcfa6e
[16:34:44] ConvaiGRPCLog : Log : request: character_id: "ac032e3a-931c-11f0-8bf1-42010a7be01f"
api_key: "0d59d0e9911a2f0886cb47a3cf7925ab"
session_id: "196f586b120d9f4770eca5a2f8bcfa6e"
audio_config {
  sample_rate_hertz: 16000
  enable_facial_data: true
  face_model: FACE_MODEL_OVR_MODEL_NAME
}
action_config {
  actions: "Moves To"
  actions: "Follows"
  actions: "None"
  actions: "Stops"
  actions: "Waits for <time in seconds or character>"
  characters {
    name: "Malia"
  }
  characters {
    name: "Guest"
  }
  characters {
    name: "Player"
  }
  classification: "multistep"
}
speaker: "Player"
dynamic_info_config {
}
 | Character ID : ac032e3a-931c-11f0-8bf1-42010a7be01f | Session ID : 196f586b120d9f4770eca5a2f8bcfa6e
[16:34:44] ConvaiGRPCLog : Log : Initial Stream Write | Character ID : ac032e3a-931c-11f0-8bf1-42010a7be01f | Session ID : 196f586b120d9f4770eca5a2f8bcfa6e
[16:34:44] ConvaiGRPCLog : Log : Initial Stream Read | Character ID : ac032e3a-931c-11f0-8bf1-42010a7be01f | Session ID : 196f586b120d9f4770eca5a2f8bcfa6e
[16:34:44] ConvaiPlayerLog : Log : FinishTalking calling FinishGetResponseStream
[16:34:44] ConvaiGRPCLog : Log : Finish Writing to audio data buffer
[16:34:44] ConvaiGRPCLog : Log : FinishWriting:: Informing On Data Received
[16:34:44] ConvaiGRPCLog : Log : Calling Stream WritesDone | LastWriteReceived : True | AudioBuffer.Num() : 0 | Character ID : ac032e3a-931c-11f0-8bf1-42010a7be01f | Session ID : 196f586b120d9f4770eca5a2f8bcfa6e
[16:34:44] ConvaiGRPCLog : Log : On Stream Write Done Writing
[16:34:44] ConvaiPlayerLog : Log : Finished Talking
[16:34:44] ConvaiGRPCLog : Log : OnStreamWriteDone
[16:34:44] ConvaiGRPCLog : Log : NumberOfAudioBytesSent 682
[16:34:44] ConvaiPlayerLog : Log : Started Talking
[16:34:44] ConvaiAudioLog : Log : Using Headset Microphone (Oculus Virtual Audio Device) as Audio capture device with NumChannels:1 and SampleRate:48000
[16:34:44] ConvaiChatbotComponentLog : Log : InterruptSpeech: Interrupting character | Character ID : ac032e3a-931c-11f0-8bf1-42010a7be01f | Session ID : 196f586b120d9f4770eca5a2f8bcfa6e
[16:34:44] ConvaiChatbotComponentLog : Log : UConvaiChatbotComponent Request Finished! | Character ID : ac032e3a-931c-11f0-8bf1-42010a7be01f | Session ID : 196f586b120d9f4770eca5a2f8bcfa6e
[16:34:44] ConvaiChatbotComponentLog : Log : Chatbot Total Received Audio: 0.000000 seconds
[16:34:44] ConvaiGRPCLog : Log : AsyncGetResponse started | Character ID : ac032e3a-931c-11f0-8bf1-42010a7be01f | Session ID : 196f586b120d9f4770eca5a2f8bcfa6e
[16:34:44] ConvaiGRPCLog : Log : GRPC GetResponse stream initialized | Character ID : ac032e3a-931c-11f0-8bf1-42010a7be01f | Session ID : 196f586b120d9f4770eca5a2f8bcfa6e
[16:34:44] ConvaiGRPCLog : Log : request: character_id: "ac032e3a-931c-11f0-8bf1-42010a7be01f"
api_key: "0d59d0e9911a2f0886cb47a3cf7925ab"
session_id: "196f586b120d9f4770eca5a2f8bcfa6e"
audio_config {
  sample_rate_hertz: 16000
  enable_facial_data: true
  face_model: FACE_MODEL_OVR_MODEL_NAME
}
action_config {
  actions: "Moves To"
  actions: "Follows"
  actions: "None"
  actions: "Stops"
  actions: "Waits for <time in seconds or character>"
  characters {
    name: "Malia"
  }
  characters {
    name: "Guest"
  }
  characters {
    name: "Player"
  }
  classification: "multistep"
}
speaker: "Player"
dynamic_info_config {
}
 | Character ID : ac032e3a-931c-11f0-8bf1-42010a7be01f | Session ID : 196f586b120d9f4770eca5a2f8bcfa6e
[16:34:44] ConvaiGRPCLog : Log : Initial Stream Write | Character ID : ac032e3a-931c-11f0-8bf1-42010a7be01f | Session ID : 196f586b120d9f4770eca5a2f8bcfa6e
[16:34:44] ConvaiGRPCLog : Log : Initial Stream Read | Character ID : ac032e3a-931c-11f0-8bf1-42010a7be01f | Session ID : 196f586b120d9f4770eca5a2f8bcfa6e
[16:34:44] ConvaiPlayerLog : Log : FinishTalking calling FinishGetResponseStream
[16:34:44] ConvaiGRPCLog : Log : Finish Writing to audio data buffer
[16:34:44] ConvaiGRPCLog : Log : FinishWriting:: Informing On Data Received
[16:34:44] ConvaiGRPCLog : Log : Calling Stream WritesDone | LastWriteReceived : True | AudioBuffer.Num() : 0 | Character ID : ac032e3a-931c-11f0-8bf1-42010a7be01f | Session ID : 196f586b120d9f4770eca5a2f8bcfa6e
[16:34:44] ConvaiGRPCLog : Log : On Stream Write Done Writing
[16:34:44] ConvaiPlayerLog : Log : Finished Talking
[16:34:44] ConvaiGRPCLog : Log : OnStreamWriteDone
[16:34:44] ConvaiGRPCLog : Log : NumberOfAudioBytesSent 682
[16:34:45] ConvaiSubsystemLog : Verbose : Unregistered player component: ConvaiPlayer
[16:34:45] ConvaiSubsystemLog : Log : UConvaiSubsystem Stopped
[16:34:45] ConvaiSubsystemLog : Log : Could not run gRPC delegate due to thread closing down
[16:34:45] ConvaiSubsystemLog : Log : End Run
[16:34:45] ConvaiGRPCLog : Log : Destroying UConvaiGRPCGetResponseProxy... | Character ID : ac032e3a-931c-11f0-8bf1-42010a7be01f | Session ID : 196f586b120d9f4770eca5a2f8bcfa6e
[16:34:45] ConvaiGRPCLog : Log : Destroying UConvaiGRPCGetResponseProxy... | Character ID : ac032e3a-931c-11f0-8bf1-42010a7be01f | Session ID : 196f586b120d9f4770eca5a2f8bcfa6e
[16:34:45] ConvaiGRPCLog : Log : Destroying UConvaiGRPCGetResponseProxy... | Character ID : ac032e3a-931c-11f0-8bf1-42010a7be01f | Session ID : 196f586b120d9f4770eca5a2f8bcfa6e
[16:34:45] ConvaiGRPCLog : Log : Destroying UConvaiGRPCGetResponseProxy... | Character ID : ac032e3a-931c-11f0-8bf1-42010a7be01f | Session ID : 196f586b120d9f4770eca5a2f8bcfa6e
[16:34:45] ConvaiGRPCLog : Log : Destroying UConvaiGRPCGetResponseProxy... | Character ID : ac032e3a-931c-11f0-8bf1-42010a7be01f | Session ID : 196f586b120d9f4770eca5a2f8bcfa6e
[16:34:45] ConvaiChatbotComponentLog : Log : Cleanup | Character ID : ac032e3a-931c-11f0-8bf1-42010a7be01f | Session ID : 196f586b120d9f4770eca5a2f8bcfa6e
[16:34:45] ConvaiGRPCLog : Log : Destroying UConvaiGRPCGetResponseProxy... | Character ID : ac032e3a-931c-11f0-8bf1-42010a7be01f | Session ID : 196f586b120d9f4770eca5a2f8bcfa6e
[16:34:45] ConvaiGRPCLog : Log : Destroying UConvaiGRPCGetResponseProxy... | Character ID : ac032e3a-931c-11f0-8bf1-42010a7be01f | Session ID : 196f586b120d9f4770eca5a2f8bcfa6e
[16:34:45] ConvaiChatbotComponentLog : Log : Cleanup | Character ID : ac032e3a-931c-11f0-8bf1-42010a7be01f | Session ID : -1
[16:36:19] ConvaiSubsystemLog : Log : gRPC Creating Channel...
[16:36:19] ConvaiSubsystemLog : Log : UConvaiSubsystem Started
[16:36:19] ConvaiSubsystemLog : Log : Start Run
[16:36:19] ConvaiPlayerLog : Log : UConvaiPlayerComponent: Found submix "AudioInput"
[16:36:19] ConvaiSubsystemLog : Verbose : Registered player component: ConvaiPlayer
[16:36:23] ConvaiSubsystemLog : Verbose : Unregistered player component: ConvaiPlayer
[16:36:23] ConvaiSubsystemLog : Log : UConvaiSubsystem Stopped
[16:36:23] ConvaiSubsystemLog : Log : End Run
[16:36:23] ConvaiChatbotComponentLog : Log : Cleanup | Character ID : ac032e3a-931c-11f0-8bf1-42010a7be01f | Session ID : -1
[16:36:52] ConvaiSubsystemLog : Log : gRPC Creating Channel...
[16:36:52] ConvaiSubsystemLog : Log : Start Run
[16:36:52] ConvaiSubsystemLog : Log : UConvaiSubsystem Started
[16:36:52] ConvaiPlayerLog : Log : UConvaiPlayerComponent: Found submix "AudioInput"
[16:36:52] ConvaiSubsystemLog : Verbose : Registered player component: ConvaiPlayer
[16:36:57] ConvaiSubsystemLog : Verbose : Unregistered player component: ConvaiPlayer
[16:36:57] ConvaiSubsystemLog : Log : UConvaiSubsystem Stopped
[16:36:57] ConvaiSubsystemLog : Log : End Run
[16:36:57] ConvaiChatbotComponentLog : Log : Cleanup | Character ID : ac032e3a-931c-11f0-8bf1-42010a7be01f | Session ID : -1
[16:40:46] ConvaiSubsystemLog : Log : gRPC Creating Channel...
[16:40:46] ConvaiSubsystemLog : Log : Start Run
[16:40:46] ConvaiSubsystemLog : Log : UConvaiSubsystem Started
[16:40:46] ConvaiPlayerLog : Log : UConvaiPlayerComponent: Found submix "AudioInput"
[16:40:46] ConvaiSubsystemLog : Verbose : Registered player component: ConvaiPlayer
[16:40:51] ConvaiSubsystemLog : Verbose : Unregistered player component: ConvaiPlayer
[16:40:51] ConvaiSubsystemLog : Log : UConvaiSubsystem Stopped
[16:40:51] ConvaiSubsystemLog : Log : End Run
[16:40:51] ConvaiChatbotComponentLog : Log : Cleanup | Character ID : ac032e3a-931c-11f0-8bf1-42010a7be01f | Session ID : -1
[16:44:11] ConvaiSubsystemLog : Log : gRPC Creating Channel...
[16:44:11] ConvaiSubsystemLog : Log : Start Run
[16:44:11] ConvaiSubsystemLog : Log : UConvaiSubsystem Started
[16:44:11] ConvaiPlayerLog : Log : UConvaiPlayerComponent: Found submix "AudioInput"
[16:44:11] ConvaiSubsystemLog : Verbose : Registered player component: ConvaiPlayer
[16:44:12] ConvaiSubsystemLog : Verbose : Unregistered player component: ConvaiPlayer
[16:44:12] ConvaiSubsystemLog : Log : UConvaiSubsystem Stopped
[16:44:12] ConvaiSubsystemLog : Log : End Run
[16:44:12] ConvaiChatbotComponentLog : Log : Cleanup | Character ID : ac032e3a-931c-11f0-8bf1-42010a7be01f | Session ID : -1
[16:45:15] ConvaiSubsystemLog : Log : gRPC Creating Channel...
[16:45:15] ConvaiSubsystemLog : Log : Start Run
[16:45:15] ConvaiSubsystemLog : Log : UConvaiSubsystem Started
[16:45:15] ConvaiPlayerLog : Log : UConvaiPlayerComponent: Found submix "AudioInput"
[16:45:15] ConvaiSubsystemLog : Verbose : Registered player component: ConvaiPlayer
[16:45:17] ConvaiPlayerLog : Log : Started Talking
[16:45:17] ConvaiAudioLog : Log : Using Headset Microphone (Oculus Virtual Audio Device) as Audio capture device with NumChannels:1 and SampleRate:48000
[16:45:18] ConvaiSubsystemLog : Warning : gRPC channel not ready yet.. Current State: GRPC_CHANNEL_IDLE
[16:45:18] ConvaiGRPCLog : Log : AsyncGetResponse started | Character ID : ac032e3a-931c-11f0-8bf1-42010a7be01f | Session ID : -1
[16:45:18] ConvaiPlayerLog : Log : FinishTalking calling FinishGetResponseStream
[16:45:18] ConvaiGRPCLog : Log : Finish Writing to audio data buffer
[16:45:18] ConvaiPlayerLog : Log : Finished Talking
[16:45:18] ConvaiPlayerLog : Log : Started Talking
[16:45:18] ConvaiAudioLog : Log : Using Headset Microphone (Oculus Virtual Audio Device) as Audio capture device with NumChannels:1 and SampleRate:48000
[16:45:18] ConvaiChatbotComponentLog : Warning : StartGetResponseStream: ConvaiActions: The Environment object does not have any actions added, please add some actions using "Add Action" or "Add Actions" function
[16:45:18] ConvaiChatbotComponentLog : Log : StartGetResponseStream: Environment object seems to have issues -> setting GenerateActions to false
[16:45:18] ConvaiChatbotComponentLog : Log : InterruptSpeech: Interrupting character | Character ID : ac032e3a-931c-11f0-8bf1-42010a7be01f | Session ID : -1
[16:45:18] ConvaiChatbotComponentLog : Log : UConvaiChatbotComponent Request Finished! | Character ID : ac032e3a-931c-11f0-8bf1-42010a7be01f | Session ID : -1
[16:45:18] ConvaiChatbotComponentLog : Log : Chatbot Total Received Audio: 0.000000 seconds
[16:45:18] ConvaiSubsystemLog : Warning : gRPC channel not ready yet.. Current State: GRPC_CHANNEL_CONNECTING
[16:45:18] ConvaiGRPCLog : Log : AsyncGetResponse started | Character ID : ac032e3a-931c-11f0-8bf1-42010a7be01f | Session ID : -1
[16:45:18] ConvaiPlayerLog : Log : FinishTalking calling FinishGetResponseStream
[16:45:18] ConvaiGRPCLog : Log : Finish Writing to audio data buffer
[16:45:18] ConvaiPlayerLog : Log : Finished Talking
[16:45:18] ConvaiPlayerLog : Log : Started Talking
[16:45:18] ConvaiAudioLog : Log : Using Headset Microphone (Oculus Virtual Audio Device) as Audio capture device with NumChannels:1 and SampleRate:48000
[16:45:18] ConvaiChatbotComponentLog : Warning : StartGetResponseStream: ConvaiActions: The Environment object does not have any actions added, please add some actions using "Add Action" or "Add Actions" function
[16:45:18] ConvaiChatbotComponentLog : Log : StartGetResponseStream: Environment object seems to have issues -> setting GenerateActions to false
[16:45:18] ConvaiChatbotComponentLog : Log : InterruptSpeech: Interrupting character | Character ID : ac032e3a-931c-11f0-8bf1-42010a7be01f | Session ID : -1
[16:45:18] ConvaiChatbotComponentLog : Log : UConvaiChatbotComponent Request Finished! | Character ID : ac032e3a-931c-11f0-8bf1-42010a7be01f | Session ID : -1
[16:45:18] ConvaiChatbotComponentLog : Log : Chatbot Total Received Audio: 0.000000 seconds
[16:45:18] ConvaiSubsystemLog : Warning : gRPC channel not ready yet.. Current State: GRPC_CHANNEL_CONNECTING
[16:45:18] ConvaiGRPCLog : Log : AsyncGetResponse started | Character ID : ac032e3a-931c-11f0-8bf1-42010a7be01f | Session ID : -1
[16:45:18] ConvaiPlayerLog : Log : FinishTalking calling FinishGetResponseStream
[16:45:18] ConvaiGRPCLog : Log : Finish Writing to audio data buffer
[16:45:18] ConvaiPlayerLog : Log : Finished Talking
[16:45:18] ConvaiPlayerLog : Log : Started Talking
[16:45:18] ConvaiAudioLog : Log : Using Headset Microphone (Oculus Virtual Audio Device) as Audio capture device with NumChannels:1 and SampleRate:48000
[16:45:18] ConvaiChatbotComponentLog : Warning : StartGetResponseStream: ConvaiActions: The Environment object does not have any actions added, please add some actions using "Add Action" or "Add Actions" function
[16:45:18] ConvaiChatbotComponentLog : Log : StartGetResponseStream: Environment object seems to have issues -> setting GenerateActions to false
[16:45:18] ConvaiChatbotComponentLog : Log : InterruptSpeech: Interrupting character | Character ID : ac032e3a-931c-11f0-8bf1-42010a7be01f | Session ID : -1
[16:45:18] ConvaiChatbotComponentLog : Log : UConvaiChatbotComponent Request Finished! | Character ID : ac032e3a-931c-11f0-8bf1-42010a7be01f | Session ID : -1
[16:45:18] ConvaiChatbotComponentLog : Log : Chatbot Total Received Audio: 0.000000 seconds
[16:45:18] ConvaiSubsystemLog : Warning : gRPC channel not ready yet.. Current State: GRPC_CHANNEL_CONNECTING
[16:45:18] ConvaiGRPCLog : Log : AsyncGetResponse started | Character ID : ac032e3a-931c-11f0-8bf1-42010a7be01f | Session ID : -1
[16:45:18] ConvaiPlayerLog : Log : FinishTalking calling FinishGetResponseStream
[16:45:18] ConvaiGRPCLog : Log : Finish Writing to audio data buffer
[16:45:18] ConvaiPlayerLog : Log : Finished Talking
[16:45:18] ConvaiGRPCLog : Log : GRPC GetResponse stream initialized | Character ID : ac032e3a-931c-11f0-8bf1-42010a7be01f | Session ID : -1
[16:45:18] ConvaiGRPCLog : Log : request: character_id: "ac032e3a-931c-11f0-8bf1-42010a7be01f"
api_key: "0d59d0e9911a2f0886cb47a3cf7925ab"
session_id: "-1"
audio_config {
  sample_rate_hertz: 16000
  enable_facial_data: true
  face_model: FACE_MODEL_OVR_MODEL_NAME
}
action_config {
  characters {
    name: "Player"
  }
  classification: "multistep"
}
speaker: "Player"
dynamic_info_config {
}
 | Character ID : ac032e3a-931c-11f0-8bf1-42010a7be01f | Session ID : -1
[16:45:18] ConvaiGRPCLog : Log : Initial Stream Write | Character ID : ac032e3a-931c-11f0-8bf1-42010a7be01f | Session ID : -1
[16:45:18] ConvaiGRPCLog : Log : Initial Stream Read | Character ID : ac032e3a-931c-11f0-8bf1-42010a7be01f | Session ID : -1
[16:45:18] ConvaiGRPCLog : Log : GRPC GetResponse stream initialized | Character ID : ac032e3a-931c-11f0-8bf1-42010a7be01f | Session ID : -1
[16:45:18] ConvaiGRPCLog : Log : request: character_id: "ac032e3a-931c-11f0-8bf1-42010a7be01f"
api_key: "0d59d0e9911a2f0886cb47a3cf7925ab"
session_id: "-1"
audio_config {
  sample_rate_hertz: 16000
  enable_facial_data: true
  face_model: FACE_MODEL_OVR_MODEL_NAME
}
action_config {
  characters {
    name: "Player"
  }
  classification: "multistep"
}
speaker: "Player"
dynamic_info_config {
}
 | Character ID : ac032e3a-931c-11f0-8bf1-42010a7be01f | Session ID : -1
[16:45:18] ConvaiGRPCLog : Log : Initial Stream Write | Character ID : ac032e3a-931c-11f0-8bf1-42010a7be01f | Session ID : -1
[16:45:18] ConvaiGRPCLog : Log : Initial Stream Read | Character ID : ac032e3a-931c-11f0-8bf1-42010a7be01f | Session ID : -1
[16:45:18] ConvaiGRPCLog : Log : GRPC GetResponse stream initialized | Character ID : ac032e3a-931c-11f0-8bf1-42010a7be01f | Session ID : -1
[16:45:18] ConvaiGRPCLog : Log : request: character_id: "ac032e3a-931c-11f0-8bf1-42010a7be01f"
api_key: "0d59d0e9911a2f0886cb47a3cf7925ab"
session_id: "-1"
audio_config {
  sample_rate_hertz: 16000
  enable_facial_data: true
  face_model: FACE_MODEL_OVR_MODEL_NAME
}
action_config {
  characters {
    name: "Player"
  }
  classification: "multistep"
}
speaker: "Player"
dynamic_info_config {
}
 | Character ID : ac032e3a-931c-11f0-8bf1-42010a7be01f | Session ID : -1
[16:45:18] ConvaiGRPCLog : Log : Initial Stream Write | Character ID : ac032e3a-931c-11f0-8bf1-42010a7be01f | Session ID : -1
[16:45:18] ConvaiGRPCLog : Log : Initial Stream Read | Character ID : ac032e3a-931c-11f0-8bf1-42010a7be01f | Session ID : -1
[16:45:18] ConvaiGRPCLog : Log : GRPC GetResponse stream initialized | Character ID : ac032e3a-931c-11f0-8bf1-42010a7be01f | Session ID : -1
[16:45:18] ConvaiGRPCLog : Log : request: character_id: "ac032e3a-931c-11f0-8bf1-42010a7be01f"
api_key: "0d59d0e9911a2f0886cb47a3cf7925ab"
session_id: "-1"
audio_config {
  sample_rate_hertz: 16000
  enable_facial_data: true
  face_model: FACE_MODEL_OVR_MODEL_NAME
}
action_config {
  characters {
    name: "Player"
  }
  classification: "multistep"
}
speaker: "Player"
dynamic_info_config {
}
 | Character ID : ac032e3a-931c-11f0-8bf1-42010a7be01f | Session ID : -1
[16:45:18] ConvaiGRPCLog : Log : Initial Stream Write | Character ID : ac032e3a-931c-11f0-8bf1-42010a7be01f | Session ID : -1
[16:45:18] ConvaiGRPCLog : Log : Initial Stream Read | Character ID : ac032e3a-931c-11f0-8bf1-42010a7be01f | Session ID : -1
[16:45:18] ConvaiGRPCLog : Log : Calling Stream WritesDone | LastWriteReceived : True | AudioBuffer.Num() : 0 | Character ID : ac032e3a-931c-11f0-8bf1-42010a7be01f | Session ID : -1
[16:45:18] ConvaiGRPCLog : Log : On Stream Write Done Writing
[16:45:18] ConvaiGRPCLog : Log : Calling Stream WritesDone | LastWriteReceived : True | AudioBuffer.Num() : 0 | Character ID : ac032e3a-931c-11f0-8bf1-42010a7be01f | Session ID : -1
[16:45:18] ConvaiGRPCLog : Log : On Stream Write Done Writing
[16:45:18] ConvaiGRPCLog : Log : Calling Stream WritesDone | LastWriteReceived : True | AudioBuffer.Num() : 0 | Character ID : ac032e3a-931c-11f0-8bf1-42010a7be01f | Session ID : -1
[16:45:18] ConvaiGRPCLog : Log : On Stream Write Done Writing
[16:45:18] ConvaiGRPCLog : Log : Calling Stream WritesDone | LastWriteReceived : True | AudioBuffer.Num() : 0 | Character ID : ac032e3a-931c-11f0-8bf1-42010a7be01f | Session ID : -1
[16:45:18] ConvaiGRPCLog : Log : On Stream Write Done Writing
[16:45:18] ConvaiGRPCLog : Log : OnStreamWriteDone
[16:45:18] ConvaiGRPCLog : Log : NumberOfAudioBytesSent 0
[16:45:18] ConvaiGRPCLog : Log : OnStreamWriteDone
[16:45:18] ConvaiGRPCLog : Log : NumberOfAudioBytesSent 0
[16:45:18] ConvaiGRPCLog : Log : OnStreamWriteDone
[16:45:18] ConvaiGRPCLog : Log : NumberOfAudioBytesSent 0
[16:45:18] ConvaiGRPCLog : Log : OnStreamWriteDone
[16:45:18] ConvaiGRPCLog : Log : NumberOfAudioBytesSent 0
[16:45:18] ConvaiPlayerLog : Log : Started Talking
[16:45:18] ConvaiAudioLog : Log : Using Headset Microphone (Oculus Virtual Audio Device) as Audio capture device with NumChannels:1 and SampleRate:48000
[16:45:18] ConvaiChatbotComponentLog : Warning : StartGetResponseStream: ConvaiActions: The Environment object does not have any actions added, please add some actions using "Add Action" or "Add Actions" function
[16:45:18] ConvaiChatbotComponentLog : Log : StartGetResponseStream: Environment object seems to have issues -> setting GenerateActions to false
[16:45:18] ConvaiChatbotComponentLog : Log : InterruptSpeech: Interrupting character | Character ID : ac032e3a-931c-11f0-8bf1-42010a7be01f | Session ID : -1
[16:45:18] ConvaiChatbotComponentLog : Log : UConvaiChatbotComponent Request Finished! | Character ID : ac032e3a-931c-11f0-8bf1-42010a7be01f | Session ID : -1
[16:45:18] ConvaiChatbotComponentLog : Log : Chatbot Total Received Audio: 0.000000 seconds
[16:45:18] ConvaiGRPCLog : Log : AsyncGetResponse started | Character ID : ac032e3a-931c-11f0-8bf1-42010a7be01f | Session ID : -1
[16:45:18] ConvaiGRPCLog : Log : GRPC GetResponse stream initialized | Character ID : ac032e3a-931c-11f0-8bf1-42010a7be01f | Session ID : -1
[16:45:18] ConvaiGRPCLog : Log : request: character_id: "ac032e3a-931c-11f0-8bf1-42010a7be01f"
api_key: "0d59d0e9911a2f0886cb47a3cf7925ab"
session_id: "-1"
audio_config {
  sample_rate_hertz: 16000
  enable_facial_data: true
  face_model: FACE_MODEL_OVR_MODEL_NAME
}
action_config {
  characters {
    name: "Player"
  }
  classification: "multistep"
}
speaker: "Player"
dynamic_info_config {
}
 | Character ID : ac032e3a-931c-11f0-8bf1-42010a7be01f | Session ID : -1
[16:45:18] ConvaiGRPCLog : Log : Initial Stream Write | Character ID : ac032e3a-931c-11f0-8bf1-42010a7be01f | Session ID : -1
[16:45:18] ConvaiGRPCLog : Log : Initial Stream Read | Character ID : ac032e3a-931c-11f0-8bf1-42010a7be01f | Session ID : -1
[16:45:18] ConvaiPlayerLog : Log : FinishTalking calling FinishGetResponseStream
[16:45:18] ConvaiGRPCLog : Log : Finish Writing to audio data buffer
[16:45:18] ConvaiGRPCLog : Log : FinishWriting:: Informing On Data Received
[16:45:18] ConvaiGRPCLog : Log : Calling Stream WritesDone | LastWriteReceived : True | AudioBuffer.Num() : 0 | Character ID : ac032e3a-931c-11f0-8bf1-42010a7be01f | Session ID : -1
[16:45:18] ConvaiGRPCLog : Log : On Stream Write Done Writing
[16:45:18] ConvaiPlayerLog : Log : Finished Talking
[16:45:18] ConvaiGRPCLog : Log : OnStreamWriteDone
[16:45:18] ConvaiGRPCLog : Log : NumberOfAudioBytesSent 1364
[16:45:18] ConvaiPlayerLog : Log : Started Talking
[16:45:18] ConvaiAudioLog : Log : Using Headset Microphone (Oculus Virtual Audio Device) as Audio capture device with NumChannels:1 and SampleRate:48000
[16:45:18] ConvaiChatbotComponentLog : Warning : StartGetResponseStream: ConvaiActions: The Environment object does not have any actions added, please add some actions using "Add Action" or "Add Actions" function
[16:45:18] ConvaiChatbotComponentLog : Log : StartGetResponseStream: Environment object seems to have issues -> setting GenerateActions to false
[16:45:18] ConvaiChatbotComponentLog : Log : InterruptSpeech: Interrupting character | Character ID : ac032e3a-931c-11f0-8bf1-42010a7be01f | Session ID : -1
[16:45:18] ConvaiChatbotComponentLog : Log : UConvaiChatbotComponent Request Finished! | Character ID : ac032e3a-931c-11f0-8bf1-42010a7be01f | Session ID : -1
[16:45:18] ConvaiChatbotComponentLog : Log : Chatbot Total Received Audio: 0.000000 seconds
[16:45:18] ConvaiGRPCLog : Log : AsyncGetResponse started | Character ID : ac032e3a-931c-11f0-8bf1-42010a7be01f | Session ID : -1
[16:45:18] ConvaiGRPCLog : Log : GRPC GetResponse stream initialized | Character ID : ac032e3a-931c-11f0-8bf1-42010a7be01f | Session ID : -1
[16:45:18] ConvaiGRPCLog : Log : request: character_id: "ac032e3a-931c-11f0-8bf1-42010a7be01f"
api_key: "0d59d0e9911a2f0886cb47a3cf7925ab"
session_id: "-1"
audio_config {
  sample_rate_hertz: 16000
  enable_facial_data: true
  face_model: FACE_MODEL_OVR_MODEL_NAME
}
action_config {
  characters {
    name: "Player"
  }
  classification: "multistep"
}
speaker: "Player"
dynamic_info_config {
}
 | Character ID : ac032e3a-931c-11f0-8bf1-42010a7be01f | Session ID : -1
[16:45:18] ConvaiGRPCLog : Log : Initial Stream Write | Character ID : ac032e3a-931c-11f0-8bf1-42010a7be01f | Session ID : -1
[16:45:18] ConvaiGRPCLog : Log : Initial Stream Read | Character ID : ac032e3a-931c-11f0-8bf1-42010a7be01f | Session ID : -1
[16:45:18] ConvaiPlayerLog : Log : FinishTalking calling FinishGetResponseStream
[16:45:18] ConvaiGRPCLog : Log : Finish Writing to audio data buffer
[16:45:18] ConvaiGRPCLog : Log : FinishWriting:: Informing On Data Received
[16:45:18] ConvaiGRPCLog : Log : Calling Stream WritesDone | LastWriteReceived : True | AudioBuffer.Num() : 0 | Character ID : ac032e3a-931c-11f0-8bf1-42010a7be01f | Session ID : -1
[16:45:18] ConvaiGRPCLog : Log : On Stream Write Done Writing
[16:45:18] ConvaiPlayerLog : Log : Finished Talking
[16:45:18] ConvaiGRPCLog : Log : OnStreamWriteDone
[16:45:18] ConvaiGRPCLog : Log : NumberOfAudioBytesSent 1364
[16:45:18] ConvaiPlayerLog : Log : Started Talking
[16:45:18] ConvaiAudioLog : Log : Using Headset Microphone (Oculus Virtual Audio Device) as Audio capture device with NumChannels:1 and SampleRate:48000
[16:45:18] ConvaiChatbotComponentLog : Warning : StartGetResponseStream: ConvaiActions: The Environment object does not have any actions added, please add some actions using "Add Action" or "Add Actions" function
[16:45:18] ConvaiChatbotComponentLog : Log : StartGetResponseStream: Environment object seems to have issues -> setting GenerateActions to false
[16:45:18] ConvaiChatbotComponentLog : Log : InterruptSpeech: Interrupting character | Character ID : ac032e3a-931c-11f0-8bf1-42010a7be01f | Session ID : -1
[16:45:18] ConvaiChatbotComponentLog : Log : UConvaiChatbotComponent Request Finished! | Character ID : ac032e3a-931c-11f0-8bf1-42010a7be01f | Session ID : -1
[16:45:18] ConvaiChatbotComponentLog : Log : Chatbot Total Received Audio: 0.000000 seconds
[16:45:18] ConvaiGRPCLog : Log : AsyncGetResponse started | Character ID : ac032e3a-931c-11f0-8bf1-42010a7be01f | Session ID : -1
[16:45:18] ConvaiGRPCLog : Log : GRPC GetResponse stream initialized | Character ID : ac032e3a-931c-11f0-8bf1-42010a7be01f | Session ID : -1
[16:45:18] ConvaiGRPCLog : Log : request: character_id: "ac032e3a-931c-11f0-8bf1-42010a7be01f"
api_key: "0d59d0e9911a2f0886cb47a3cf7925ab"
session_id: "-1"
audio_config {
  sample_rate_hertz: 16000
  enable_facial_data: true
  face_model: FACE_MODEL_OVR_MODEL_NAME
}
action_config {
  characters {
    name: "Player"
  }
  classification: "multistep"
}
speaker: "Player"
dynamic_info_config {
}
 | Character ID : ac032e3a-931c-11f0-8bf1-42010a7be01f | Session ID : -1
[16:45:18] ConvaiGRPCLog : Log : Initial Stream Write | Character ID : ac032e3a-931c-11f0-8bf1-42010a7be01f | Session ID : -1
[16:45:18] ConvaiGRPCLog : Log : Initial Stream Read | Character ID : ac032e3a-931c-11f0-8bf1-42010a7be01f | Session ID : -1
[16:45:18] ConvaiPlayerLog : Log : FinishTalking calling FinishGetResponseStream
[16:45:18] ConvaiGRPCLog : Log : Finish Writing to audio data buffer
[16:45:18] ConvaiGRPCLog : Log : FinishWriting:: Informing On Data Received
[16:45:18] ConvaiGRPCLog : Log : Calling Stream WritesDone | LastWriteReceived : True | AudioBuffer.Num() : 0 | Character ID : ac032e3a-931c-11f0-8bf1-42010a7be01f | Session ID : -1
[16:45:18] ConvaiGRPCLog : Log : On Stream Write Done Writing
[16:45:18] ConvaiPlayerLog : Log : Finished Talking
[16:45:18] ConvaiGRPCLog : Log : OnStreamWriteDone
[16:45:18] ConvaiGRPCLog : Log : NumberOfAudioBytesSent 1364
[16:45:18] ConvaiPlayerLog : Log : Started Talking
[16:45:18] ConvaiAudioLog : Log : Using Headset Microphone (Oculus Virtual Audio Device) as Audio capture device with NumChannels:1 and SampleRate:48000
[16:45:18] ConvaiChatbotComponentLog : Warning : StartGetResponseStream: ConvaiActions: The Environment object does not have any actions added, please add some actions using "Add Action" or "Add Actions" function
[16:45:18] ConvaiChatbotComponentLog : Log : StartGetResponseStream: Environment object seems to have issues -> setting GenerateActions to false
[16:45:18] ConvaiChatbotComponentLog : Log : InterruptSpeech: Interrupting character | Character ID : ac032e3a-931c-11f0-8bf1-42010a7be01f | Session ID : -1
[16:45:18] ConvaiChatbotComponentLog : Log : UConvaiChatbotComponent Request Finished! | Character ID : ac032e3a-931c-11f0-8bf1-42010a7be01f | Session ID : -1
[16:45:18] ConvaiChatbotComponentLog : Log : Chatbot Total Received Audio: 0.000000 seconds
[16:45:18] ConvaiGRPCLog : Log : AsyncGetResponse started | Character ID : ac032e3a-931c-11f0-8bf1-42010a7be01f | Session ID : -1
[16:45:18] ConvaiGRPCLog : Log : GRPC GetResponse stream initialized | Character ID : ac032e3a-931c-11f0-8bf1-42010a7be01f | Session ID : -1
[16:45:18] ConvaiGRPCLog : Log : request: character_id: "ac032e3a-931c-11f0-8bf1-42010a7be01f"
api_key: "0d59d0e9911a2f0886cb47a3cf7925ab"
session_id: "-1"
audio_config {
  sample_rate_hertz: 16000
  enable_facial_data: true
  face_model: FACE_MODEL_OVR_MODEL_NAME
}
action_config {
  characters {
    name: "Player"
  }
  classification: "multistep"
}
speaker: "Player"
dynamic_info_config {
}
 | Character ID : ac032e3a-931c-11f0-8bf1-42010a7be01f | Session ID : -1
[16:45:18] ConvaiGRPCLog : Log : Initial Stream Write | Character ID : ac032e3a-931c-11f0-8bf1-42010a7be01f | Session ID : -1
[16:45:18] ConvaiGRPCLog : Log : Initial Stream Read | Character ID : ac032e3a-931c-11f0-8bf1-42010a7be01f | Session ID : -1
[16:45:19] ConvaiPlayerLog : Log : FinishTalking calling FinishGetResponseStream
[16:45:19] ConvaiGRPCLog : Log : Finish Writing to audio data buffer
[16:45:19] ConvaiGRPCLog : Log : FinishWriting:: Informing On Data Received
[16:45:19] ConvaiGRPCLog : Log : Calling Stream WritesDone | LastWriteReceived : True | AudioBuffer.Num() : 0 | Character ID : ac032e3a-931c-11f0-8bf1-42010a7be01f | Session ID : -1
[16:45:19] ConvaiGRPCLog : Log : On Stream Write Done Writing
[16:45:19] ConvaiPlayerLog : Log : Finished Talking
[16:45:19] ConvaiGRPCLog : Log : OnStreamWriteDone
[16:45:19] ConvaiGRPCLog : Log : NumberOfAudioBytesSent 2728
[16:45:19] ConvaiPlayerLog : Log : Started Talking
[16:45:19] ConvaiAudioLog : Log : Using Headset Microphone (Oculus Virtual Audio Device) as Audio capture device with NumChannels:1 and SampleRate:48000
[16:45:19] ConvaiChatbotComponentLog : Warning : StartGetResponseStream: ConvaiActions: The Environment object does not have any actions added, please add some actions using "Add Action" or "Add Actions" function
[16:45:19] ConvaiChatbotComponentLog : Log : StartGetResponseStream: Environment object seems to have issues -> setting GenerateActions to false
[16:45:19] ConvaiChatbotComponentLog : Log : InterruptSpeech: Interrupting character | Character ID : ac032e3a-931c-11f0-8bf1-42010a7be01f | Session ID : -1
[16:45:19] ConvaiChatbotComponentLog : Log : UConvaiChatbotComponent Request Finished! | Character ID : ac032e3a-931c-11f0-8bf1-42010a7be01f | Session ID : -1
[16:45:19] ConvaiChatbotComponentLog : Log : Chatbot Total Received Audio: 0.000000 seconds
[16:45:19] ConvaiGRPCLog : Log : AsyncGetResponse started | Character ID : ac032e3a-931c-11f0-8bf1-42010a7be01f | Session ID : -1
[16:45:19] ConvaiGRPCLog : Log : GRPC GetResponse stream initialized | Character ID : ac032e3a-931c-11f0-8bf1-42010a7be01f | Session ID : -1
[16:45:19] ConvaiGRPCLog : Log : request: character_id: "ac032e3a-931c-11f0-8bf1-42010a7be01f"
api_key: "0d59d0e9911a2f0886cb47a3cf7925ab"
session_id: "-1"
audio_config {
  sample_rate_hertz: 16000
  enable_facial_data: true
  face_model: FACE_MODEL_OVR_MODEL_NAME
}
action_config {
  characters {
    name: "Player"
  }
  classification: "multistep"
}
speaker: "Player"
dynamic_info_config {
}
 | Character ID : ac032e3a-931c-11f0-8bf1-42010a7be01f | Session ID : -1
[16:45:19] ConvaiGRPCLog : Log : Initial Stream Write | Character ID : ac032e3a-931c-11f0-8bf1-42010a7be01f | Session ID : -1
[16:45:19] ConvaiGRPCLog : Log : Initial Stream Read | Character ID : ac032e3a-931c-11f0-8bf1-42010a7be01f | Session ID : -1
[16:45:19] ConvaiPlayerLog : Log : FinishTalking calling FinishGetResponseStream
[16:45:19] ConvaiGRPCLog : Log : Finish Writing to audio data buffer
[16:45:19] ConvaiGRPCLog : Log : FinishWriting:: Informing On Data Received
[16:45:19] ConvaiGRPCLog : Log : Calling Stream WritesDone | LastWriteReceived : True | AudioBuffer.Num() : 0 | Character ID : ac032e3a-931c-11f0-8bf1-42010a7be01f | Session ID : -1
[16:45:19] ConvaiGRPCLog : Log : On Stream Write Done Writing
[16:45:19] ConvaiPlayerLog : Log : Finished Talking
[16:45:19] ConvaiGRPCLog : Log : OnStreamWriteDone
[16:45:19] ConvaiGRPCLog : Log : NumberOfAudioBytesSent 1364
[16:45:19] ConvaiPlayerLog : Log : Started Talking
[16:45:19] ConvaiAudioLog : Log : Using Headset Microphone (Oculus Virtual Audio Device) as Audio capture device with NumChannels:1 and SampleRate:48000
[16:45:19] ConvaiChatbotComponentLog : Warning : StartGetResponseStream: ConvaiActions: The Environment object does not have any actions added, please add some actions using "Add Action" or "Add Actions" function
[16:45:19] ConvaiChatbotComponentLog : Log : StartGetResponseStream: Environment object seems to have issues -> setting GenerateActions to false
[16:45:19] ConvaiChatbotComponentLog : Log : InterruptSpeech: Interrupting character | Character ID : ac032e3a-931c-11f0-8bf1-42010a7be01f | Session ID : -1
[16:45:19] ConvaiChatbotComponentLog : Log : UConvaiChatbotComponent Request Finished! | Character ID : ac032e3a-931c-11f0-8bf1-42010a7be01f | Session ID : -1
[16:45:19] ConvaiChatbotComponentLog : Log : Chatbot Total Received Audio: 0.000000 seconds
[16:45:19] ConvaiGRPCLog : Log : AsyncGetResponse started | Character ID : ac032e3a-931c-11f0-8bf1-42010a7be01f | Session ID : -1
[16:45:19] ConvaiGRPCLog : Log : GRPC GetResponse stream initialized | Character ID : ac032e3a-931c-11f0-8bf1-42010a7be01f | Session ID : -1
[16:45:19] ConvaiGRPCLog : Log : request: character_id: "ac032e3a-931c-11f0-8bf1-42010a7be01f"
api_key: "0d59d0e9911a2f0886cb47a3cf7925ab"
session_id: "-1"
audio_config {
  sample_rate_hertz: 16000
  enable_facial_data: true
  face_model: FACE_MODEL_OVR_MODEL_NAME
}
action_config {
  characters {
    name: "Player"
  }
  classification: "multistep"
}
speaker: "Player"
dynamic_info_config {
}
 | Character ID : ac032e3a-931c-11f0-8bf1-42010a7be01f | Session ID : -1
[16:45:19] ConvaiGRPCLog : Log : Initial Stream Write | Character ID : ac032e3a-931c-11f0-8bf1-42010a7be01f | Session ID : -1
[16:45:19] ConvaiGRPCLog : Log : Initial Stream Read | Character ID : ac032e3a-931c-11f0-8bf1-42010a7be01f | Session ID : -1
[16:45:19] ConvaiPlayerLog : Log : FinishTalking calling FinishGetResponseStream
[16:45:19] ConvaiGRPCLog : Log : Finish Writing to audio data buffer
[16:45:19] ConvaiGRPCLog : Log : FinishWriting:: Informing On Data Received
[16:45:19] ConvaiGRPCLog : Log : Calling Stream WritesDone | LastWriteReceived : True | AudioBuffer.Num() : 0 | Character ID : ac032e3a-931c-11f0-8bf1-42010a7be01f | Session ID : -1
[16:45:19] ConvaiGRPCLog : Log : On Stream Write Done Writing
[16:45:19] ConvaiPlayerLog : Log : Finished Talking
[16:45:19] ConvaiGRPCLog : Log : OnStreamWriteDone
[16:45:19] ConvaiGRPCLog : Log : NumberOfAudioBytesSent 1364
[16:45:19] ConvaiPlayerLog : Log : Started Talking
[16:45:19] ConvaiAudioLog : Log : Using Headset Microphone (Oculus Virtual Audio Device) as Audio capture device with NumChannels:1 and SampleRate:48000
[16:45:19] ConvaiChatbotComponentLog : Warning : StartGetResponseStream: ConvaiActions: The Environment object does not have any actions added, please add some actions using "Add Action" or "Add Actions" function
[16:45:19] ConvaiChatbotComponentLog : Log : StartGetResponseStream: Environment object seems to have issues -> setting GenerateActions to false
[16:45:19] ConvaiChatbotComponentLog : Log : InterruptSpeech: Interrupting character | Character ID : ac032e3a-931c-11f0-8bf1-42010a7be01f | Session ID : -1
[16:45:19] ConvaiChatbotComponentLog : Log : UConvaiChatbotComponent Request Finished! | Character ID : ac032e3a-931c-11f0-8bf1-42010a7be01f | Session ID : -1
[16:45:19] ConvaiChatbotComponentLog : Log : Chatbot Total Received Audio: 0.000000 seconds
[16:45:19] ConvaiGRPCLog : Log : AsyncGetResponse started | Character ID : ac032e3a-931c-11f0-8bf1-42010a7be01f | Session ID : -1
[16:45:19] ConvaiGRPCLog : Log : GRPC GetResponse stream initialized | Character ID : ac032e3a-931c-11f0-8bf1-42010a7be01f | Session ID : -1
[16:45:19] ConvaiGRPCLog : Log : request: character_id: "ac032e3a-931c-11f0-8bf1-42010a7be01f"
api_key: "0d59d0e9911a2f0886cb47a3cf7925ab"
session_id: "-1"
audio_config {
  sample_rate_hertz: 16000
  enable_facial_data: true
  face_model: FACE_MODEL_OVR_MODEL_NAME
}
action_config {
  characters {
    name: "Player"
  }
  classification: "multistep"
}
speaker: "Player"
dynamic_info_config {
}
 | Character ID : ac032e3a-931c-11f0-8bf1-42010a7be01f | Session ID : -1
[16:45:19] ConvaiGRPCLog : Log : Initial Stream Write | Character ID : ac032e3a-931c-11f0-8bf1-42010a7be01f | Session ID : -1
[16:45:19] ConvaiGRPCLog : Log : Initial Stream Read | Character ID : ac032e3a-931c-11f0-8bf1-42010a7be01f | Session ID : -1
[16:45:19] ConvaiPlayerLog : Log : FinishTalking calling FinishGetResponseStream
[16:45:19] ConvaiGRPCLog : Log : Finish Writing to audio data buffer
[16:45:19] ConvaiGRPCLog : Log : FinishWriting:: Informing On Data Received
[16:45:19] ConvaiGRPCLog : Log : Calling Stream WritesDone | LastWriteReceived : True | AudioBuffer.Num() : 0 | Character ID : ac032e3a-931c-11f0-8bf1-42010a7be01f | Session ID : -1
[16:45:19] ConvaiGRPCLog : Log : On Stream Write Done Writing
[16:45:19] ConvaiPlayerLog : Log : Finished Talking
[16:45:19] ConvaiGRPCLog : Log : OnStreamWriteDone
[16:45:19] ConvaiGRPCLog : Log : NumberOfAudioBytesSent 2046
[16:45:19] ConvaiPlayerLog : Log : Started Talking
[16:45:19] ConvaiAudioLog : Log : Using Headset Microphone (Oculus Virtual Audio Device) as Audio capture device with NumChannels:1 and SampleRate:48000
[16:45:19] ConvaiChatbotComponentLog : Log : InterruptSpeech: Interrupting character | Character ID : ac032e3a-931c-11f0-8bf1-42010a7be01f | Session ID : -1
[16:45:19] ConvaiChatbotComponentLog : Log : UConvaiChatbotComponent Request Finished! | Character ID : ac032e3a-931c-11f0-8bf1-42010a7be01f | Session ID : -1
[16:45:19] ConvaiChatbotComponentLog : Log : Chatbot Total Received Audio: 0.000000 seconds
[16:45:19] ConvaiGRPCLog : Log : AsyncGetResponse started | Character ID : ac032e3a-931c-11f0-8bf1-42010a7be01f | Session ID : -1
[16:45:19] ConvaiGRPCLog : Log : GRPC GetResponse stream initialized | Character ID : ac032e3a-931c-11f0-8bf1-42010a7be01f | Session ID : -1
[16:45:19] ConvaiGRPCLog : Log : request: character_id: "ac032e3a-931c-11f0-8bf1-42010a7be01f"
api_key: "0d59d0e9911a2f0886cb47a3cf7925ab"
session_id: "-1"
audio_config {
  sample_rate_hertz: 16000
  enable_facial_data: true
  face_model: FACE_MODEL_OVR_MODEL_NAME
}
action_config {
  actions: "Moves To"
  actions: "Follows"
  actions: "None"
  actions: "Stops"
  actions: "Waits for <time in seconds or character>"
  characters {
    name: "Player"
  }
  characters {
    name: "Malia"
  }
  characters {
    name: "Guest"
  }
  classification: "multistep"
}
speaker: "Player"
dynamic_info_config {
}
 | Character ID : ac032e3a-931c-11f0-8bf1-42010a7be01f | Session ID : -1
[16:45:19] ConvaiGRPCLog : Log : Initial Stream Write | Character ID : ac032e3a-931c-11f0-8bf1-42010a7be01f | Session ID : -1
[16:45:19] ConvaiGRPCLog : Log : Initial Stream Read | Character ID : ac032e3a-931c-11f0-8bf1-42010a7be01f | Session ID : -1
[16:45:19] ConvaiPlayerLog : Log : FinishTalking calling FinishGetResponseStream
[16:45:19] ConvaiGRPCLog : Log : Finish Writing to audio data buffer
[16:45:19] ConvaiGRPCLog : Log : FinishWriting:: Informing On Data Received
[16:45:19] ConvaiGRPCLog : Log : Calling Stream WritesDone | LastWriteReceived : True | AudioBuffer.Num() : 0 | Character ID : ac032e3a-931c-11f0-8bf1-42010a7be01f | Session ID : -1
[16:45:19] ConvaiGRPCLog : Log : On Stream Write Done Writing
[16:45:19] ConvaiPlayerLog : Log : Finished Talking
[16:45:19] ConvaiGRPCLog : Log : OnStreamWriteDone
[16:45:19] ConvaiGRPCLog : Log : NumberOfAudioBytesSent 1364
[16:45:20] ConvaiGRPCLog : Log : GetResponse EmotionResponseDebug: session_id: "1b956e16af65eb7b48e61d4957d7f7a5"
emotion_response: "Distraction"

[16:45:20] ConvaiGRPCLog : Log : GetResponse EmotionResponseDebug: session_id: "e3909b06c2115181f565e5cfaf5a5eca"
emotion_response: "Distraction"

[16:45:20] ConvaiGRPCLog : Log : GetResponse EmotionResponseDebug: session_id: "b60439002c9db3e601ee208ba0da29ea"
emotion_response: "Distraction"

[16:45:20] ConvaiGRPCLog : Log : Received Audio Chunk: 0.751519 secs | Character ID : ac032e3a-931c-11f0-8bf1-42010a7be01f | Session ID : 1b956e16af65eb7b48e61d4957d7f7a5
[16:45:20] ConvaiGRPCLog : Log : EmotionResponse: surprise 1
[16:45:20] ConvaiGRPCLog : Log : Received Text Bonjour ! : | Character ID : ac032e3a-931c-11f0-8bf1-42010a7be01f | Session ID : 1b956e16af65eb7b48e61d4957d7f7a5 | ReceivedFinalResponse : False
[16:45:21] ConvaiGRPCLog : Log : Received Audio Chunk: 0.751519 secs | Character ID : ac032e3a-931c-11f0-8bf1-42010a7be01f | Session ID : cf346b63f4f262e058da8505c656a20e
[16:45:21] ConvaiGRPCLog : Log : EmotionResponse: neutral 1
[16:45:21] ConvaiGRPCLog : Log : Received Text Bonjour ! : | Character ID : ac032e3a-931c-11f0-8bf1-42010a7be01f | Session ID : cf346b63f4f262e058da8505c656a20e | ReceivedFinalResponse : False
[16:45:21] ConvaiGRPCLog : Log : GetResponse EmotionResponseDebug: session_id: "1b956e16af65eb7b48e61d4957d7f7a5"
emotion_response: "Distraction"

[16:45:21] ConvaiGRPCLog : Log : Received Audio Chunk: 0.751519 secs | Character ID : ac032e3a-931c-11f0-8bf1-42010a7be01f | Session ID : e3909b06c2115181f565e5cfaf5a5eca
[16:45:21] ConvaiGRPCLog : Log : EmotionResponse: surprise 1
[16:45:21] ConvaiGRPCLog : Log : Received Text Bonjour ! : | Character ID : ac032e3a-931c-11f0-8bf1-42010a7be01f | Session ID : e3909b06c2115181f565e5cfaf5a5eca | ReceivedFinalResponse : False
[16:45:21] ConvaiGRPCLog : Log : GetResponse EmotionResponseDebug: session_id: "dda68965d7422ec385f48c6da2264100"
emotion_response: "Distraction"

[16:45:21] ConvaiGRPCLog : Log : Received Audio Chunk: 0.751519 secs | Character ID : ac032e3a-931c-11f0-8bf1-42010a7be01f | Session ID : b60439002c9db3e601ee208ba0da29ea
[16:45:21] ConvaiGRPCLog : Log : EmotionResponse: surprise 1
[16:45:21] ConvaiGRPCLog : Log : Received Text Bonjour ! : | Character ID : ac032e3a-931c-11f0-8bf1-42010a7be01f | Session ID : b60439002c9db3e601ee208ba0da29ea | ReceivedFinalResponse : False
[16:45:21] ConvaiGRPCLog : Log : GetResponse EmotionResponseDebug: session_id: "e3909b06c2115181f565e5cfaf5a5eca"
emotion_response: "Distraction"

[16:45:21] ConvaiGRPCLog : Log : Received Audio Chunk: 0.870612 secs | Character ID : ac032e3a-931c-11f0-8bf1-42010a7be01f | Session ID : 1b956e16af65eb7b48e61d4957d7f7a5
[16:45:21] ConvaiGRPCLog : Log : EmotionResponse: surprise 1
[16:45:21] ConvaiGRPCLog : Log : Received Text Je suis Malia. : | Character ID : ac032e3a-931c-11f0-8bf1-42010a7be01f | Session ID : 1b956e16af65eb7b48e61d4957d7f7a5 | ReceivedFinalResponse : False
[16:45:21] ConvaiGRPCLog : Log : GetResponse EmotionResponseDebug: session_id: "b60439002c9db3e601ee208ba0da29ea"
emotion_response: "Distraction"

[16:45:21] ConvaiGRPCLog : Log : Received Audio Chunk: 0.870612 secs | Character ID : ac032e3a-931c-11f0-8bf1-42010a7be01f | Session ID : e3909b06c2115181f565e5cfaf5a5eca
[16:45:21] ConvaiGRPCLog : Log : EmotionResponse: surprise 1
[16:45:21] ConvaiGRPCLog : Log : Received Text Je suis Malia. : | Character ID : ac032e3a-931c-11f0-8bf1-42010a7be01f | Session ID : e3909b06c2115181f565e5cfaf5a5eca | ReceivedFinalResponse : False
[16:45:21] ConvaiGRPCLog : Log : GetResponse EmotionResponseDebug: session_id: "e4809767a12f3d06f1d22f44c82f8fff"
emotion_response: "Distraction"

[16:45:21] ConvaiGRPCLog : Log : GetResponse EmotionResponseDebug: session_id: "97c1be82cda024083c32136dc54b43f8"
emotion_response: "Distraction"

[16:45:21] ConvaiGRPCLog : Log : Received Audio Chunk: 0.751519 secs | Character ID : ac032e3a-931c-11f0-8bf1-42010a7be01f | Session ID : dda68965d7422ec385f48c6da2264100
[16:45:21] ConvaiGRPCLog : Log : EmotionResponse: surprise 1
[16:45:21] ConvaiGRPCLog : Log : Received Text Bonjour ! : | Character ID : ac032e3a-931c-11f0-8bf1-42010a7be01f | Session ID : dda68965d7422ec385f48c6da2264100 | ReceivedFinalResponse : False
[16:45:21] ConvaiGRPCLog : Log : Received Audio Chunk: 1.730454 secs | Character ID : ac032e3a-931c-11f0-8bf1-42010a7be01f | Session ID : b60439002c9db3e601ee208ba0da29ea
[16:45:21] ConvaiGRPCLog : Log : EmotionResponse: surprise 1
[16:45:21] ConvaiGRPCLog : Log : Received Text C'est un plaisir de vous rencontrer. : | Character ID : ac032e3a-931c-11f0-8bf1-42010a7be01f | Session ID : b60439002c9db3e601ee208ba0da29ea | ReceivedFinalResponse : False
[16:45:21] ConvaiGRPCLog : Log : GetResponse EmotionResponseDebug: session_id: "1b956e16af65eb7b48e61d4957d7f7a5"
emotion_response: "Distraction"

[16:45:21] ConvaiGRPCLog : Log : GetResponse EmotionResponseDebug: session_id: "5076df6d50310807c6a9add19b33f7e9"
emotion_response: "Distraction"

[16:45:21] ConvaiGRPCLog : Log : Received Audio Chunk: 0.751519 secs | Character ID : ac032e3a-931c-11f0-8bf1-42010a7be01f | Session ID : 97c1be82cda024083c32136dc54b43f8
[16:45:21] ConvaiGRPCLog : Log : EmotionResponse: surprise 1
[16:45:21] ConvaiGRPCLog : Log : Received Text Bonjour ! : | Character ID : ac032e3a-931c-11f0-8bf1-42010a7be01f | Session ID : 97c1be82cda024083c32136dc54b43f8 | ReceivedFinalResponse : False
[16:45:22] ConvaiGRPCLog : Log : GetResponse EmotionResponseDebug: session_id: "e3909b06c2115181f565e5cfaf5a5eca"
emotion_response: "Distraction"

[16:45:22] ConvaiGRPCLog : Log : GetResponse EmotionResponseDebug: session_id: "dda68965d7422ec385f48c6da2264100"
emotion_response: "Distraction"

[16:45:22] ConvaiGRPCLog : Log : Received Audio Chunk: 0.751519 secs | Character ID : ac032e3a-931c-11f0-8bf1-42010a7be01f | Session ID : e4809767a12f3d06f1d22f44c82f8fff
[16:45:22] ConvaiGRPCLog : Log : EmotionResponse: surprise 1
[16:45:22] ConvaiGRPCLog : Log : Received Text Bonjour ! : | Character ID : ac032e3a-931c-11f0-8bf1-42010a7be01f | Session ID : e4809767a12f3d06f1d22f44c82f8fff | ReceivedFinalResponse : False
[16:45:22] ConvaiGRPCLog : Log : Received Audio Chunk: 4.818980 secs | Character ID : ac032e3a-931c-11f0-8bf1-42010a7be01f | Session ID : cf346b63f4f262e058da8505c656a20e
[16:45:22] ConvaiGRPCLog : Log : EmotionResponse: neutral 1
[16:45:22] ConvaiGRPCLog : Log : Received Text Nous allons discuter un peu de cette affirmation : « Les droitiers respirent plus d'oxygène. : | Character ID : ac032e3a-931c-11f0-8bf1-42010a7be01f | Session ID : cf346b63f4f262e058da8505c656a20e | ReceivedFinalResponse : False
[16:45:22] ConvaiGRPCLog : Log : GetResponse EmotionResponseDebug: session_id: "6abaa8e62d500911afb30a079418202c"
emotion_response: "Distraction"

[16:45:22] ConvaiGRPCLog : Log : GetResponse EmotionResponseDebug: session_id: "a2c27965d2ac2d12106751d2212bcaee"
emotion_response: "Distraction"

[16:45:22] ConvaiGRPCLog : Log : GetResponse EmotionResponseDebug: session_id: "97c1be82cda024083c32136dc54b43f8"
emotion_response: "Distraction"

[16:45:22] ConvaiGRPCLog : Log : GetResponse EmotionResponseDebug: session_id: "e4809767a12f3d06f1d22f44c82f8fff"
emotion_response: "Distraction"

[16:45:22] ConvaiGRPCLog : Log : GetResponse EmotionResponseDebug: session_id: "a59caac683001af010179af1e28c2b18"
emotion_response: "Distraction"

[16:45:22] ConvaiGRPCLog : Log : GetResponse EmotionResponseDebug: session_id: "9ad54129595e63d00e72da14e3d1ac33"
emotion_response: "Serenity"

[16:45:22] ConvaiGRPCLog : Log : Received Audio Chunk: 0.751519 secs | Character ID : ac032e3a-931c-11f0-8bf1-42010a7be01f | Session ID : 6abaa8e62d500911afb30a079418202c
[16:45:22] ConvaiGRPCLog : Log : EmotionResponse: surprise 1
[16:45:22] ConvaiGRPCLog : Log : Received Text Bonjour ! : | Character ID : ac032e3a-931c-11f0-8bf1-42010a7be01f | Session ID : 6abaa8e62d500911afb30a079418202c | ReceivedFinalResponse : False
[16:45:22] ConvaiGRPCLog : Log : Received Audio Chunk: 0.751519 secs | Character ID : ac032e3a-931c-11f0-8bf1-42010a7be01f | Session ID : 5076df6d50310807c6a9add19b33f7e9
[16:45:22] ConvaiGRPCLog : Log : EmotionResponse: surprise 1
[16:45:22] ConvaiGRPCLog : Log : Received Text Bonjour ! : | Character ID : ac032e3a-931c-11f0-8bf1-42010a7be01f | Session ID : 5076df6d50310807c6a9add19b33f7e9 | ReceivedFinalResponse : False
[16:45:22] ConvaiGRPCLog : Log : GetResponse EmotionResponseDebug: session_id: "b60439002c9db3e601ee208ba0da29ea"
emotion_response: "Distraction"

[16:45:22] ConvaiGRPCLog : Log : Received Audio Chunk: 0.870612 secs | Character ID : ac032e3a-931c-11f0-8bf1-42010a7be01f | Session ID : dda68965d7422ec385f48c6da2264100
[16:45:22] ConvaiGRPCLog : Log : EmotionResponse: surprise 1
[16:45:22] ConvaiGRPCLog : Log : Received Text Je suis Malia. : | Character ID : ac032e3a-931c-11f0-8bf1-42010a7be01f | Session ID : dda68965d7422ec385f48c6da2264100 | ReceivedFinalResponse : False
[16:45:22] ConvaiGRPCLog : Log : Received Audio Chunk: 0.751519 secs | Character ID : ac032e3a-931c-11f0-8bf1-42010a7be01f | Session ID : a59caac683001af010179af1e28c2b18
[16:45:22] ConvaiGRPCLog : Log : EmotionResponse: surprise 1
[16:45:22] ConvaiGRPCLog : Log : Received Text Bonjour ! : | Character ID : ac032e3a-931c-11f0-8bf1-42010a7be01f | Session ID : a59caac683001af010179af1e28c2b18 | ReceivedFinalResponse : False
[16:45:22] ConvaiGRPCLog : Log : GetResponse EmotionResponseDebug: session_id: "6abaa8e62d500911afb30a079418202c"
emotion_response: "Distraction"

[16:45:22] ConvaiGRPCLog : Log : Received Audio Chunk: 5.091111 secs | Character ID : ac032e3a-931c-11f0-8bf1-42010a7be01f | Session ID : 1b956e16af65eb7b48e61d4957d7f7a5
[16:45:22] ConvaiGRPCLog : Log : EmotionResponse: surprise 1
[16:45:22] ConvaiGRPCLog : Log : Received Text On m'a dit que vous pensiez que l'affirmation « Les droitiers respirent plus d'oxygène » était vraie. : | Character ID : ac032e3a-931c-11f0-8bf1-42010a7be01f | Session ID : 1b956e16af65eb7b48e61d4957d7f7a5 | ReceivedFinalResponse : False
[16:45:22] ConvaiGRPCLog : Log : Received Audio Chunk: 0.870612 secs | Character ID : ac032e3a-931c-11f0-8bf1-42010a7be01f | Session ID : 97c1be82cda024083c32136dc54b43f8
[16:45:22] ConvaiGRPCLog : Log : EmotionResponse: surprise 1
[16:45:22] ConvaiGRPCLog : Log : Received Text Je suis Malia. : | Character ID : ac032e3a-931c-11f0-8bf1-42010a7be01f | Session ID : 97c1be82cda024083c32136dc54b43f8 | ReceivedFinalResponse : False
[16:45:22] ConvaiGRPCLog : Log : GetResponse EmotionResponseDebug: session_id: "5076df6d50310807c6a9add19b33f7e9"
emotion_response: "Distraction"

[16:45:22] ConvaiGRPCLog : Log : Received Audio Chunk: 4.981678 secs | Character ID : ac032e3a-931c-11f0-8bf1-42010a7be01f | Session ID : e3909b06c2115181f565e5cfaf5a5eca
[16:45:22] ConvaiGRPCLog : Log : EmotionResponse: surprise 1
[16:45:22] ConvaiGRPCLog : Log : Received Text On m'a dit que vous aviez une opinion sur l'affirmation « Les droitiers respirent plus d'oxygène ». : | Character ID : ac032e3a-931c-11f0-8bf1-42010a7be01f | Session ID : e3909b06c2115181f565e5cfaf5a5eca | ReceivedFinalResponse : False
[16:45:22] ConvaiGRPCLog : Log : Received Audio Chunk: 0.870612 secs | Character ID : ac032e3a-931c-11f0-8bf1-42010a7be01f | Session ID : e4809767a12f3d06f1d22f44c82f8fff
[16:45:22] ConvaiGRPCLog : Log : EmotionResponse: surprise 1
[16:45:22] ConvaiGRPCLog : Log : Received Text Je suis Malia. : | Character ID : ac032e3a-931c-11f0-8bf1-42010a7be01f | Session ID : e4809767a12f3d06f1d22f44c82f8fff | ReceivedFinalResponse : False
[16:45:22] ConvaiGRPCLog : Log : GetResponse EmotionResponseDebug: session_id: "a59caac683001af010179af1e28c2b18"
emotion_response: "Distraction"

[16:45:22] ConvaiChatbotComponentLog : Log : InterruptSpeech: Interrupting character | Character ID : ac032e3a-931c-11f0-8bf1-42010a7be01f | Session ID : 9ad54129595e63d00e72da14e3d1ac33
[16:45:22] ConvaiChatbotComponentLog : Log : UConvaiChatbotComponent Request Finished! | Character ID : ac032e3a-931c-11f0-8bf1-42010a7be01f | Session ID : 9ad54129595e63d00e72da14e3d1ac33
[16:45:22] ConvaiChatbotComponentLog : Log : Chatbot Total Received Audio: 0.000000 seconds
[16:45:22] ConvaiGRPCLog : Log : AsyncGetResponse started | Character ID : ac032e3a-931c-11f0-8bf1-42010a7be01f | Session ID : 9ad54129595e63d00e72da14e3d1ac33
[16:45:22] ConvaiGRPCLog : Log : GRPC GetResponse stream initialized | Character ID : ac032e3a-931c-11f0-8bf1-42010a7be01f | Session ID : 9ad54129595e63d00e72da14e3d1ac33
[16:45:22] ConvaiGRPCLog : Log : request: character_id: "ac032e3a-931c-11f0-8bf1-42010a7be01f"
api_key: "0d59d0e9911a2f0886cb47a3cf7925ab"
session_id: "9ad54129595e63d00e72da14e3d1ac33"
audio_config {
  sample_rate_hertz: 16000
  enable_facial_data: true
  face_model: FACE_MODEL_OVR_MODEL_NAME
}
action_config {
  actions: "Moves To"
  actions: "Follows"
  actions: "None"
  actions: "Stops"
  actions: "Waits for <time in seconds or character>"
  characters {
    name: "Player"
  }
  characters {
    name: "Malia"
  }
  characters {
    name: "Guest"
  }
  classification: "multistep"
}
speaker: "Player"
dynamic_info_config {
}
 | Character ID : ac032e3a-931c-11f0-8bf1-42010a7be01f | Session ID : 9ad54129595e63d00e72da14e3d1ac33
[16:45:22] ConvaiGRPCLog : Log : Initial Stream Write | Character ID : ac032e3a-931c-11f0-8bf1-42010a7be01f | Session ID : 9ad54129595e63d00e72da14e3d1ac33
[16:45:22] ConvaiGRPCLog : Log : Initial Stream Read | Character ID : ac032e3a-931c-11f0-8bf1-42010a7be01f | Session ID : 9ad54129595e63d00e72da14e3d1ac33
[16:45:22] ConvaiGRPCLog : Log : Sent UserQuery hello: | Character ID : ac032e3a-931c-11f0-8bf1-42010a7be01f | Session ID : 9ad54129595e63d00e72da14e3d1ac33
[16:45:22] ConvaiGRPCLog : Log : Calling Stream WriteLast | Character ID : ac032e3a-931c-11f0-8bf1-42010a7be01f | Session ID : 9ad54129595e63d00e72da14e3d1ac33
[16:45:22] ConvaiGRPCLog : Log : OnStreamWriteDone
[16:45:22] ConvaiGRPCLog : Log : NumberOfAudioBytesSent 0
[16:45:22] ConvaiGRPCLog : Log : Received Audio Chunk: 0.751519 secs | Character ID : ac032e3a-931c-11f0-8bf1-42010a7be01f | Session ID : a2c27965d2ac2d12106751d2212bcaee
[16:45:22] ConvaiGRPCLog : Log : EmotionResponse: surprise 1
[16:45:22] ConvaiGRPCLog : Log : Received Text Bonjour ! : | Character ID : ac032e3a-931c-11f0-8bf1-42010a7be01f | Session ID : a2c27965d2ac2d12106751d2212bcaee | ReceivedFinalResponse : False
[16:45:22] ConvaiGRPCLog : Log : Received Audio Chunk: 6.132290 secs | Character ID : ac032e3a-931c-11f0-8bf1-42010a7be01f | Session ID : b60439002c9db3e601ee208ba0da29ea
[16:45:22] ConvaiGRPCLog : Log : EmotionResponse: surprise 1
[16:45:22] ConvaiGRPCLog : Log : Received Text Aujourd'hui, on va discuter d'une idée intéressante : "Les droitiers respirent plus d'oxygène." Qu'en pensez-vous ? : | Character ID : ac032e3a-931c-11f0-8bf1-42010a7be01f | Session ID : b60439002c9db3e601ee208ba0da29ea | ReceivedFinalResponse : False
[16:45:22] ConvaiGRPCLog : Log : Received Audio Chunk: 0.751519 secs | Character ID : ac032e3a-931c-11f0-8bf1-42010a7be01f | Session ID : 9ad54129595e63d00e72da14e3d1ac33
[16:45:22] ConvaiGRPCLog : Log : EmotionResponse: joy 1
[16:45:22] ConvaiGRPCLog : Log : Received Text Bonjour ! : | Character ID : ac032e3a-931c-11f0-8bf1-42010a7be01f | Session ID : 9ad54129595e63d00e72da14e3d1ac33 | ReceivedFinalResponse : False
[16:45:22] ConvaiGRPCLog : Log : Received Audio Chunk: 0.870612 secs | Character ID : ac032e3a-931c-11f0-8bf1-42010a7be01f | Session ID : 5076df6d50310807c6a9add19b33f7e9
[16:45:22] ConvaiGRPCLog : Log : EmotionResponse: surprise 1
[16:45:22] ConvaiGRPCLog : Log : Received Text Je suis Malia. : | Character ID : ac032e3a-931c-11f0-8bf1-42010a7be01f | Session ID : 5076df6d50310807c6a9add19b33f7e9 | ReceivedFinalResponse : False
[16:45:22] ConvaiGRPCLog : Log : GetResponse EmotionResponseDebug: session_id: "a2c27965d2ac2d12106751d2212bcaee"
emotion_response: "Distraction"

[16:45:22] ConvaiGRPCLog : Log : Received Audio Chunk: 2.629161 secs | Character ID : ac032e3a-931c-11f0-8bf1-42010a7be01f | Session ID : cf346b63f4f262e058da8505c656a20e
[16:45:22] ConvaiGRPCLog : Log : EmotionResponse: neutral 1
[16:45:22] ConvaiGRPCLog : Log : Received Text » Pour commencer, pensez-vous que c'est vrai ou faux ?: | Character ID : ac032e3a-931c-11f0-8bf1-42010a7be01f | Session ID : cf346b63f4f262e058da8505c656a20e | ReceivedFinalResponse : False
[16:45:22] ConvaiGRPCLog : Log : GetResponse EmotionResponseDebug: session_id: "e3909b06c2115181f565e5cfaf5a5eca"
emotion_response: "Distraction"

[16:45:23] ConvaiGRPCLog : Log : GetResponse EmotionResponseDebug: session_id: "97c1be82cda024083c32136dc54b43f8"
emotion_response: "Distraction"

[16:45:23] ConvaiGRPCLog : Log : GetResponse EmotionResponseDebug: session_id: "dda68965d7422ec385f48c6da2264100"
emotion_response: "Distraction"

[16:45:23] ConvaiGRPCLog : Log : Received Audio Chunk: 0.870612 secs | Character ID : ac032e3a-931c-11f0-8bf1-42010a7be01f | Session ID : 6abaa8e62d500911afb30a079418202c
[16:45:23] ConvaiGRPCLog : Log : EmotionResponse: surprise 1
[16:45:23] ConvaiGRPCLog : Log : Received Text Je suis Malia. : | Character ID : ac032e3a-931c-11f0-8bf1-42010a7be01f | Session ID : 6abaa8e62d500911afb30a079418202c | ReceivedFinalResponse : False
[16:45:23] ConvaiGRPCLog : Log : Chatbot Total Received Lipsync Responses: 821 Responses
[16:45:23] ConvaiGRPCLog : Log : Received Text : | Character ID : ac032e3a-931c-11f0-8bf1-42010a7be01f | Session ID : cf346b63f4f262e058da8505c656a20e | ReceivedFinalResponse : True
[16:45:23] ConvaiGRPCLog : Log : GetResponse SequenceString: 
[16:45:23] ConvaiGRPCLog : Log : GetResponse EmotionResponseDebug: session_id: "9ad54129595e63d00e72da14e3d1ac33"
emotion_response: "Serenity"

[16:45:23] ConvaiGRPCLog : Log : Received Audio Chunk: 0.870612 secs | Character ID : ac032e3a-931c-11f0-8bf1-42010a7be01f | Session ID : a2c27965d2ac2d12106751d2212bcaee
[16:45:23] ConvaiGRPCLog : Log : EmotionResponse: surprise 1
[16:45:23] ConvaiGRPCLog : Log : Received Text Je suis Malia. : | Character ID : ac032e3a-931c-11f0-8bf1-42010a7be01f | Session ID : a2c27965d2ac2d12106751d2212bcaee | ReceivedFinalResponse : False
[16:45:23] ConvaiGRPCLog : Log : Received Audio Chunk: 0.870612 secs | Character ID : ac032e3a-931c-11f0-8bf1-42010a7be01f | Session ID : a59caac683001af010179af1e28c2b18
[16:45:23] ConvaiGRPCLog : Log : EmotionResponse: surprise 1
[16:45:23] ConvaiGRPCLog : Log : Received Text Je suis Malia. : | Character ID : ac032e3a-931c-11f0-8bf1-42010a7be01f | Session ID : a59caac683001af010179af1e28c2b18 | ReceivedFinalResponse : False
[16:45:23] ConvaiGRPCLog : Log : GetResponse EmotionResponseDebug: session_id: "1b956e16af65eb7b48e61d4957d7f7a5"
emotion_response: "Distraction"

[16:45:23] ConvaiGRPCLog : Log : GetResponse EmotionResponseDebug: session_id: "e4809767a12f3d06f1d22f44c82f8fff"
emotion_response: "Distraction"

[16:45:23] ConvaiGRPCLog : Log : GetResponse EmotionResponseDebug: session_id: "b60439002c9db3e601ee208ba0da29ea"
emotion_response: "Distraction"

[16:45:23] ConvaiGRPCLog : Log : Received Audio Chunk: 0.870612 secs | Character ID : ac032e3a-931c-11f0-8bf1-42010a7be01f | Session ID : 9ad54129595e63d00e72da14e3d1ac33
[16:45:23] ConvaiGRPCLog : Log : EmotionResponse: joy 1
[16:45:23] ConvaiGRPCLog : Log : Received Text Je suis Malia. : | Character ID : ac032e3a-931c-11f0-8bf1-42010a7be01f | Session ID : 9ad54129595e63d00e72da14e3d1ac33 | ReceivedFinalResponse : False
[16:45:23] ConvaiGRPCLog : Log : Received Audio Chunk: 5.821451 secs | Character ID : ac032e3a-931c-11f0-8bf1-42010a7be01f | Session ID : 97c1be82cda024083c32136dc54b43f8
[16:45:23] ConvaiGRPCLog : Log : EmotionResponse: surprise 1
[16:45:23] ConvaiGRPCLog : Log : Received Text On m'a dit que vous aviez une opinion sur l'affirmation selon laquelle « Les droitiers respirent plus d'oxygène ». : | Character ID : ac032e3a-931c-11f0-8bf1-42010a7be01f | Session ID : 97c1be82cda024083c32136dc54b43f8 | ReceivedFinalResponse : False
[16:45:23] ConvaiGRPCLog : Log : Received Audio Chunk: 1.750884 secs | Character ID : ac032e3a-931c-11f0-8bf1-42010a7be01f | Session ID : e3909b06c2115181f565e5cfaf5a5eca
[16:45:23] ConvaiGRPCLog : Log : EmotionResponse: surprise 1
[16:45:23] ConvaiGRPCLog : Log : Received Text Pour vous, c'est vrai ou faux ?: | Character ID : ac032e3a-931c-11f0-8bf1-42010a7be01f | Session ID : e3909b06c2115181f565e5cfaf5a5eca | ReceivedFinalResponse : False
[16:45:23] ConvaiGRPCLog : Log : GetResponse EmotionResponseDebug: session_id: "5076df6d50310807c6a9add19b33f7e9"
emotion_response: "Distraction"

[16:45:23] ConvaiGRPCLog : Log : GetResponse EmotionResponseDebug: session_id: "a2c27965d2ac2d12106751d2212bcaee"
emotion_response: "Distraction"

[16:45:23] ConvaiGRPCLog : Log : GetResponse EmotionResponseDebug: session_id: "a59caac683001af010179af1e28c2b18"
emotion_response: "Distraction"

[16:45:23] ConvaiGRPCLog : Log : Received Audio Chunk: 7.312925 secs | Character ID : ac032e3a-931c-11f0-8bf1-42010a7be01f | Session ID : dda68965d7422ec385f48c6da2264100
[16:45:23] ConvaiGRPCLog : Log : EmotionResponse: surprise 1
[16:45:23] ConvaiGRPCLog : Log : Received Text On m'a dit que vous aviez une opinion sur l'affirmation "Les droitiers respirent plus d'oxygène." Je suis curieuse de savoir ce que vous en pensez. : | Character ID : ac032e3a-931c-11f0-8bf1-42010a7be01f | Session ID : dda68965d7422ec385f48c6da2264100 | ReceivedFinalResponse : False
[16:45:23] ConvaiGRPCLog : Log : GetResponse EmotionResponseDebug: session_id: "6abaa8e62d500911afb30a079418202c"
emotion_response: "Distraction"

[16:45:23] ConvaiGRPCLog : Log : Received Audio Chunk: 1.021474 secs | Character ID : ac032e3a-931c-11f0-8bf1-42010a7be01f | Session ID : 1b956e16af65eb7b48e61d4957d7f7a5
[16:45:23] ConvaiGRPCLog : Log : EmotionResponse: surprise 1
[16:45:23] ConvaiGRPCLog : Log : Received Text C'est intéressant. : | Character ID : ac032e3a-931c-11f0-8bf1-42010a7be01f | Session ID : 1b956e16af65eb7b48e61d4957d7f7a5 | ReceivedFinalResponse : False
[16:45:23] ConvaiGRPCLog : Log : Chatbot Total Received Lipsync Responses: 839 Responses
[16:45:23] ConvaiGRPCLog : Log : Received Text : | Character ID : ac032e3a-931c-11f0-8bf1-42010a7be01f | Session ID : e3909b06c2115181f565e5cfaf5a5eca | ReceivedFinalResponse : True
[16:45:23] ConvaiGRPCLog : Log : GetResponse SequenceString: 
[16:45:23] ConvaiGRPCLog : Log : Received Audio Chunk: 1.827687 secs | Character ID : ac032e3a-931c-11f0-8bf1-42010a7be01f | Session ID : b60439002c9db3e601ee208ba0da29ea
[16:45:23] ConvaiGRPCLog : Log : EmotionResponse: surprise 1
[16:45:23] ConvaiGRPCLog : Log : Received Text Est-ce vrai ou faux, selon vous ?: | Character ID : ac032e3a-931c-11f0-8bf1-42010a7be01f | Session ID : b60439002c9db3e601ee208ba0da29ea | ReceivedFinalResponse : False
[16:45:23] ConvaiGRPCLog : Log : Chatbot Total Received Lipsync Responses: 1047 Responses
[16:45:23] ConvaiGRPCLog : Log : Received Text : | Character ID : ac032e3a-931c-11f0-8bf1-42010a7be01f | Session ID : b60439002c9db3e601ee208ba0da29ea | ReceivedFinalResponse : True
[16:45:23] ConvaiGRPCLog : Log : GetResponse SequenceString: 
[16:45:23] ConvaiGRPCLog : Log : Received Audio Chunk: 7.440000 secs | Character ID : ac032e3a-931c-11f0-8bf1-42010a7be01f | Session ID : e4809767a12f3d06f1d22f44c82f8fff
[16:45:23] ConvaiGRPCLog : Log : EmotionResponse: surprise 1
[16:45:23] ConvaiGRPCLog : Log : Received Text Nous allons explorer ensemble une affirmation intéressante : "Les droitiers respirent plus d'oxygène." Qu'en pensez-vous, est-ce vrai ou faux ?: | Character ID : ac032e3a-931c-11f0-8bf1-42010a7be01f | Session ID : e4809767a12f3d06f1d22f44c82f8fff | ReceivedFinalResponse : False
[16:45:23] ConvaiGRPCLog : Log : GetResponse EmotionResponseDebug: session_id: "97c1be82cda024083c32136dc54b43f8"
emotion_response: "Distraction"

[16:45:23] ConvaiGRPCLog : Log : GetResponse EmotionResponseDebug: session_id: "1b956e16af65eb7b48e61d4957d7f7a5"
emotion_response: "Distraction"

[16:45:23] ConvaiGRPCLog : Log : GetResponse EmotionResponseDebug: session_id: "9ad54129595e63d00e72da14e3d1ac33"
emotion_response: "Serenity"

[16:45:23] ConvaiGRPCLog : Log : Received Audio Chunk: 5.539728 secs | Character ID : ac032e3a-931c-11f0-8bf1-42010a7be01f | Session ID : a2c27965d2ac2d12106751d2212bcaee
[16:45:23] ConvaiGRPCLog : Log : EmotionResponse: surprise 1
[16:45:23] ConvaiGRPCLog : Log : Received Text On m'a dit que vous pensiez que l'affirmation « Les droitiers respirent plus d'oxygène » était un fait avéré. : | Character ID : ac032e3a-931c-11f0-8bf1-42010a7be01f | Session ID : a2c27965d2ac2d12106751d2212bcaee | ReceivedFinalResponse : False
[16:45:23] ConvaiGRPCLog : Log : Received Audio Chunk: 4.977959 secs | Character ID : ac032e3a-931c-11f0-8bf1-42010a7be01f | Session ID : 6abaa8e62d500911afb30a079418202c
[16:45:23] ConvaiGRPCLog : Log : EmotionResponse: surprise 1
[16:45:23] ConvaiGRPCLog : Log : Received Text On m'a dit que vous aviez une opinion sur l'affirmation "Les droitiers respirent plus d'oxygène". : | Character ID : ac032e3a-931c-11f0-8bf1-42010a7be01f | Session ID : 6abaa8e62d500911afb30a079418202c | ReceivedFinalResponse : False
[16:45:23] ConvaiGRPCLog : Log : Received Audio Chunk: 2.487846 secs | Character ID : ac032e3a-931c-11f0-8bf1-42010a7be01f | Session ID : 1b956e16af65eb7b48e61d4957d7f7a5
[16:45:23] ConvaiGRPCLog : Log : EmotionResponse: surprise 1
[16:45:23] ConvaiGRPCLog : Log : Received Text Pourriez-vous m'expliquer un peu pourquoi vous le pensez ?: | Character ID : ac032e3a-931c-11f0-8bf1-42010a7be01f | Session ID : 1b956e16af65eb7b48e61d4957d7f7a5 | ReceivedFinalResponse : False
[16:45:23] ConvaiGRPCLog : Log : GetResponse EmotionResponseDebug: session_id: "dda68965d7422ec385f48c6da2264100"
emotion_response: "Distraction"

[16:45:24] ConvaiGRPCLog : Log : Chatbot Total Received Lipsync Responses: 1026 Responses
[16:45:24] ConvaiGRPCLog : Log : Received Text : | Character ID : ac032e3a-931c-11f0-8bf1-42010a7be01f | Session ID : 1b956e16af65eb7b48e61d4957d7f7a5 | ReceivedFinalResponse : True
[16:45:24] ConvaiGRPCLog : Log : GetResponse SequenceString: 
[16:45:24] ConvaiGRPCLog : Log : Received Audio Chunk: 7.312925 secs | Character ID : ac032e3a-931c-11f0-8bf1-42010a7be01f | Session ID : 5076df6d50310807c6a9add19b33f7e9
[16:45:24] ConvaiGRPCLog : Log : EmotionResponse: surprise 1
[16:45:24] ConvaiGRPCLog : Log : Received Text On m'a dit que vous aviez une opinion sur l'affirmation "Les droitiers respirent plus d'oxygène." Je suis curieuse de savoir ce que vous en pensez. : | Character ID : ac032e3a-931c-11f0-8bf1-42010a7be01f | Session ID : 5076df6d50310807c6a9add19b33f7e9 | ReceivedFinalResponse : False
[16:45:24] ConvaiGRPCLog : Log : Received Audio Chunk: 5.091111 secs | Character ID : ac032e3a-931c-11f0-8bf1-42010a7be01f | Session ID : a59caac683001af010179af1e28c2b18
[16:45:24] ConvaiGRPCLog : Log : EmotionResponse: surprise 1
[16:45:24] ConvaiGRPCLog : Log : Received Text On m'a dit que vous pensiez que l'affirmation « Les droitiers respirent plus d'oxygène » était vraie. : | Character ID : ac032e3a-931c-11f0-8bf1-42010a7be01f | Session ID : a59caac683001af010179af1e28c2b18 | ReceivedFinalResponse : False
[16:45:24] ConvaiGRPCLog : Log : Received Audio Chunk: 1.750884 secs | Character ID : ac032e3a-931c-11f0-8bf1-42010a7be01f | Session ID : 97c1be82cda024083c32136dc54b43f8
[16:45:24] ConvaiGRPCLog : Log : EmotionResponse: surprise 1
[16:45:24] ConvaiGRPCLog : Log : Received Text Pour vous, c'est vrai ou faux ?: | Character ID : ac032e3a-931c-11f0-8bf1-42010a7be01f | Session ID : 97c1be82cda024083c32136dc54b43f8 | ReceivedFinalResponse : False
[16:45:24] ConvaiGRPCLog : Log : GetResponse EmotionResponseDebug: session_id: "a2c27965d2ac2d12106751d2212bcaee"
emotion_response: "Distraction"

[16:45:24] ConvaiGRPCLog : Log : Received Audio Chunk: 1.537664 secs | Character ID : ac032e3a-931c-11f0-8bf1-42010a7be01f | Session ID : dda68965d7422ec385f48c6da2264100
[16:45:24] ConvaiGRPCLog : Log : EmotionResponse: surprise 1
[16:45:24] ConvaiGRPCLog : Log : Received Text Est-ce vrai ou faux selon vous ?: | Character ID : ac032e3a-931c-11f0-8bf1-42010a7be01f | Session ID : dda68965d7422ec385f48c6da2264100 | ReceivedFinalResponse : False
[16:45:24] ConvaiGRPCLog : Log : Chatbot Total Received Lipsync Responses: 908 Responses
[16:45:24] ConvaiGRPCLog : Log : Received Text : | Character ID : ac032e3a-931c-11f0-8bf1-42010a7be01f | Session ID : e4809767a12f3d06f1d22f44c82f8fff | ReceivedFinalResponse : True
[16:45:24] ConvaiGRPCLog : Log : GetResponse SequenceString: 
[16:45:24] ConvaiGRPCLog : Log : Chatbot Total Received Lipsync Responses: 1050 Responses
[16:45:24] ConvaiGRPCLog : Log : Received Text : | Character ID : ac032e3a-931c-11f0-8bf1-42010a7be01f | Session ID : dda68965d7422ec385f48c6da2264100 | ReceivedFinalResponse : True
[16:45:24] ConvaiGRPCLog : Log : GetResponse SequenceString: 
[16:45:24] ConvaiGRPCLog : Log : Received Audio Chunk: 4.977959 secs | Character ID : ac032e3a-931c-11f0-8bf1-42010a7be01f | Session ID : 9ad54129595e63d00e72da14e3d1ac33
[16:45:24] ConvaiGRPCLog : Log : EmotionResponse: joy 1
[16:45:24] ConvaiGRPCLog : Log : Received Text On m'a dit que vous aviez une opinion sur l'affirmation "Les droitiers respirent plus d'oxygène". : | Character ID : ac032e3a-931c-11f0-8bf1-42010a7be01f | Session ID : 9ad54129595e63d00e72da14e3d1ac33 | ReceivedFinalResponse : False
[16:45:24] ConvaiGRPCLog : Log : Chatbot Total Received Lipsync Responses: 923 Responses
[16:45:24] ConvaiGRPCLog : Log : Received Text : | Character ID : ac032e3a-931c-11f0-8bf1-42010a7be01f | Session ID : 97c1be82cda024083c32136dc54b43f8 | ReceivedFinalResponse : True
[16:45:24] ConvaiGRPCLog : Log : GetResponse SequenceString: 
[16:45:24] ConvaiGRPCLog : Log : GetResponse EmotionResponseDebug: session_id: "cf346b63f4f262e058da8505c656a20e"
emotion_response: "Trust"

[16:45:24] ConvaiGRPCLog : Log : Received Audio Chunk: 0.951179 secs | Character ID : ac032e3a-931c-11f0-8bf1-42010a7be01f | Session ID : a2c27965d2ac2d12106751d2212bcaee
[16:45:24] ConvaiGRPCLog : Log : EmotionResponse: surprise 1
[16:45:24] ConvaiGRPCLog : Log : Received Text C'est exact ?: | Character ID : ac032e3a-931c-11f0-8bf1-42010a7be01f | Session ID : a2c27965d2ac2d12106751d2212bcaee | ReceivedFinalResponse : False
[16:45:24] ConvaiGRPCLog : Log : GetResponse EmotionResponseDebug: session_id: "6abaa8e62d500911afb30a079418202c"
emotion_response: "Distraction"

[16:45:24] ConvaiGRPCLog : Log : Chatbot Total Received Lipsync Responses: 814 Responses
[16:45:24] ConvaiGRPCLog : Log : Received Text : | Character ID : ac032e3a-931c-11f0-8bf1-42010a7be01f | Session ID : a2c27965d2ac2d12106751d2212bcaee | ReceivedFinalResponse : True
[16:45:24] ConvaiGRPCLog : Log : GetResponse SequenceString: 
[16:45:24] ConvaiGRPCLog : Log : GetResponse EmotionResponseDebug: session_id: "a59caac683001af010179af1e28c2b18"
emotion_response: "Distraction"

[16:45:24] ConvaiGRPCLog : Log : GetResponse EmotionResponseDebug: session_id: "5076df6d50310807c6a9add19b33f7e9"
emotion_response: "Distraction"

[16:45:24] ConvaiGRPCLog : Log : GetResponse EmotionResponseDebug: session_id: "9ad54129595e63d00e72da14e3d1ac33"
emotion_response: "Serenity"

[16:45:24] ConvaiGRPCLog : Log : Received Audio Chunk: 4.918662 secs | Character ID : ac032e3a-931c-11f0-8bf1-42010a7be01f | Session ID : a59caac683001af010179af1e28c2b18
[16:45:24] ConvaiGRPCLog : Log : EmotionResponse: surprise 1
[16:45:24] ConvaiGRPCLog : Log : Received Text C'est une idée intéressante, et beaucoup de gens pourraient être d'accord avec vous au premier abord.: | Character ID : ac032e3a-931c-11f0-8bf1-42010a7be01f | Session ID : a59caac683001af010179af1e28c2b18 | ReceivedFinalResponse : False
[16:45:24] ConvaiGRPCLog : Log : GetResponse EmotionResponseDebug: session_id: "e3909b06c2115181f565e5cfaf5a5eca"
emotion_response: "Trust"

[16:45:24] ConvaiGRPCLog : Log : Received Audio Chunk: 2.601837 secs | Character ID : ac032e3a-931c-11f0-8bf1-42010a7be01f | Session ID : 6abaa8e62d500911afb30a079418202c
[16:45:24] ConvaiGRPCLog : Log : EmotionResponse: surprise 1
[16:45:24] ConvaiGRPCLog : Log : Received Text Pourriez-vous me dire si vous pensez que c'est vrai ou faux ?: | Character ID : ac032e3a-931c-11f0-8bf1-42010a7be01f | Session ID : 6abaa8e62d500911afb30a079418202c | ReceivedFinalResponse : False
[16:45:24] ConvaiGRPCLog : Log : Received Audio Chunk: 1.750884 secs | Character ID : ac032e3a-931c-11f0-8bf1-42010a7be01f | Session ID : 9ad54129595e63d00e72da14e3d1ac33
[16:45:24] ConvaiGRPCLog : Log : EmotionResponse: joy 1
[16:45:24] ConvaiGRPCLog : Log : Received Text Pour vous, c'est vrai ou faux ?: | Character ID : ac032e3a-931c-11f0-8bf1-42010a7be01f | Session ID : 9ad54129595e63d00e72da14e3d1ac33 | ReceivedFinalResponse : False
[16:45:24] ConvaiGRPCLog : Log : Chatbot Total Received Lipsync Responses: 923 Responses
[16:45:24] ConvaiGRPCLog : Log : Received Text : | Character ID : ac032e3a-931c-11f0-8bf1-42010a7be01f | Session ID : 6abaa8e62d500911afb30a079418202c | ReceivedFinalResponse : True
[16:45:24] ConvaiGRPCLog : Log : GetResponse SequenceString: 
[16:45:24] ConvaiGRPCLog : Log : Received Audio Chunk: 1.827687 secs | Character ID : ac032e3a-931c-11f0-8bf1-42010a7be01f | Session ID : 5076df6d50310807c6a9add19b33f7e9
[16:45:24] ConvaiGRPCLog : Log : EmotionResponse: surprise 1
[16:45:24] ConvaiGRPCLog : Log : Received Text Est-ce vrai ou faux, selon vous ?: | Character ID : ac032e3a-931c-11f0-8bf1-42010a7be01f | Session ID : 5076df6d50310807c6a9add19b33f7e9 | ReceivedFinalResponse : False
[16:45:24] ConvaiGRPCLog : Log : Chatbot Total Received Lipsync Responses: 1166 Responses
[16:45:24] ConvaiGRPCLog : Log : Received Text : | Character ID : ac032e3a-931c-11f0-8bf1-42010a7be01f | Session ID : a59caac683001af010179af1e28c2b18 | ReceivedFinalResponse : True
[16:45:24] ConvaiGRPCLog : Log : GetResponse SequenceString: 
[16:45:24] ConvaiGRPCLog : Log : Chatbot Total Received Lipsync Responses: 838 Responses
[16:45:24] ConvaiGRPCLog : Log : Received Text : | Character ID : ac032e3a-931c-11f0-8bf1-42010a7be01f | Session ID : 9ad54129595e63d00e72da14e3d1ac33 | ReceivedFinalResponse : True
[16:45:24] ConvaiGRPCLog : Log : GetResponse SequenceString: None
[16:45:24] ConvaiGRPCLog : Log : Action: None
[16:45:25] ConvaiGRPCLog : Log : No more data to read after 3 attempts. Calling Finish...
[16:45:25] ConvaiGRPCLog : Log : Calling Stream Finish | Character ID : ac032e3a-931c-11f0-8bf1-42010a7be01f | Session ID : cf346b63f4f262e058da8505c656a20e
[16:45:25] ConvaiGRPCLog : Log : On Stream Finish | Character ID : ac032e3a-931c-11f0-8bf1-42010a7be01f | Session ID : cf346b63f4f262e058da8505c656a20e
[16:45:25] ConvaiGRPCLog : Log : GetResponse EmotionResponseDebug: session_id: "b60439002c9db3e601ee208ba0da29ea"
emotion_response: "Admiration Joy Anticipation"

[16:45:25] ConvaiGRPCLog : Log : Chatbot Total Received Lipsync Responses: 1079 Responses
[16:45:25] ConvaiGRPCLog : Log : Received Text : | Character ID : ac032e3a-931c-11f0-8bf1-42010a7be01f | Session ID : 5076df6d50310807c6a9add19b33f7e9 | ReceivedFinalResponse : True
[16:45:25] ConvaiGRPCLog : Log : GetResponse SequenceString: 
[16:45:25] ConvaiGRPCLog : Log : GetResponse EmotionResponseDebug: session_id: "9ad54129595e63d00e72da14e3d1ac33"
emotion_response: "Serenity"

[16:45:25] ConvaiGRPCLog : Log : No more data to read after 3 attempts. Calling Finish...
[16:45:25] ConvaiGRPCLog : Log : Calling Stream Finish | Character ID : ac032e3a-931c-11f0-8bf1-42010a7be01f | Session ID : e3909b06c2115181f565e5cfaf5a5eca
[16:45:25] ConvaiGRPCLog : Log : On Stream Finish | Character ID : ac032e3a-931c-11f0-8bf1-42010a7be01f | Session ID : e3909b06c2115181f565e5cfaf5a5eca
[16:45:25] ConvaiGRPCLog : Log : Received Audio Chunk: 0.751519 secs | Character ID : ac032e3a-931c-11f0-8bf1-42010a7be01f | Session ID : 9ad54129595e63d00e72da14e3d1ac33
[16:45:25] ConvaiGRPCLog : Log : EmotionResponse: joy 1
[16:45:25] ConvaiAudioStreamerLog : Log : State transition: Stopped -> WaitingOnLipSync
[16:45:25] ConvaiGRPCLog : Log : Received Text Bonjour ! : | Character ID : ac032e3a-931c-11f0-8bf1-42010a7be01f | Session ID : 9ad54129595e63d00e72da14e3d1ac33 | ReceivedFinalResponse : False
[16:45:25] ConvaiGRPCLog : Log : GetResponse EmotionResponseDebug: session_id: "1b956e16af65eb7b48e61d4957d7f7a5"
emotion_response: "Trust Interest Serenity"

[16:45:25] ConvaiAudioStreamerLog : Log : New SampleRate: 44100
[16:45:25] ConvaiAudioStreamerLog : Log : New Channels: 1
[16:45:25] ConvaiAudioStreamerLog : Log : State transition: WaitingOnLipSync -> Playing
[16:45:25] ConvaiAudioStreamerLog : Log : State transition: Playing -> WaitingOnAudio
[16:45:25] ConvaiGRPCLog : Log : GetResponse EmotionResponseDebug: session_id: "97c1be82cda024083c32136dc54b43f8"
emotion_response: "Trust Interest Serenity"

[16:45:25] ConvaiGRPCLog : Log : No more data to read after 3 attempts. Calling Finish...
[16:45:25] ConvaiGRPCLog : Log : Calling Stream Finish | Character ID : ac032e3a-931c-11f0-8bf1-42010a7be01f | Session ID : b60439002c9db3e601ee208ba0da29ea
[16:45:25] ConvaiGRPCLog : Log : On Stream Finish | Character ID : ac032e3a-931c-11f0-8bf1-42010a7be01f | Session ID : b60439002c9db3e601ee208ba0da29ea
[16:45:25] ConvaiGRPCLog : Log : GetResponse EmotionResponseDebug: session_id: "e4809767a12f3d06f1d22f44c82f8fff"
emotion_response: "Trust"

[16:45:25] ConvaiGRPCLog : Log : GetResponse EmotionResponseDebug: session_id: "a2c27965d2ac2d12106751d2212bcaee"
emotion_response: "Trust"

[16:45:25] ConvaiGRPCLog : Log : GetResponse EmotionResponseDebug: session_id: "9ad54129595e63d00e72da14e3d1ac33"
emotion_response: "Serenity"

[16:45:25] ConvaiGRPCLog : Log : Received Audio Chunk: 0.870612 secs | Character ID : ac032e3a-931c-11f0-8bf1-42010a7be01f | Session ID : 9ad54129595e63d00e72da14e3d1ac33
[16:45:25] ConvaiGRPCLog : Log : EmotionResponse: joy 1
[16:45:25] ConvaiAudioStreamerLog : Log : State transition: WaitingOnAudio -> Playing
[16:45:25] ConvaiGRPCLog : Log : Received Text Je suis Malia. : | Character ID : ac032e3a-931c-11f0-8bf1-42010a7be01f | Session ID : 9ad54129595e63d00e72da14e3d1ac33 | ReceivedFinalResponse : False
[16:45:25] ConvaiAudioStreamerLog : Log : State transition: Playing -> WaitingOnAudio
[16:45:25] ConvaiGRPCLog : Log : GetResponse EmotionResponseDebug: session_id: "dda68965d7422ec385f48c6da2264100"
emotion_response: "Admiration Anticipation"

[16:45:25] ConvaiGRPCLog : Log : GetResponse EmotionResponseDebug: session_id: "6abaa8e62d500911afb30a079418202c"
emotion_response: "Acceptance Interest Serenity"

[16:45:25] ConvaiGRPCLog : Log : GetResponse EmotionResponseDebug: session_id: "9ad54129595e63d00e72da14e3d1ac33"
emotion_response: "Trust"

[16:45:26] ConvaiGRPCLog : Log : No more data to read after 3 attempts. Calling Finish...
[16:45:26] ConvaiGRPCLog : Log : Calling Stream Finish | Character ID : ac032e3a-931c-11f0-8bf1-42010a7be01f | Session ID : 1b956e16af65eb7b48e61d4957d7f7a5
[16:45:26] ConvaiGRPCLog : Log : On Stream Finish | Character ID : ac032e3a-931c-11f0-8bf1-42010a7be01f | Session ID : 1b956e16af65eb7b48e61d4957d7f7a5
[16:45:26] ConvaiGRPCLog : Log : GetResponse EmotionResponseDebug: session_id: "a59caac683001af010179af1e28c2b18"
emotion_response: "Joy Trust Interest"

[16:45:26] ConvaiGRPCLog : Log : GetResponse EmotionResponseDebug: session_id: "5076df6d50310807c6a9add19b33f7e9"
emotion_response: "Trust Interest Serenity"

[16:45:26] ConvaiGRPCLog : Log : GetResponse EmotionResponseDebug: session_id: "9ad54129595e63d00e72da14e3d1ac33"
emotion_response: "Serenity"

[16:45:26] ConvaiGRPCLog : Log : Received Audio Chunk: 1.228594 secs | Character ID : ac032e3a-931c-11f0-8bf1-42010a7be01f | Session ID : 9ad54129595e63d00e72da14e3d1ac33
[16:45:26] ConvaiGRPCLog : Log : EmotionResponse: joy 1
[16:45:26] ConvaiAudioStreamerLog : Log : State transition: WaitingOnAudio -> Playing
[16:45:26] ConvaiGRPCLog : Log : Received Text Ravi de vous rencontrer. : | Character ID : ac032e3a-931c-11f0-8bf1-42010a7be01f | Session ID : 9ad54129595e63d00e72da14e3d1ac33 | ReceivedFinalResponse : False
[16:45:26] ConvaiGRPCLog : Log : No more data to read after 3 attempts. Calling Finish...
[16:45:26] ConvaiGRPCLog : Log : Calling Stream Finish | Character ID : ac032e3a-931c-11f0-8bf1-42010a7be01f | Session ID : 97c1be82cda024083c32136dc54b43f8
[16:45:26] ConvaiGRPCLog : Log : No more data to read after 3 attempts. Calling Finish...
[16:45:26] ConvaiGRPCLog : Log : Calling Stream Finish | Character ID : ac032e3a-931c-11f0-8bf1-42010a7be01f | Session ID : e4809767a12f3d06f1d22f44c82f8fff
[16:45:26] ConvaiGRPCLog : Log : On Stream Finish | Character ID : ac032e3a-931c-11f0-8bf1-42010a7be01f | Session ID : 97c1be82cda024083c32136dc54b43f8
[16:45:26] ConvaiGRPCLog : Log : On Stream Finish | Character ID : ac032e3a-931c-11f0-8bf1-42010a7be01f | Session ID : e4809767a12f3d06f1d22f44c82f8fff
[16:45:26] ConvaiGRPCLog : Log : No more data to read after 3 attempts. Calling Finish...
[16:45:26] ConvaiGRPCLog : Log : Calling Stream Finish | Character ID : ac032e3a-931c-11f0-8bf1-42010a7be01f | Session ID : a2c27965d2ac2d12106751d2212bcaee
[16:45:27] ConvaiGRPCLog : Log : On Stream Finish | Character ID : ac032e3a-931c-11f0-8bf1-42010a7be01f | Session ID : a2c27965d2ac2d12106751d2212bcaee
[16:45:27] ConvaiGRPCLog : Log : No more data to read after 3 attempts. Calling Finish...
[16:45:27] ConvaiGRPCLog : Log : Calling Stream Finish | Character ID : ac032e3a-931c-11f0-8bf1-42010a7be01f | Session ID : dda68965d7422ec385f48c6da2264100
[16:45:27] ConvaiGRPCLog : Log : No more data to read after 3 attempts. Calling Finish...
[16:45:27] ConvaiGRPCLog : Log : Calling Stream Finish | Character ID : ac032e3a-931c-11f0-8bf1-42010a7be01f | Session ID : 6abaa8e62d500911afb30a079418202c
[16:45:27] ConvaiGRPCLog : Log : On Stream Finish | Character ID : ac032e3a-931c-11f0-8bf1-42010a7be01f | Session ID : dda68965d7422ec385f48c6da2264100
[16:45:27] ConvaiGRPCLog : Log : On Stream Finish | Character ID : ac032e3a-931c-11f0-8bf1-42010a7be01f | Session ID : 6abaa8e62d500911afb30a079418202c
[16:45:27] ConvaiAudioStreamerLog : Log : State transition: Playing -> WaitingOnAudio
[16:45:27] ConvaiGRPCLog : Log : GetResponse EmotionResponseDebug: session_id: "9ad54129595e63d00e72da14e3d1ac33"
emotion_response: "Serenity"

[16:45:27] ConvaiGRPCLog : Log : Received Audio Chunk: 1.314444 secs | Character ID : ac032e3a-931c-11f0-8bf1-42010a7be01f | Session ID : 9ad54129595e63d00e72da14e3d1ac33
[16:45:27] ConvaiGRPCLog : Log : EmotionResponse: joy 1
[16:45:27] ConvaiAudioStreamerLog : Log : State transition: WaitingOnAudio -> Playing
[16:45:27] ConvaiGRPCLog : Log : Received Text Comment allez-vous aujourd'hui ?: | Character ID : ac032e3a-931c-11f0-8bf1-42010a7be01f | Session ID : 9ad54129595e63d00e72da14e3d1ac33 | ReceivedFinalResponse : False
[16:45:27] ConvaiGRPCLog : Log : No more data to read after 3 attempts. Calling Finish...
[16:45:27] ConvaiGRPCLog : Log : Calling Stream Finish | Character ID : ac032e3a-931c-11f0-8bf1-42010a7be01f | Session ID : 9ad54129595e63d00e72da14e3d1ac33
[16:45:27] ConvaiGRPCLog : Log : On Stream Finish | Character ID : ac032e3a-931c-11f0-8bf1-42010a7be01f | Session ID : 9ad54129595e63d00e72da14e3d1ac33
[16:45:27] ConvaiGRPCLog : Log : No more data to read after 3 attempts. Calling Finish...
[16:45:27] ConvaiGRPCLog : Log : Calling Stream Finish | Character ID : ac032e3a-931c-11f0-8bf1-42010a7be01f | Session ID : 5076df6d50310807c6a9add19b33f7e9
[16:45:27] ConvaiGRPCLog : Log : No more data to read after 3 attempts. Calling Finish...
[16:45:27] ConvaiGRPCLog : Log : Calling Stream Finish | Character ID : ac032e3a-931c-11f0-8bf1-42010a7be01f | Session ID : a59caac683001af010179af1e28c2b18
[16:45:27] ConvaiGRPCLog : Log : On Stream Finish | Character ID : ac032e3a-931c-11f0-8bf1-42010a7be01f | Session ID : 5076df6d50310807c6a9add19b33f7e9
[16:45:27] ConvaiGRPCLog : Log : On Stream Finish | Character ID : ac032e3a-931c-11f0-8bf1-42010a7be01f | Session ID : a59caac683001af010179af1e28c2b18
[16:45:27] ConvaiAudioStreamerLog : Log : State transition: Playing -> WaitingOnAudio
[16:45:27] ConvaiGRPCLog : Log : Chatbot Total Received Lipsync Responses: 419 Responses
[16:45:27] ConvaiChatbotComponentLog : Log : Chatbot Total Received Audio: 4.161088 seconds
[16:45:27] ConvaiGRPCLog : Log : Received Text : | Character ID : ac032e3a-931c-11f0-8bf1-42010a7be01f | Session ID : 9ad54129595e63d00e72da14e3d1ac33 | ReceivedFinalResponse : True
[16:45:27] ConvaiGRPCLog : Log : GetResponse SequenceString: None
[16:45:27] ConvaiGRPCLog : Log : Action: None
[16:45:27] ConvaiGRPCLog : Log : GetResponse EmotionResponseDebug: session_id: "9ad54129595e63d00e72da14e3d1ac33"
emotion_response: "Trust Joy"

[16:45:28] ConvaiGRPCLog : Log : No more data to read after 3 attempts. Calling Finish...
[16:45:28] ConvaiGRPCLog : Log : Calling Stream Finish | Character ID : ac032e3a-931c-11f0-8bf1-42010a7be01f | Session ID : 9ad54129595e63d00e72da14e3d1ac33
[16:45:28] ConvaiGRPCLog : Log : On Stream Finish | Character ID : ac032e3a-931c-11f0-8bf1-42010a7be01f | Session ID : 9ad54129595e63d00e72da14e3d1ac33
[16:45:28] ConvaiChatbotComponentLog : Log : UConvaiChatbotComponent Request Finished! | Character ID : ac032e3a-931c-11f0-8bf1-42010a7be01f | Session ID : 9ad54129595e63d00e72da14e3d1ac33
[16:45:29] ConvaiAudioStreamerLog : Log : onAudioFinished
[16:45:29] ConvaiAudioStreamerLog : Log : State transition: WaitingOnAudio -> Playing
[16:45:29] ConvaiAudioStreamerLog : Log : onAudioFinished
[16:45:29] ConvaiAudioStreamerLog : Log : State transition: Playing -> WaitingOnAudio
[16:45:34] ConvaiAudioStreamerLog : Log : State transition: WaitingOnAudio -> Stopped
[16:45:34] ConvaiGRPCLog : Log : AsyncGetResponse started | Character ID : ac032e3a-931c-11f0-8bf1-42010a7be01f | Session ID : 9ad54129595e63d00e72da14e3d1ac33
[16:45:34] ConvaiGRPCLog : Log : GRPC GetResponse stream initialized | Character ID : ac032e3a-931c-11f0-8bf1-42010a7be01f | Session ID : 9ad54129595e63d00e72da14e3d1ac33
[16:45:34] ConvaiGRPCLog : Log : request: character_id: "ac032e3a-931c-11f0-8bf1-42010a7be01f"
api_key: "0d59d0e9911a2f0886cb47a3cf7925ab"
session_id: "9ad54129595e63d00e72da14e3d1ac33"
audio_config {
  sample_rate_hertz: 16000
  enable_facial_data: true
  face_model: FACE_MODEL_OVR_MODEL_NAME
}
action_config {
  actions: "Moves To"
  actions: "Follows"
  actions: "None"
  actions: "Stops"
  actions: "Waits for <time in seconds or character>"
  characters {
    name: "Player"
  }
  characters {
    name: "Malia"
  }
  characters {
    name: "Guest"
  }
  classification: "multistep"
}
speaker: "Player"
dynamic_info_config {
}
 | Character ID : ac032e3a-931c-11f0-8bf1-42010a7be01f | Session ID : 9ad54129595e63d00e72da14e3d1ac33
[16:45:34] ConvaiGRPCLog : Log : Initial Stream Write | Character ID : ac032e3a-931c-11f0-8bf1-42010a7be01f | Session ID : 9ad54129595e63d00e72da14e3d1ac33
[16:45:34] ConvaiGRPCLog : Log : Initial Stream Read | Character ID : ac032e3a-931c-11f0-8bf1-42010a7be01f | Session ID : 9ad54129595e63d00e72da14e3d1ac33
[16:45:34] ConvaiGRPCLog : Log : Sent UserQuery ca va: | Character ID : ac032e3a-931c-11f0-8bf1-42010a7be01f | Session ID : 9ad54129595e63d00e72da14e3d1ac33
[16:45:34] ConvaiGRPCLog : Log : Calling Stream WriteLast | Character ID : ac032e3a-931c-11f0-8bf1-42010a7be01f | Session ID : 9ad54129595e63d00e72da14e3d1ac33
[16:45:34] ConvaiGRPCLog : Log : OnStreamWriteDone
[16:45:34] ConvaiGRPCLog : Log : NumberOfAudioBytesSent 0
[16:45:37] ConvaiGRPCLog : Log : Received Audio Chunk: 1.246984 secs | Character ID : ac032e3a-931c-11f0-8bf1-42010a7be01f | Session ID : 9ad54129595e63d00e72da14e3d1ac33
[16:45:37] ConvaiGRPCLog : Log : EmotionResponse: neutral 1
[16:45:37] ConvaiAudioStreamerLog : Log : State transition: Stopped -> WaitingOnLipSync
[16:45:37] ConvaiGRPCLog : Log : Received Text Ah, c'est super. : | Character ID : ac032e3a-931c-11f0-8bf1-42010a7be01f | Session ID : 9ad54129595e63d00e72da14e3d1ac33 | ReceivedFinalResponse : False
[16:45:37] ConvaiAudioStreamerLog : Log : State transition: WaitingOnLipSync -> Playing
[16:45:37] ConvaiAudioStreamerLog : Log : State transition: Playing -> WaitingOnAudio
[16:45:37] ConvaiGRPCLog : Log : Received Audio Chunk: 1.955918 secs | Character ID : ac032e3a-931c-11f0-8bf1-42010a7be01f | Session ID : 9ad54129595e63d00e72da14e3d1ac33
[16:45:37] ConvaiGRPCLog : Log : EmotionResponse: neutral 1
[16:45:37] ConvaiAudioStreamerLog : Log : State transition: WaitingOnAudio -> Playing
[16:45:37] ConvaiGRPCLog : Log : Received Text J'espère que vous passez une bonne journée.: | Character ID : ac032e3a-931c-11f0-8bf1-42010a7be01f | Session ID : 9ad54129595e63d00e72da14e3d1ac33 | ReceivedFinalResponse : False
[16:45:37] ConvaiAudioStreamerLog : Log : State transition: Playing -> WaitingOnAudio
[16:45:37] ConvaiGRPCLog : Log : Chatbot Total Received Lipsync Responses: 321 Responses
[16:45:37] ConvaiChatbotComponentLog : Log : Chatbot Total Received Audio: 3.200862 seconds
[16:45:37] ConvaiGRPCLog : Log : Received Text : | Character ID : ac032e3a-931c-11f0-8bf1-42010a7be01f | Session ID : 9ad54129595e63d00e72da14e3d1ac33 | ReceivedFinalResponse : True
[16:45:37] ConvaiGRPCLog : Log : GetResponse SequenceString: None
[16:45:37] ConvaiGRPCLog : Log : Action: None
[16:45:37] ConvaiGRPCLog : Log : Destroying UConvaiGRPCGetResponseProxy... | Character ID : ac032e3a-931c-11f0-8bf1-42010a7be01f | Session ID : cf346b63f4f262e058da8505c656a20e
[16:45:37] ConvaiGRPCLog : Log : Destroying UConvaiGRPCGetResponseProxy... | Character ID : ac032e3a-931c-11f0-8bf1-42010a7be01f | Session ID : 9ad54129595e63d00e72da14e3d1ac33
[16:45:37] ConvaiGRPCLog : Log : Destroying UConvaiGRPCGetResponseProxy... | Character ID : ac032e3a-931c-11f0-8bf1-42010a7be01f | Session ID : 9ad54129595e63d00e72da14e3d1ac33
[16:45:37] ConvaiGRPCLog : Log : Destroying UConvaiGRPCGetResponseProxy... | Character ID : ac032e3a-931c-11f0-8bf1-42010a7be01f | Session ID : 5076df6d50310807c6a9add19b33f7e9
[16:45:37] ConvaiGRPCLog : Log : Destroying UConvaiGRPCGetResponseProxy... | Character ID : ac032e3a-931c-11f0-8bf1-42010a7be01f | Session ID : 6abaa8e62d500911afb30a079418202c
[16:45:37] ConvaiGRPCLog : Log : Destroying UConvaiGRPCGetResponseProxy... | Character ID : ac032e3a-931c-11f0-8bf1-42010a7be01f | Session ID : a2c27965d2ac2d12106751d2212bcaee
[16:45:37] ConvaiGRPCLog : Log : Destroying UConvaiGRPCGetResponseProxy... | Character ID : ac032e3a-931c-11f0-8bf1-42010a7be01f | Session ID : 97c1be82cda024083c32136dc54b43f8
[16:45:37] ConvaiGRPCLog : Log : Destroying UConvaiGRPCGetResponseProxy... | Character ID : ac032e3a-931c-11f0-8bf1-42010a7be01f | Session ID : e4809767a12f3d06f1d22f44c82f8fff
[16:45:37] ConvaiGRPCLog : Log : Destroying UConvaiGRPCGetResponseProxy... | Character ID : ac032e3a-931c-11f0-8bf1-42010a7be01f | Session ID : e3909b06c2115181f565e5cfaf5a5eca
[16:45:37] ConvaiGRPCLog : Log : Destroying UConvaiGRPCGetResponseProxy... | Character ID : ac032e3a-931c-11f0-8bf1-42010a7be01f | Session ID : dda68965d7422ec385f48c6da2264100
[16:45:37] ConvaiGRPCLog : Log : Destroying UConvaiGRPCGetResponseProxy... | Character ID : ac032e3a-931c-11f0-8bf1-42010a7be01f | Session ID : b60439002c9db3e601ee208ba0da29ea
[16:45:37] ConvaiGRPCLog : Log : Destroying UConvaiGRPCGetResponseProxy... | Character ID : ac032e3a-931c-11f0-8bf1-42010a7be01f | Session ID : 1b956e16af65eb7b48e61d4957d7f7a5
[16:45:37] ConvaiGRPCLog : Log : Destroying UConvaiGRPCGetResponseProxy... | Character ID : ac032e3a-931c-11f0-8bf1-42010a7be01f | Session ID : a59caac683001af010179af1e28c2b18
[16:45:38] ConvaiGRPCLog : Log : GetResponse EmotionResponseDebug: session_id: "9ad54129595e63d00e72da14e3d1ac33"
emotion_response: "Acceptance Interest Serenity"

[16:45:39] ConvaiGRPCLog : Log : No more data to read after 3 attempts. Calling Finish...
[16:45:39] ConvaiGRPCLog : Log : Calling Stream Finish | Character ID : ac032e3a-931c-11f0-8bf1-42010a7be01f | Session ID : 9ad54129595e63d00e72da14e3d1ac33
[16:45:39] ConvaiGRPCLog : Log : On Stream Finish | Character ID : ac032e3a-931c-11f0-8bf1-42010a7be01f | Session ID : 9ad54129595e63d00e72da14e3d1ac33
[16:45:39] ConvaiChatbotComponentLog : Log : UConvaiChatbotComponent Request Finished! | Character ID : ac032e3a-931c-11f0-8bf1-42010a7be01f | Session ID : 9ad54129595e63d00e72da14e3d1ac33
[16:45:40] ConvaiAudioStreamerLog : Log : onAudioFinished
[16:45:40] ConvaiAudioStreamerLog : Log : State transition: WaitingOnAudio -> Playing
[16:45:40] ConvaiAudioStreamerLog : Log : onAudioFinished
[16:45:40] ConvaiAudioStreamerLog : Log : State transition: Playing -> WaitingOnAudio
[16:45:48] ConvaiAudioStreamerLog : Log : State transition: WaitingOnAudio -> Stopped
[16:45:48] ConvaiGRPCLog : Log : AsyncGetResponse started | Character ID : ac032e3a-931c-11f0-8bf1-42010a7be01f | Session ID : 9ad54129595e63d00e72da14e3d1ac33
[16:45:48] ConvaiGRPCLog : Log : GRPC GetResponse stream initialized | Character ID : ac032e3a-931c-11f0-8bf1-42010a7be01f | Session ID : 9ad54129595e63d00e72da14e3d1ac33
[16:45:48] ConvaiGRPCLog : Log : request: character_id: "ac032e3a-931c-11f0-8bf1-42010a7be01f"
api_key: "0d59d0e9911a2f0886cb47a3cf7925ab"
session_id: "9ad54129595e63d00e72da14e3d1ac33"
audio_config {
  sample_rate_hertz: 16000
  enable_facial_data: true
  face_model: FACE_MODEL_OVR_MODEL_NAME
}
action_config {
  actions: "Moves To"
  actions: "Follows"
  actions: "None"
  actions: "Stops"
  actions: "Waits for <time in seconds or character>"
  characters {
    name: "Player"
  }
  characters {
    name: "Malia"
  }
  characters {
    name: "Guest"
  }
  classification: "multistep"
}
speaker: "Player"
dynamic_info_config {
}
 | Character ID : ac032e3a-931c-11f0-8bf1-42010a7be01f | Session ID : 9ad54129595e63d00e72da14e3d1ac33
[16:45:48] ConvaiGRPCLog : Log : Initial Stream Write | Character ID : ac032e3a-931c-11f0-8bf1-42010a7be01f | Session ID : 9ad54129595e63d00e72da14e3d1ac33
[16:45:48] ConvaiGRPCLog : Log : Initial Stream Read | Character ID : ac032e3a-931c-11f0-8bf1-42010a7be01f | Session ID : 9ad54129595e63d00e72da14e3d1ac33
[16:45:48] ConvaiGRPCLog : Log : Sent UserQuery et toi: | Character ID : ac032e3a-931c-11f0-8bf1-42010a7be01f | Session ID : 9ad54129595e63d00e72da14e3d1ac33
[16:45:48] ConvaiGRPCLog : Log : Calling Stream WriteLast | Character ID : ac032e3a-931c-11f0-8bf1-42010a7be01f | Session ID : 9ad54129595e63d00e72da14e3d1ac33
[16:45:48] ConvaiGRPCLog : Log : OnStreamWriteDone
[16:45:48] ConvaiGRPCLog : Log : NumberOfAudioBytesSent 0
[16:45:50] ConvaiGRPCLog : Log : Received Audio Chunk: 1.261315 secs | Character ID : ac032e3a-931c-11f0-8bf1-42010a7be01f | Session ID : 9ad54129595e63d00e72da14e3d1ac33
[16:45:50] ConvaiGRPCLog : Log : EmotionResponse: neutral 1
[16:45:50] ConvaiAudioStreamerLog : Log : State transition: Stopped -> WaitingOnLipSync
[16:45:50] ConvaiGRPCLog : Log : Received Text Très bien, merci ! : | Character ID : ac032e3a-931c-11f0-8bf1-42010a7be01f | Session ID : 9ad54129595e63d00e72da14e3d1ac33 | ReceivedFinalResponse : False
[16:45:50] ConvaiAudioStreamerLog : Log : State transition: WaitingOnLipSync -> Playing
[16:45:51] ConvaiAudioStreamerLog : Log : State transition: Playing -> WaitingOnAudio
[16:45:51] ConvaiGRPCLog : Log : Received Audio Chunk: 1.893447 secs | Character ID : ac032e3a-931c-11f0-8bf1-42010a7be01f | Session ID : 9ad54129595e63d00e72da14e3d1ac33
[16:45:51] ConvaiGRPCLog : Log : EmotionResponse: neutral 1
[16:45:51] ConvaiAudioStreamerLog : Log : State transition: WaitingOnAudio -> Playing
[16:45:51] ConvaiGRPCLog : Log : Received Text Je suis ravie de discuter avec vous.: | Character ID : ac032e3a-931c-11f0-8bf1-42010a7be01f | Session ID : 9ad54129595e63d00e72da14e3d1ac33 | ReceivedFinalResponse : False
[16:45:51] ConvaiAudioStreamerLog : Log : State transition: Playing -> WaitingOnAudio
[16:45:51] ConvaiGRPCLog : Log : Chatbot Total Received Lipsync Responses: 317 Responses
[16:45:51] ConvaiChatbotComponentLog : Log : Chatbot Total Received Audio: 3.152721 seconds
[16:45:51] ConvaiGRPCLog : Log : Received Text : | Character ID : ac032e3a-931c-11f0-8bf1-42010a7be01f | Session ID : 9ad54129595e63d00e72da14e3d1ac33 | ReceivedFinalResponse : True
[16:45:51] ConvaiGRPCLog : Log : GetResponse SequenceString: None
[16:45:51] ConvaiGRPCLog : Log : Action: None
[16:45:52] ConvaiGRPCLog : Log : GetResponse EmotionResponseDebug: session_id: "9ad54129595e63d00e72da14e3d1ac33"
emotion_response: "Serenity Acceptance"

[16:45:53] ConvaiGRPCLog : Log : No more data to read after 3 attempts. Calling Finish...
[16:45:53] ConvaiGRPCLog : Log : Calling Stream Finish | Character ID : ac032e3a-931c-11f0-8bf1-42010a7be01f | Session ID : 9ad54129595e63d00e72da14e3d1ac33
[16:45:53] ConvaiGRPCLog : Log : On Stream Finish | Character ID : ac032e3a-931c-11f0-8bf1-42010a7be01f | Session ID : 9ad54129595e63d00e72da14e3d1ac33
[16:45:53] ConvaiChatbotComponentLog : Log : UConvaiChatbotComponent Request Finished! | Character ID : ac032e3a-931c-11f0-8bf1-42010a7be01f | Session ID : 9ad54129595e63d00e72da14e3d1ac33
[16:45:54] ConvaiAudioStreamerLog : Log : onAudioFinished
[16:45:54] ConvaiAudioStreamerLog : Log : State transition: WaitingOnAudio -> Playing
[16:45:54] ConvaiAudioStreamerLog : Log : onAudioFinished
[16:45:54] ConvaiAudioStreamerLog : Log : State transition: Playing -> WaitingOnAudio
[16:46:00] ConvaiAudioStreamerLog : Log : State transition: WaitingOnAudio -> Stopped
[16:46:00] ConvaiGRPCLog : Log : AsyncGetResponse started | Character ID : ac032e3a-931c-11f0-8bf1-42010a7be01f | Session ID : 9ad54129595e63d00e72da14e3d1ac33
[16:46:00] ConvaiGRPCLog : Log : GRPC GetResponse stream initialized | Character ID : ac032e3a-931c-11f0-8bf1-42010a7be01f | Session ID : 9ad54129595e63d00e72da14e3d1ac33
[16:46:00] ConvaiGRPCLog : Log : request: character_id: "ac032e3a-931c-11f0-8bf1-42010a7be01f"
api_key: "0d59d0e9911a2f0886cb47a3cf7925ab"
session_id: "9ad54129595e63d00e72da14e3d1ac33"
audio_config {
  sample_rate_hertz: 16000
  enable_facial_data: true
  face_model: FACE_MODEL_OVR_MODEL_NAME
}
action_config {
  actions: "Moves To"
  actions: "Follows"
  actions: "None"
  actions: "Stops"
  actions: "Waits for <time in seconds or character>"
  characters {
    name: "Player"
  }
  characters {
    name: "Malia"
  }
  characters {
    name: "Guest"
  }
  classification: "multistep"
}
speaker: "Player"
dynamic_info_config {
}
 | Character ID : ac032e3a-931c-11f0-8bf1-42010a7be01f | Session ID : 9ad54129595e63d00e72da14e3d1ac33
[16:46:00] ConvaiGRPCLog : Log : Initial Stream Write | Character ID : ac032e3a-931c-11f0-8bf1-42010a7be01f | Session ID : 9ad54129595e63d00e72da14e3d1ac33
[16:46:00] ConvaiGRPCLog : Log : Initial Stream Read | Character ID : ac032e3a-931c-11f0-8bf1-42010a7be01f | Session ID : 9ad54129595e63d00e72da14e3d1ac33
[16:46:00] ConvaiGRPCLog : Log : Sent UserQuery discuter quo: | Character ID : ac032e3a-931c-11f0-8bf1-42010a7be01f | Session ID : 9ad54129595e63d00e72da14e3d1ac33
[16:46:00] ConvaiGRPCLog : Log : Calling Stream WriteLast | Character ID : ac032e3a-931c-11f0-8bf1-42010a7be01f | Session ID : 9ad54129595e63d00e72da14e3d1ac33
[16:46:00] ConvaiGRPCLog : Log : OnStreamWriteDone
[16:46:00] ConvaiGRPCLog : Log : NumberOfAudioBytesSent 0
[16:46:03] ConvaiGRPCLog : Log : Received Audio Chunk: 8.609524 secs | Character ID : ac032e3a-931c-11f0-8bf1-42010a7be01f | Session ID : 9ad54129595e63d00e72da14e3d1ac33
[16:46:03] ConvaiGRPCLog : Log : EmotionResponse: neutral 1
[16:46:03] ConvaiAudioStreamerLog : Log : State transition: Stopped -> WaitingOnLipSync
[16:46:03] ConvaiGRPCLog : Log : Received Text Eh bien, j'étais en train de réfléchir à une affirmation intéressante : "Les droitiers respirent plus d'oxygène." Qu'en pensez-vous, est-ce vrai ou faux selon vous ?: | Character ID : ac032e3a-931c-11f0-8bf1-42010a7be01f | Session ID : 9ad54129595e63d00e72da14e3d1ac33 | ReceivedFinalResponse : False
[16:46:03] ConvaiAudioStreamerLog : Log : State transition: WaitingOnLipSync -> Playing
[16:46:03] ConvaiAudioStreamerLog : Log : State transition: Playing -> WaitingOnAudio
[16:46:03] ConvaiGRPCLog : Log : Chatbot Total Received Lipsync Responses: 861 Responses
[16:46:03] ConvaiChatbotComponentLog : Log : Chatbot Total Received Audio: 8.608503 seconds
[16:46:03] ConvaiGRPCLog : Log : Received Text : | Character ID : ac032e3a-931c-11f0-8bf1-42010a7be01f | Session ID : 9ad54129595e63d00e72da14e3d1ac33 | ReceivedFinalResponse : True
[16:46:03] ConvaiGRPCLog : Log : GetResponse SequenceString: None
[16:46:03] ConvaiGRPCLog : Log : Action: None
[16:46:04] ConvaiGRPCLog : Log : GetResponse EmotionResponseDebug: session_id: "9ad54129595e63d00e72da14e3d1ac33"
emotion_response: "Serenity Acceptance"

[16:46:05] ConvaiGRPCLog : Log : No more data to read after 3 attempts. Calling Finish...
[16:46:05] ConvaiGRPCLog : Log : Calling Stream Finish | Character ID : ac032e3a-931c-11f0-8bf1-42010a7be01f | Session ID : 9ad54129595e63d00e72da14e3d1ac33
[16:46:05] ConvaiGRPCLog : Log : On Stream Finish | Character ID : ac032e3a-931c-11f0-8bf1-42010a7be01f | Session ID : 9ad54129595e63d00e72da14e3d1ac33
[16:46:05] ConvaiChatbotComponentLog : Log : UConvaiChatbotComponent Request Finished! | Character ID : ac032e3a-931c-11f0-8bf1-42010a7be01f | Session ID : 9ad54129595e63d00e72da14e3d1ac33
[16:46:11] ConvaiAudioStreamerLog : Log : onAudioFinished
[16:46:11] ConvaiAudioStreamerLog : Log : State transition: WaitingOnAudio -> Playing
[16:46:11] ConvaiAudioStreamerLog : Log : onAudioFinished
[16:46:11] ConvaiAudioStreamerLog : Log : State transition: Playing -> WaitingOnAudio
[16:46:16] ConvaiSubsystemLog : Verbose : Unregistered player component: ConvaiPlayer
[16:46:16] ConvaiSubsystemLog : Log : UConvaiSubsystem Stopped
[16:46:16] ConvaiSubsystemLog : Log : End Run
[16:46:16] ConvaiGRPCLog : Log : Destroying UConvaiGRPCGetResponseProxy... | Character ID : ac032e3a-931c-11f0-8bf1-42010a7be01f | Session ID : 9ad54129595e63d00e72da14e3d1ac33
[16:46:16] ConvaiChatbotComponentLog : Log : Cleanup | Character ID : ac032e3a-931c-11f0-8bf1-42010a7be01f | Session ID : 9ad54129595e63d00e72da14e3d1ac33
[16:46:16] ConvaiGRPCLog : Log : Destroying UConvaiGRPCGetResponseProxy... | Character ID : ac032e3a-931c-11f0-8bf1-42010a7be01f | Session ID : 9ad54129595e63d00e72da14e3d1ac33
[16:46:16] ConvaiGRPCLog : Log : Destroying UConvaiGRPCGetResponseProxy... | Character ID : ac032e3a-931c-11f0-8bf1-42010a7be01f | Session ID : 9ad54129595e63d00e72da14e3d1ac33
[16:47:11] ConvaiChatbotComponentLog : Log : Cleanup | Character ID :  | Session ID : -1
[16:47:11] ConvaiChatbotComponentLog : Log : Cleanup | Character ID : ac032e3a-931c-11f0-8bf1-42010a7be01f | Session ID : -1
[16:47:11] ConvaiChatbotComponentLog : Log : Cleanup | Character ID :  | Session ID : -1
[16:47:20] ConvaiChatbotComponentLog : Log : Cleanup | Character ID :  | Session ID : -1
[16:47:20] ConvaiChatbotComponentLog : Log : Cleanup | Character ID :  | Session ID : -1
[16:47:20] ConvaiChatbotComponentLog : Log : Cleanup | Character ID : ac032e3a-931c-11f0-8bf1-42010a7be01f | Session ID : -1
[16:47:20] ConvaiChatbotComponentLog : Log : Cleanup | Character ID :  | Session ID : -1
[16:47:20] ConvaiChatbotComponentLog : Log : Cleanup | Character ID :  | Session ID : -1
[16:47:20] ConvaiChatbotComponentLog : Log : Cleanup | Character ID : ac032e3a-931c-11f0-8bf1-42010a7be01f | Session ID : -1
[16:47:20] ConvaiChatbotComponentLog : Log : Cleanup | Character ID :  | Session ID : -1
[16:47:20] ConvaiChatbotComponentLog : Log : Cleanup | Character ID : ac032e3a-931c-11f0-8bf1-42010a7be01f | Session ID : -1
[16:47:20] ConvaiChatbotComponentLog : Log : Cleanup | Character ID :  | Session ID : -1
[16:47:20] ConvaiChatbotComponentLog : Log : Cleanup | Character ID : ac032e3a-931c-11f0-8bf1-42010a7be01f | Session ID : -1
[16:51:16] ConvaiChatbotComponentLog : Log : Cleanup | Character ID :  | Session ID : -1
[16:51:16] ConvaiChatbotComponentLog : Log : Cleanup | Character ID : ac032e3a-931c-11f0-8bf1-42010a7be01f | Session ID : -1
[16:51:16] ConvaiChatbotComponentLog : Log : Cleanup | Character ID :  | Session ID : -1
[16:51:16] ConvaiChatbotComponentLog : Log : Cleanup | Character ID : ac032e3a-931c-11f0-8bf1-42010a7be01f | Session ID : -1
[16:51:16] ConvaiSubsystemLog : Log : gRPC Creating Channel...
[16:51:16] ConvaiSubsystemLog : Log : UConvaiSubsystem Started
[16:51:16] ConvaiSubsystemLog : Log : Start Run
[16:51:16] ConvaiPlayerLog : Log : UConvaiPlayerComponent: Found submix "AudioInput"
[16:51:16] ConvaiSubsystemLog : Verbose : Registered player component: ConvaiPlayer
[16:51:18] ConvaiSubsystemLog : Verbose : Unregistered player component: ConvaiPlayer
[16:51:18] ConvaiSubsystemLog : Log : UConvaiSubsystem Stopped
[16:51:18] ConvaiSubsystemLog : Log : End Run
[16:51:18] ConvaiChatbotComponentLog : Log : Cleanup | Character ID : ac032e3a-931c-11f0-8bf1-42010a7be01f | Session ID : -1
[16:51:18] ConvaiChatbotComponentLog : Log : Cleanup | Character ID : ac032e3a-931c-11f0-8bf1-42010a7be01f | Session ID : -1
[16:59:57] ConvaiSubsystemLog : Log : gRPC Creating Channel...
[16:59:57] ConvaiSubsystemLog : Log : UConvaiSubsystem Started
[16:59:57] ConvaiSubsystemLog : Log : Start Run
[16:59:57] ConvaiPlayerLog : Log : UConvaiPlayerComponent: Found submix "AudioInput"
[16:59:57] ConvaiSubsystemLog : Verbose : Registered player component: ConvaiPlayer
[16:59:58] ConvaiSubsystemLog : Verbose : Unregistered player component: ConvaiPlayer
[16:59:58] ConvaiSubsystemLog : Log : UConvaiSubsystem Stopped
[16:59:58] ConvaiSubsystemLog : Log : End Run
[16:59:58] ConvaiChatbotComponentLog : Log : Cleanup | Character ID : ac032e3a-931c-11f0-8bf1-42010a7be01f | Session ID : -1
[17:02:47] ConvaiSubsystemLog : Log : gRPC Creating Channel...
[17:02:47] ConvaiSubsystemLog : Log : Start Run
[17:02:47] ConvaiSubsystemLog : Log : UConvaiSubsystem Started
[17:02:47] ConvaiPlayerLog : Log : UConvaiPlayerComponent: Found submix "AudioInput"
[17:02:47] ConvaiSubsystemLog : Verbose : Registered player component: ConvaiPlayer
[17:02:52] ConvaiSubsystemLog : Verbose : Unregistered player component: ConvaiPlayer
[17:02:52] ConvaiSubsystemLog : Log : UConvaiSubsystem Stopped
[17:02:52] ConvaiSubsystemLog : Log : End Run
[17:02:52] ConvaiChatbotComponentLog : Log : Cleanup | Character ID : ac032e3a-931c-11f0-8bf1-42010a7be01f | Session ID : -1
[17:02:52] ConvaiChatbotComponentLog : Log : Cleanup | Character ID : ac032e3a-931c-11f0-8bf1-42010a7be01f | Session ID : -1
[17:02:52] ConvaiChatbotComponentLog : Log : Cleanup | Character ID : ac032e3a-931c-11f0-8bf1-42010a7be01f | Session ID : -1
[17:02:52] ConvaiChatbotComponentLog : Log : Cleanup | Character ID : ac032e3a-931c-11f0-8bf1-42010a7be01f | Session ID : -1
[17:04:50] ConvaiChatbotComponentLog : Log : Cleanup | Character ID : ac032e3a-931c-11f0-8bf1-42010a7be01f | Session ID : -1
[17:04:50] ConvaiChatbotComponentLog : Log : Cleanup | Character ID : ac032e3a-931c-11f0-8bf1-42010a7be01f | Session ID : -1
[17:04:50] ConvaiChatbotComponentLog : Log : Cleanup | Character ID : ac032e3a-931c-11f0-8bf1-42010a7be01f | Session ID : -1
[17:04:52] ConvaiChatbotComponentLog : Log : Cleanup | Character ID : ac032e3a-931c-11f0-8bf1-42010a7be01f | Session ID : -1
[17:04:52] ConvaiChatbotComponentLog : Log : Cleanup | Character ID : ac032e3a-931c-11f0-8bf1-42010a7be01f | Session ID : -1
[17:04:52] ConvaiChatbotComponentLog : Log : Cleanup | Character ID : ac032e3a-931c-11f0-8bf1-42010a7be01f | Session ID : -1
[17:04:52] ConvaiChatbotComponentLog : Log : Cleanup | Character ID : ac032e3a-931c-11f0-8bf1-42010a7be01f | Session ID : -1
[17:04:52] ConvaiChatbotComponentLog : Log : Cleanup | Character ID : ac032e3a-931c-11f0-8bf1-42010a7be01f | Session ID : -1
[17:05:06] ConvaiSubsystemLog : Log : gRPC Creating Channel...
[17:05:06] ConvaiSubsystemLog : Log : Start Run
[17:05:06] ConvaiSubsystemLog : Log : UConvaiSubsystem Started
[17:05:06] ConvaiPlayerLog : Log : UConvaiPlayerComponent: Found submix "AudioInput"
[17:05:06] ConvaiSubsystemLog : Verbose : Registered player component: ConvaiPlayer
[17:05:07] ConvaiSubsystemLog : Verbose : Unregistered player component: ConvaiPlayer
[17:05:07] ConvaiSubsystemLog : Log : UConvaiSubsystem Stopped
[17:05:07] ConvaiSubsystemLog : Log : End Run
[17:05:08] ConvaiChatbotComponentLog : Log : Cleanup | Character ID : ac032e3a-931c-11f0-8bf1-42010a7be01f | Session ID : -1
[17:17:20] ConvaiChatbotComponentLog : Log : Cleanup | Character ID : ac032e3a-931c-11f0-8bf1-42010a7be01f | Session ID : -1
[17:17:20] ConvaiChatbotComponentLog : Log : Cleanup | Character ID : ac032e3a-931c-11f0-8bf1-42010a7be01f | Session ID : -1
[17:17:20] ConvaiChatbotComponentLog : Log : Cleanup | Character ID : ac032e3a-931c-11f0-8bf1-42010a7be01f | Session ID : -1
[17:17:21] ConvaiChatbotComponentLog : Log : Cleanup | Character ID : ac032e3a-931c-11f0-8bf1-42010a7be01f | Session ID : -1
[17:17:36] ConvaiChatbotComponentLog : Log : Cleanup | Character ID : ac032e3a-931c-11f0-8bf1-42010a7be01f | Session ID : -1
[17:17:36] ConvaiSubsystemLog : Log : gRPC Creating Channel...
[17:17:36] ConvaiSubsystemLog : Log : UConvaiSubsystem Started
[17:17:36] ConvaiSubsystemLog : Log : Start Run
[17:17:36] ConvaiPlayerLog : Log : UConvaiPlayerComponent: Found submix "AudioInput"
[17:17:36] ConvaiSubsystemLog : Verbose : Registered player component: ConvaiPlayer
[17:17:37] ConvaiSubsystemLog : Verbose : Unregistered player component: ConvaiPlayer
[17:17:37] ConvaiSubsystemLog : Log : UConvaiSubsystem Stopped
[17:17:37] ConvaiSubsystemLog : Log : End Run
[17:17:37] ConvaiChatbotComponentLog : Log : Cleanup | Character ID : ac032e3a-931c-11f0-8bf1-42010a7be01f | Session ID : -1
[17:18:43] ConvaiSubsystemLog : Log : gRPC Creating Channel...
[17:18:43] ConvaiSubsystemLog : Log : UConvaiSubsystem Started
[17:18:43] ConvaiSubsystemLog : Log : Start Run
[17:18:43] ConvaiPlayerLog : Log : UConvaiPlayerComponent: Found submix "AudioInput"
[17:18:43] ConvaiSubsystemLog : Verbose : Registered player component: ConvaiPlayer
[17:18:58] ConvaiSubsystemLog : Verbose : Unregistered player component: ConvaiPlayer
[17:18:58] ConvaiSubsystemLog : Log : UConvaiSubsystem Stopped
[17:18:58] ConvaiSubsystemLog : Log : End Run
[17:18:58] ConvaiChatbotComponentLog : Log : Cleanup | Character ID : ac032e3a-931c-11f0-8bf1-42010a7be01f | Session ID : -1
[17:22:07] ConvaiChatbotComponentLog : Log : Cleanup | Character ID :  | Session ID : -1
[17:22:08] ConvaiChatbotComponentLog : Log : Cleanup | Character ID :  | Session ID : -1
[17:22:09] ConvaiGRPCLog : Log : Destroying UConvaiGRPCGetResponseProxy... | Character ID :  | Session ID : 
[17:22:09] ConvaiGRPCFeedBackLog : Log : On Stream Finish | Interaction ID :  | Feedback Text :  | ThumbsUp: False
[17:22:09] ConvaiChatbotComponentLog : Log : Cleanup | Character ID :  | Session ID : -1
[17:22:09] ConvaiChatbotComponentLog : Log : Cleanup | Character ID :  | Session ID : -1
[17:22:09] ConvaiChatbotComponentLog : Log : Cleanup | Character ID :  | Session ID : -1
[17:22:09] ConvaiChatbotComponentLog : Log : Cleanup | Character ID :  | Session ID : -1
[17:22:09] ConvaiChatbotComponentLog : Log : Cleanup | Character ID :  | Session ID : -1
[17:22:09] ConvaiChatbotComponentLog : Log : Cleanup | Character ID :  | Session ID : -1
[17:22:09] ConvaiChatbotComponentLog : Log : Cleanup | Character ID : ac032e3a-931c-11f0-8bf1-42010a7be01f | Session ID : -1
